ID,Delivery_person_ID,Delivery_person_Age,Delivery_person_Ratings,Restaurant_latitude,Restaurant_longitude,Delivery_location_latitude,Delivery_location_longitude,Time_Orderd,Time_Order_picked,Weatherconditions,Road_traffic_density,Vehicle_condition,Type_of_order,Type_of_vehicle,multiple_deliveries,Festival,City,Time_taken(min),Delivery_Distance_km,Preparation_Time,Order_Hour,Pickup_Hour,Peak_Hour,Driver_Category,Age_Group,Distance_Category
0x4607_x,INDORES13DEL02,37,4.9,22.745049,75.892471,22.765049,75.912471,1900-01-01 11:30:00,1900-01-01 11:45:00,4,0,2,3,3,0.0,1,3,24.0,3.0251492856775037,15.0,11,11,0,Excellent,36-45,Medium
0xb379_x,BANGRES18DEL02,34,4.5,12.913041,77.683237,13.043041,77.813237,1900-01-01 19:45:00,1900-01-01 19:50:00,3,1,2,3,4,1.0,1,1,33.0,20.183529728733618,5.0,19,19,1,Good,26-35,Very Long
0x20f7_x,BANGRES18DEL01,37,4.4,12.913041,77.683237,12.953041,77.723237,1900-01-01 13:50:00,1900-01-01 13:55:00,6,0,0,0,3,2.0,1,1,42.0,6.21086415606354,5.0,13,13,0,Average,36-45,Long
0x7804_x,HYDRES13DEL02,28,4.9,17.431477,78.40035,17.451477,78.42035,1900-01-01 11:00:00,1900-01-01 11:15:00,2,2,1,2,4,1.0,1,3,19.0,3.0736184684147863,15.0,11,11,0,Excellent,26-35,Medium
0x7faf_x,RANCHIRES07DEL01,37,4.6,23.359407,85.325055,23.429407,85.395055,1900-01-01 23:50:00,1900-01-01 00:00:00,3,2,0,2,3,1.0,1,1,25.0,10.56497410160339,10.0,23,0,0,Good,36-45,Very Long
0x5218_x,BANGRES02DEL02,20,4.7,12.970221,77.645396,13.100221,77.775396,1900-01-01 18:00:00,1900-01-01 18:10:00,4,3,1,1,4,0.0,1,1,14.0,20.18126391655723,10.0,18,18,1,Good,18-25,Very Long
0xcafe_x,ALHRES13DEL02,32,4.8,25.451646,81.832796,25.581646,81.962796,1900-01-01 22:15:00,1900-01-01 22:25:00,3,2,2,0,4,1.0,1,4,29.0,19.471476176410082,10.0,22,22,0,Excellent,26-35,Very Long
0x8c03_x,COIMBRES09DEL01,34,5.0,11.008638,76.984311,11.078638,77.054311,1900-01-01 18:30:00,1900-01-01 18:45:00,2,3,1,0,3,1.0,1,3,22.0,10.90628903651029,15.0,18,18,1,Excellent,26-35,Very Long
0xceec_x,KNPRES04DEL03,37,4.6,26.471529,80.313458,26.501529,80.343458,1900-01-01 17:50:00,1900-01-01 18:00:00,1,3,0,0,3,1.0,1,1,28.0,4.476870823146776,10.0,17,18,0,Good,36-45,Medium
0x38c6_x,JAPRES11DEL01,24,4.8,26.90294,75.793007,26.94294,75.833007,1900-01-01 13:20:00,1900-01-01 13:25:00,6,0,2,2,2,0.0,1,3,12.0,5.959018323622379,5.0,13,13,0,Excellent,18-25,Long
0x5d6d,BANGRES19DEL01,23,4.4,12.914264,77.6784,12.924264,77.6884,1900-01-01 08:30:00,1900-01-01 08:45:00,2,2,0,1,3,1.0,1,3,26.0,1.5527578022548725,15.0,8,8,1,Average,18-25,Short
0xfb5,VADRES05DEL01,23,4.2,22.310526,73.170937,22.380526,73.240937,1900-01-01 18:50:00,1900-01-01 18:55:00,3,3,0,0,3,1.0,1,3,35.0,10.602497166339631,5.0,18,18,1,Average,18-25,Very Long
0xa4a2,COIMBRES010DEL03,34,4.8,11.003008,76.97544,11.093008,77.06544,1900-01-01 23:55:00,1900-01-01 00:00:00,3,2,2,2,2,1.0,1,1,27.0,14.022268860182423,5.0,23,0,0,Excellent,26-35,Very Long
0x81ae,PUNERES17DEL03,22,4.7,18.530963,73.828972,18.560963,73.858972,1900-01-01 23:35:00,1900-01-01 23:40:00,4,2,2,1,4,0.0,1,4,22.0,4.596738270616882,5.0,23,23,0,Good,18-25,Medium
0xb52d,VADRES04DEL03,21,5.0,0.0,0.0,0.03,0.03,1900-01-01 17:35:00,1900-01-01 17:45:00,1,3,0,3,3,0.0,1,1,20.0,4.717601092054723,10.0,17,17,0,Excellent,18-25,Medium
0x61d6,JAPRES08DEL03,27,4.9,26.910262,75.783013,27.000262,75.873013,1900-01-01 22:25:00,1900-01-01 22:30:00,1,2,1,2,3,0.0,1,1,29.0,13.406088270680275,5.0,22,22,0,Excellent,26-35,Very Long
0xa40f,JAPRES13DEL03,29,4.7,26.846156,75.8023,26.936156,75.8923,1900-01-01 23:15:00,1900-01-01 23:30:00,2,2,2,3,4,1.0,1,1,14.0,13.409462339213027,15.0,23,23,0,Good,26-35,Very Long
0xcbcc,DEHRES010DEL01,20,4.9,30.328174,78.049117,30.398174,78.119117,1900-01-01 22:25:00,1900-01-01 22:30:00,2,2,2,1,2,0.0,1,3,15.0,10.280572823486576,5.0,22,22,0,Excellent,18-25,Very Long
0x6c5c,HYDRES02DEL01,35,4.3,17.41233,78.449654,17.45233,78.489654,1900-01-01 14:55:00,1900-01-01 15:00:00,6,0,1,3,3,1.0,1,4,34.0,6.147383751705428,5.0,14,15,0,Average,26-35,Long
0x2188,MYSRES13DEL02,38,4.6,12.310972,76.659264,12.390972,76.739264,1900-01-01 22:10:00,1900-01-01 22:20:00,3,2,1,0,3,0.0,1,3,18.0,12.435540495461442,10.0,22,22,0,Good,36-45,Very Long
0x84eb,CHENRES16DEL03,29,4.9,13.049645,80.242268,13.079645,80.272268,1900-01-01 17:45:00,1900-01-01 18:00:00,1,3,2,0,3,1.0,1,1,14.0,4.65694538594946,15.0,17,18,0,Excellent,26-35,Medium
0x8999,SURRES13DEL01,28,4.6,21.170096,72.789122,21.210096,72.829122,1900-01-01 15:50:00,1900-01-01 15:55:00,3,3,1,3,3,0.0,1,1,27.0,6.081204324626466,5.0,15,15,0,Good,26-35,Long
0x2c49,RANCHIRES02DEL02,32,4.5,0.0,0.0,0.05,0.05,1900-01-01 17:25:00,1900-01-01 17:40:00,3,3,0,0,3,0.0,1,1,26.0,7.8626681674103684,15.0,17,17,0,Good,26-35,Long
0xd486,LUDHRES09DEL02,29,4.9,30.885814,75.786976,30.935814,75.836976,1900-01-01 23:55:00,1900-01-01 00:05:00,3,2,1,3,3,0.0,1,3,10.0,7.325604384960364,10.0,23,0,0,Excellent,26-35,Long
0x394e,SURRES18DEL03,39,4.6,21.149834,72.778666,21.239834,72.868666,1900-01-01 19:35:00,1900-01-01 19:50:00,4,1,0,2,3,1.0,1,3,28.0,13.682504886916606,15.0,19,19,1,Good,36-45,Very Long
0x1341,INDORES09DEL02,32,5.0,22.725835,75.887648,22.805835,75.967648,1900-01-01 17:50:00,1900-01-01 17:55:00,6,3,2,3,4,1.0,1,1,20.0,12.10015723816894,5.0,17,17,0,Excellent,26-35,Very Long
0x8bdb,HYDRES12DEL03,21,4.9,17.429585,78.392621,17.489585,78.452621,1900-01-01 17:50:00,1900-01-01 17:55:00,6,3,2,2,2,1.0,1,1,23.0,9.220418694558179,5.0,17,17,0,Excellent,18-25,Long
0x7a0e,HYDRES17DEL01,27,4.7,17.451976,78.385883,17.521976,78.455883,1900-01-01 19:20:00,1900-01-01 19:30:00,6,1,1,0,4,1.0,1,1,28.0,10.756383853403822,10.0,19,19,1,Good,26-35,Very Long
0x3175,JAPRES19DEL02,33,4.8,26.913726,75.75282,26.963726,75.80282,1900-01-01 17:30:00,1900-01-01 17:35:00,3,3,2,1,4,1.0,1,1,27.0,7.448311138215936,5.0,17,17,0,Excellent,26-35,Long
0xc54a,LUDHRES08DEL03,29,4.7,30.899992,75.831338,30.929992,75.861338,1900-01-01 18:55:00,1900-01-01 19:05:00,3,3,2,0,4,1.0,1,1,28.0,4.395281348843586,10.0,18,19,1,Good,26-35,Medium
0x1f1d,MYSRES04DEL02,31,4.6,12.3085,76.665808,12.3585,76.715808,1900-01-01 23:35:00,1900-01-01 23:45:00,4,2,0,2,3,0.0,1,1,22.0,7.772466272035551,10.0,23,23,0,Good,26-35,Long
0x29b9,BANGRES06DEL01,35,4.6,12.979096,77.640625,12.989096,77.650625,1900-01-01 09:30:00,1900-01-01 09:45:00,1,2,0,2,3,1.0,1,3,25.0,1.5525609831264333,15.0,9,9,1,Good,26-35,Short
0xcacc,AURGRES16DEL01,22,4.8,0.0,0.0,0.11,0.11,1900-01-01 17:25:00,1900-01-01 17:30:00,3,3,0,3,3,1.0,1,3,23.0,17.29786575291325,5.0,17,17,0,Excellent,18-25,Very Long
0x2681,COIMBRES04DEL02,23,4.6,11.024839,77.007003,11.104839,77.087003,1900-01-01 20:45:00,1900-01-01 20:50:00,6,1,1,1,3,1.0,1,3,23.0,12.463888116757749,5.0,20,20,1,Good,18-25,Very Long
0x7ebf,COIMBRES17DEL02,22,4.7,11.026117,76.944652,11.106117,77.024652,1900-01-01 19:40:00,1900-01-01 19:50:00,3,1,2,3,4,1.0,1,3,26.0,12.463861442061555,10.0,19,19,1,Good,18-25,Very Long
0x82e4,BANGRES09DEL01,21,4.8,12.934179,77.615797,12.974179,77.655797,1900-01-01 16:25:00,1900-01-01 16:40:00,2,3,2,0,3,1.0,1,1,23.0,6.210607623190057,15.0,16,16,0,Excellent,18-25,Long
0x4a7c,BANGRES010DEL03,27,4.7,12.933298,77.614293,12.993298,77.674293,1900-01-01 18:20:00,1900-01-01 18:25:00,2,3,2,1,2,1.0,1,1,21.0,9.315745106316243,5.0,18,18,1,Good,26-35,Long
0x7141,SURRES09DEL01,27,4.8,21.175975,72.795503,21.185975,72.805503,1900-01-01 10:10:00,1900-01-01 10:25:00,0,2,0,0,3,1.0,1,1,16.0,1.5203447277401048,15.0,10,10,1,Excellent,26-35,Short
0x3b07,SURRES06DEL03,28,4.7,21.185047,72.80859,21.245047,72.86859,1900-01-01 23:35:00,1900-01-01 23:45:00,0,2,0,0,3,1.0,1,1,24.0,9.12108977493757,10.0,23,23,0,Good,26-35,Long
0xc86,BANGRES12DEL02,37,4.9,12.939496,77.625999,12.989496,77.675999,1900-01-01 18:25:00,1900-01-01 18:30:00,1,3,2,2,4,1.0,1,1,18.0,7.763102784727143,5.0,18,18,1,Excellent,36-45,Long
0x4a11,RANCHIRES07DEL02,31,4.7,23.359407,85.325055,23.439407,85.405055,1900-01-01 20:00:00,1900-01-01 20:15:00,2,1,0,1,3,1.0,1,3,46.0,12.074047498027575,15.0,20,20,1,Good,26-35,Very Long
0x5f12,RANCHIRES16DEL01,30,4.7,23.371292,85.327872,23.411292,85.367872,1900-01-01 16:00:00,1900-01-01 16:15:00,0,3,0,3,3,1.0,1,1,26.0,6.037193175494637,15.0,16,16,0,Good,26-35,Long
0x4f8c,SURRES16DEL03,29,4.8,21.160437,72.774209,21.190437,72.804209,1900-01-01 17:35:00,1900-01-01 17:45:00,2,3,2,2,4,1.0,1,1,28.0,4.561113588992224,10.0,17,17,0,Excellent,26-35,Medium
0x788e,SURRES20DEL01,27,5.0,21.15276,72.778059,21.26276,72.888059,1900-01-01 17:30:00,1900-01-01 17:35:00,1,3,2,3,2,0.0,1,1,26.0,16.72238039080485,5.0,17,17,0,Excellent,26-35,Very Long
0xdfbc,AGRRES010DEL03,30,4.7,27.163303,78.057044,27.223303,78.117044,1900-01-01 22:10:00,1900-01-01 22:20:00,4,2,1,3,3,0.0,1,3,15.0,8.929003109241874,10.0,22,22,0,Good,26-35,Long
0x52d7,VADRES09DEL03,26,4.8,0.0,0.0,0.06,0.06,1900-01-01 21:20:00,1900-01-01 21:25:00,0,1,1,3,3,1.0,1,1,29.0,9.435201537430713,5.0,21,21,1,Excellent,26-35,Long
0x7e1c,MYSRES11DEL02,27,4.8,12.323225,76.630028,12.403225,76.710028,1900-01-01 18:55:00,1900-01-01 19:05:00,4,3,0,0,3,0.0,1,3,19.0,12.435256015114375,10.0,18,19,1,Excellent,26-35,Very Long
0x974a,INDORES20DEL01,26,4.7,22.732225,75.874765,22.842225,75.984765,1900-01-01 20:25:00,1900-01-01 20:40:00,0,1,0,2,3,1.0,2,1,45.0,16.63651695459671,15.0,20,20,1,Good,26-35,Very Long
0xa35b,JAPRES19DEL03,31,4.5,26.913726,75.75282,27.003726,75.842821,1900-01-01 21:10:00,1900-01-01 21:25:00,6,1,2,0,4,1.0,1,1,43.0,13.405971717381743,15.0,21,21,1,Good,26-35,Very Long
0x6317,SURRES11DEL03,20,4.9,21.157735,72.768778,21.187735,72.798778,1900-01-01 23:20:00,1900-01-01 23:30:00,4,2,1,2,4,0.0,1,3,21.0,4.561152341209805,10.0,23,23,0,Excellent,18-25,Medium
0x3cf6,CHENRES18DEL02,26,5.0,12.981615,80.231598,13.031615,80.281598,1900-01-01 21:10:00,1900-01-01 21:15:00,3,1,2,3,4,1.0,1,1,23.0,7.762461854550194,5.0,21,21,1,Excellent,26-35,Long
0x7f33,VADRES02DEL02,38,3.9,0.0,0.0,0.08,0.08,1900-01-01 19:10:00,1900-01-01 19:20:00,6,1,1,0,3,1.0,1,1,41.0,12.58026782240096,10.0,19,19,1,Average,36-45,Very Long
0xb49e,VADRES12DEL01,39,4.8,0.0,0.0,0.04,0.04,1900-01-01 13:30:00,1900-01-01 13:40:00,4,0,1,2,3,1.0,1,1,15.0,6.290134677634678,10.0,13,13,0,Excellent,36-45,Long
0xc6a6,BHPRES08DEL03,28,4.6,23.232537,77.429845,23.292537,77.489845,1900-01-01 23:35:00,1900-01-01 23:45:00,2,2,2,3,4,0.0,3,4,11.0,9.059804963936871,10.0,23,23,0,Good,26-35,Long
0x7e00,SURRES02DEL03,34,4.8,21.186608,72.794136,21.246608,72.854136,1900-01-01 20:40:00,1900-01-01 20:55:00,3,1,2,3,4,1.0,1,3,31.0,9.121044921629522,15.0,20,20,1,Excellent,26-35,Long
0xaf93,CHENRES01DEL03,22,5.0,13.005801,80.250744,13.065801,80.310744,1900-01-01 23:25:00,1900-01-01 23:40:00,4,2,2,0,4,1.0,1,1,20.0,9.314419797615273,15.0,23,23,0,Excellent,18-25,Long
0xafd8,MUMRES08DEL01,25,4.8,19.065838,72.832658,19.075838,72.842658,1900-01-01 10:00:00,1900-01-01 10:10:00,0,2,2,2,3,1.0,1,1,19.0,1.5299884479314707,10.0,10,10,1,Excellent,18-25,Short
0x3261,VADRES07DEL01,35,3.9,0.0,0.0,0.11,0.11,1900-01-01 17:25:00,1900-01-01 17:35:00,6,3,1,2,3,2.0,1,1,34.0,17.29786575291325,10.0,17,17,0,Average,26-35,Very Long
0x7722,MYSRES02DEL01,31,4.8,12.304569,76.643622,12.344569,76.683622,1900-01-01 16:25:00,1900-01-01 16:30:00,4,3,1,3,3,1.0,1,1,21.0,6.218076509100711,5.0,16,16,0,Excellent,26-35,Long
0x947d,MUMRES20DEL02,26,4.7,19.103249,72.846749,19.123249,72.866749,1900-01-01 10:20:00,1900-01-01 10:30:00,1,2,1,3,4,0.0,1,1,18.0,3.05960707159485,10.0,10,10,1,Good,26-35,Medium
0x3bef,BANGRES15DEL03,33,4.6,12.975377,77.696664,13.005377,77.726664,1900-01-01 18:50:00,1900-01-01 18:55:00,4,3,0,3,3,0.0,1,1,28.0,4.6576255671472415,5.0,18,18,1,Good,26-35,Medium
0x1219,SURRES19DEL03,38,5.0,21.149669,72.772629,21.209669,72.832629,1900-01-01 20:00:00,1900-01-01 20:10:00,2,1,2,3,4,1.0,1,1,32.0,9.12210553959038,10.0,20,20,1,Excellent,36-45,Long
0xb965,BANGRES15DEL03,23,4.7,12.975377,77.696664,13.035377,77.756664,1900-01-01 17:45:00,1900-01-01 17:50:00,1,3,1,0,3,1.0,1,3,12.0,9.314976789360625,5.0,17,17,0,Good,18-25,Long
0x5bc6,COIMBRES16DEL01,23,4.7,11.010375,76.95295,11.020375,76.96295,1900-01-01 10:25:00,1900-01-01 10:40:00,2,2,1,0,4,1.0,1,3,12.0,1.558114851289754,15.0,10,10,1,Good,18-25,Short
0x5ffb,RANCHIRES13DEL01,36,4.9,23.374989,85.335486,23.414989,85.375486,1900-01-01 16:15:00,1900-01-01 16:25:00,6,3,0,0,3,2.0,1,3,34.0,6.037116126732456,10.0,16,16,0,Excellent,36-45,Long
0x5609,RANCHIRES07DEL02,36,4.9,23.359407,85.325055,23.439407,85.405055,1900-01-01 22:55:00,1900-01-01 23:10:00,1,2,2,2,2,1.0,1,1,29.0,12.074047498027575,15.0,22,23,0,Excellent,36-45,Very Long
0x8e43,RANCHIRES19DEL03,25,4.8,23.333017,85.3172,23.423017,85.4072,1900-01-01 19:00:00,1900-01-01 19:15:00,2,3,1,0,4,0.0,1,1,24.0,13.584306064167167,15.0,19,19,1,Excellent,18-25,Very Long
0x9cbc,RANCHIRES20DEL01,24,5.0,23.39925,85.390464,23.50925,85.500464,1900-01-01 17:15:00,1900-01-01 17:20:00,0,3,0,3,3,1.0,1,1,44.0,16.59866734050554,5.0,17,17,0,Excellent,18-25,Very Long
0xb587,HYDRES01DEL01,34,4.4,17.410371,78.437225,17.520371,78.547225,1900-01-01 20:00:00,1900-01-01 20:05:00,6,1,1,3,4,0.0,1,1,44.0,16.903843893839564,5.0,20,20,1,Average,26-35,Very Long
0x5167,JAPRES19DEL03,22,4.7,26.913726,75.75282,26.973726,75.812821,1900-01-01 21:15:00,1900-01-01 21:30:00,3,1,2,2,4,0.0,1,1,20.0,8.937863682516157,15.0,21,21,1,Good,18-25,Long
0xac47,RANCHIRES18DEL03,37,4.8,23.351489,85.324253,23.381489,85.354253,1900-01-01 22:15:00,1900-01-01 22:20:00,4,2,1,2,3,1.0,3,1,12.0,4.528282400326011,5.0,22,22,0,Excellent,36-45,Medium
0xd161,LUDHRES04DEL03,21,4.9,30.914057,75.83982,30.944057,75.86982,1900-01-01 18:55:00,1900-01-01 19:10:00,4,3,1,3,4,1.0,1,1,19.0,4.395007361329002,15.0,18,19,1,Excellent,18-25,Medium
0x8d04,MYSRES16DEL01,20,4.9,12.316967,76.603067,12.426967,76.713067,1900-01-01 21:45:00,1900-01-01 21:55:00,1,1,1,3,4,1.0,1,1,33.0,17.09819699771769,10.0,21,21,1,Excellent,18-25,Very Long
0x13ac,VADRES01DEL02,30,4.7,22.307898,73.167788,22.327898,73.187788,1900-01-01 09:30:00,1900-01-01 09:45:00,6,2,0,2,3,1.0,1,1,24.0,3.0295617213530037,15.0,9,9,1,Good,26-35,Medium
0xa57f,VADRES13DEL03,37,4.9,22.310237,73.158921,22.340237,73.188921,1900-01-01 21:30:00,1900-01-01 21:40:00,4,1,0,1,3,0.0,1,3,23.0,4.544232356931077,10.0,21,21,1,Excellent,36-45,Medium
0xb9e5,JAPRES17DEL02,28,4.9,26.892312,75.806896,26.912312,75.826896,1900-01-01 08:15:00,1900-01-01 08:30:00,4,2,1,2,4,1.0,1,1,17.0,2.979750394372844,15.0,8,8,1,Excellent,26-35,Medium
0x8b41,PUNERES16DEL02,38,4.7,18.536718,73.830327,18.556718,73.850327,1900-01-01 10:25:00,1900-01-01 10:40:00,4,2,0,2,3,1.0,1,1,20.0,3.0644857806760535,15.0,10,10,1,Good,36-45,Medium
0xbc1a,VADRES14DEL02,26,4.8,22.311603,73.165012,22.331603,73.185012,1900-01-01 08:30:00,1900-01-01 08:35:00,3,2,2,3,4,0.0,1,1,18.0,3.0295246341921644,5.0,8,8,1,Excellent,26-35,Medium
0x9156,CHENRES17DEL03,25,4.8,13.045479,80.23311,13.105479,80.29311,1900-01-01 22:40:00,1900-01-01 22:50:00,0,2,0,0,3,1.0,1,1,21.0,9.313691518325752,10.0,22,22,0,Excellent,18-25,Long
0x8acf,VADRES16DEL02,20,4.7,0.0,0.0,0.05,0.05,1900-01-01 18:25:00,1900-01-01 18:40:00,1,3,2,1,3,0.0,1,1,16.0,7.8626681674103684,15.0,18,18,1,Good,18-25,Long
0xca1,HYDRES19DEL01,20,4.7,17.458998,78.500366,17.498998,78.540366,1900-01-01 15:30:00,1900-01-01 15:45:00,4,3,2,2,4,1.0,1,1,10.0,6.14663364596065,15.0,15,15,0,Good,18-25,Long
0xa94b,HYDRES02DEL03,25,4.7,17.41233,78.449654,17.47233,78.509654,1900-01-01 19:00:00,1900-01-01 19:05:00,4,3,0,3,3,1.0,1,1,15.0,9.22083460710881,5.0,19,19,1,Good,18-25,Long
0x45fa,HYDRES06DEL02,28,4.9,17.455894,78.375467,17.475894,78.395467,1900-01-01 10:20:00,1900-01-01 10:30:00,4,2,0,1,3,0.0,1,1,14.0,3.0734222587643045,10.0,10,10,1,Excellent,26-35,Medium
0x4147,RANCHIRES02DEL03,30,4.9,0.0,0.0,0.06,0.06,1900-01-01 21:10:00,1900-01-01 21:15:00,1,1,2,0,4,1.0,1,1,30.0,9.435201537430713,5.0,21,21,1,Excellent,26-35,Long
0x81c7,JAPRES16DEL03,24,4.9,26.849596,75.800512,26.989596,75.940512,1900-01-01 22:45:00,1900-01-01 22:55:00,1,2,0,3,3,0.0,1,3,23.0,20.856833724898493,10.0,22,22,0,Excellent,18-25,Very Long
0xc96,COIMBRES13DEL03,35,5.0,11.003669,76.976494,11.063669,77.036494,1900-01-01 19:55:00,1900-01-01 20:10:00,0,1,0,2,3,1.0,1,1,33.0,9.348403522662325,15.0,19,20,1,Excellent,26-35,Long
0x1e37,MUMRES13DEL02,21,4.5,19.178321,72.834715,19.258321,72.914715,1900-01-01 17:45:00,1900-01-01 17:50:00,1,3,0,0,3,1.0,1,1,36.0,12.23475004893086,5.0,17,17,0,Good,18-25,Very Long
0x5249,SURRES07DEL02,32,4.8,21.170798,72.790489,21.250798,72.870489,1900-01-01 20:15:00,1900-01-01 20:20:00,4,1,2,0,4,1.0,1,1,15.0,12.16161548161981,5.0,20,20,1,Excellent,26-35,Very Long
0x3158,COIMBRES17DEL02,24,4.1,11.026117,76.944652,11.046117,76.964652,1900-01-01 10:15:00,1900-01-01 10:25:00,3,2,0,2,3,1.0,1,1,16.0,3.116121839413475,10.0,10,10,1,Average,18-25,Medium
0x84fe,COIMBRES010DEL02,20,4.8,11.003008,76.97544,11.083009,77.05544,1900-01-01 22:30:00,1900-01-01 22:35:00,0,2,2,2,4,1.0,1,1,27.0,12.464422665211348,5.0,22,22,0,Excellent,18-25,Very Long
0xa4af,CHENRES19DEL01,27,4.0,12.986047,80.218114,13.026047,80.258114,1900-01-01 13:30:00,1900-01-01 13:40:00,6,0,0,1,3,1.0,1,1,33.0,6.209976450705328,10.0,13,13,0,Average,26-35,Long
0x26ae,PUNERES20DEL02,23,4.8,18.592718,73.773572,18.672718,73.853572,1900-01-01 21:50:00,1900-01-01 21:55:00,2,1,2,2,2,1.0,1,3,21.0,12.25501434480783,5.0,21,21,1,Excellent,18-25,Very Long
0x2b8f,MYSRES14DEL03,20,4.8,0.0,0.0,0.03,0.03,1900-01-01 18:20:00,1900-01-01 18:25:00,4,3,0,0,3,1.0,1,1,21.0,4.717601092054723,5.0,18,18,1,Excellent,18-25,Medium
0x7a12,SURRES02DEL01,32,4.0,21.186608,72.794136,21.226608,72.834136,1900-01-01 15:50:00,1900-01-01 15:55:00,2,3,1,3,3,2.0,1,1,32.0,6.080888252609821,5.0,15,15,0,Average,26-35,Long
0x37da,PUNERES18DEL02,28,4.9,18.593481,73.785901,18.723481,73.915901,1900-01-01 17:20:00,1900-01-01 17:30:00,3,3,2,3,4,1.0,1,3,29.0,19.91296718928853,10.0,17,17,0,Excellent,26-35,Very Long
0x97ca,PUNERES010DEL03,25,4.2,18.539299,73.897902,18.629299,73.987902,1900-01-01 20:45:00,1900-01-01 20:50:00,2,1,0,2,3,1.0,1,1,35.0,13.788747286078188,5.0,20,20,1,Average,18-25,Very Long
0x2924,COIMBRES11DEL03,31,3.4,11.001753,76.986241,11.091753,77.076241,1900-01-01 23:45:00,1900-01-01 23:50:00,4,2,0,2,3,1.0,1,3,31.0,14.022298282479131,5.0,23,23,0,Average,26-35,Very Long
0x6ecf,RANCHIRES010DEL03,20,5.0,23.354422,85.3329,23.444422,85.4229,1900-01-01 22:00:00,1900-01-01 22:05:00,1,1,1,1,4,1.0,1,1,41.0,13.583302501334014,5.0,22,22,0,Excellent,18-25,Very Long
0x7a6a,COIMBRES13DEL02,38,4.7,11.003669,76.976494,11.053669,77.026494,1900-01-01 18:00:00,1900-01-01 18:10:00,4,3,0,0,3,1.0,1,1,21.0,7.790401360105752,10.0,18,18,1,Good,36-45,Long
0x628c,BANGRES15DEL02,31,4.8,12.975377,77.696664,13.025377,77.746664,1900-01-01 22:15:00,1900-01-01 22:25:00,2,2,1,3,4,0.0,1,1,24.0,7.762556904358442,10.0,22,22,0,Excellent,26-35,Long
0x52e2,JAPRES07DEL02,36,4.8,26.766536,75.837333,26.896536,75.967333,1900-01-01 18:15:00,1900-01-01 18:20:00,2,3,0,0,3,1.0,1,1,36.0,19.37374583495492,5.0,18,18,1,Excellent,36-45,Very Long
0xa200,SURRES07DEL01,30,4.7,21.170798,72.790489,21.280798,72.900489,1900-01-01 22:25:00,1900-01-01 22:30:00,6,2,0,1,3,1.0,1,1,24.0,16.72143013885536,5.0,22,22,0,Good,26-35,Very Long
0xded5,ALHRES11DEL02,32,4.9,0.0,0.0,0.08,0.08,1900-01-01 17:50:00,1900-01-01 18:00:00,0,3,0,2,3,3.0,2,3,48.0,12.58026782240096,10.0,17,18,0,Excellent,26-35,Very Long
0x2997,MUMRES20DEL02,24,4.1,19.103249,72.846749,19.233249,72.976749,1900-01-01 20:35:00,1900-01-01 20:50:00,0,1,2,0,2,1.0,1,1,39.0,19.88431857497891,15.0,20,20,1,Average,18-25,Very Long
0x7008,COIMBRES15DEL01,28,4.8,11.006686,76.951736,11.016686,76.961736,1900-01-01 09:35:00,1900-01-01 09:50:00,6,2,1,3,4,1.0,1,1,18.0,1.5581244322254744,15.0,9,9,1,Excellent,26-35,Short
0xc72d,AURGRES01DEL01,26,4.6,19.876219,75.346017,19.886219,75.356017,1900-01-01 11:30:00,1900-01-01 11:35:00,1,0,1,0,3,0.0,1,1,22.0,1.5263914730559738,5.0,11,11,0,Good,26-35,Short
0xc3ed,ALHRES12DEL02,23,4.7,25.443994,81.860187,25.573994,81.990187,1900-01-01 21:30:00,1900-01-01 21:45:00,1,1,1,0,3,1.0,1,1,33.0,19.472033277853686,15.0,21,21,1,Good,18-25,Very Long
0x88c1,SURRES04DEL03,28,4.8,21.173493,72.801953,21.263493,72.891953,1900-01-01 19:50:00,1900-01-01 20:05:00,3,1,1,0,4,0.0,1,1,19.0,13.68148555689137,15.0,19,20,1,Excellent,26-35,Very Long
0x6d6c,BANGRES15DEL02,35,4.8,12.975377,77.696664,13.025377,77.746664,1900-01-01 23:55:00,1900-01-01 00:10:00,0,2,2,0,3,1.0,1,1,18.0,7.762556904358442,15.0,23,0,0,Excellent,26-35,Long
0x7421,CHENRES01DEL02,30,5.0,13.005801,80.250744,13.055801,80.300744,1900-01-01 21:30:00,1900-01-01 21:35:00,6,1,2,3,3,1.0,1,1,25.0,7.762092914972186,5.0,21,21,1,Excellent,26-35,Long
0x69ed,HYDRES06DEL01,34,5.0,17.455894,78.375467,17.465894,78.385467,1900-01-01 11:35:00,1900-01-01 11:40:00,2,0,0,3,3,1.0,1,1,33.0,1.5367312329664098,5.0,11,11,0,Excellent,26-35,Short
0x78c2,JAPRES010DEL03,27,4.4,26.921411,75.793604,27.061411,75.933604,1900-01-01 17:35:00,1900-01-01 17:45:00,0,3,1,3,4,1.0,1,1,32.0,20.85094842431187,10.0,17,17,0,Average,26-35,Very Long
0x6eaa,PUNERES05DEL03,29,4.6,18.543626,73.905101,18.603626,73.965101,1900-01-01 20:35:00,1900-01-01 20:50:00,6,1,1,3,3,1.0,1,1,20.0,9.192770952683546,15.0,20,20,1,Good,26-35,Long
0xcf84,KNPRES14DEL02,37,4.6,26.463504,80.372929,26.513504,80.422929,1900-01-01 19:20:00,1900-01-01 19:35:00,4,1,0,0,3,1.0,1,1,24.0,7.461394236453525,15.0,19,19,1,Good,36-45,Long
0xb4e6,SURRES14DEL01,36,5.0,21.157729,72.768726,21.267729,72.878726,1900-01-01 21:30:00,1900-01-01 21:35:00,1,1,2,1,3,1.0,1,1,44.0,16.72211869180285,5.0,21,21,1,Excellent,36-45,Very Long
0x4e85,MYSRES16DEL03,31,4.4,12.316967,76.603067,12.406967,76.693067,1900-01-01 18:20:00,1900-01-01 18:25:00,0,3,1,3,4,1.0,2,1,44.0,13.989695713800396,5.0,18,18,1,Average,26-35,Very Long
0x1255,VADRES05DEL01,30,4.8,22.310526,73.170937,22.380526,73.240937,1900-01-01 00:00:00,1900-01-01 00:15:00,3,2,0,1,3,1.0,1,1,20.0,10.602497166339631,15.0,0,0,0,Excellent,26-35,Very Long
0x7740,VADRES03DEL01,24,4.3,22.32,73.17,22.39,73.24,1900-01-01 19:15:00,1900-01-01 19:25:00,1,1,1,3,3,1.0,1,1,34.0,10.60216485230212,10.0,19,19,1,Average,18-25,Very Long
0xb1b7,INDORES03DEL03,39,4.6,22.751857,75.866699,22.781857,75.896699,1900-01-01 23:00:00,1900-01-01 23:05:00,0,2,2,0,4,1.0,1,1,16.0,4.53754359959467,5.0,23,23,0,Good,36-45,Medium
0x5501,RANCHIRES14DEL03,25,4.9,0.0,0.0,0.06,0.06,1900-01-01 22:00:00,1900-01-01 22:15:00,2,1,0,0,3,1.0,1,3,25.0,9.435201537430713,15.0,22,22,0,Excellent,18-25,Long
0x2163,MYSRES15DEL01,37,4.3,12.352058,76.60665,12.392058,76.64665,1900-01-01 13:40:00,1900-01-01 13:45:00,1,0,1,1,4,0.0,1,3,36.0,6.217525604924386,5.0,13,13,0,Average,36-45,Long
0x725b,INDORES03DEL02,31,5.0,22.751857,75.866699,22.831857,75.946699,1900-01-01 18:15:00,1900-01-01 18:20:00,2,3,0,3,3,1.0,1,1,32.0,12.099096916817196,5.0,18,18,1,Excellent,26-35,Very Long
0x538f,RANCHIRES01DEL01,22,4.8,23.416792,85.316842,23.486792,85.386842,1900-01-01 19:30:00,1900-01-01 19:35:00,3,1,1,1,4,1.0,1,1,28.0,10.562878909252845,5.0,19,19,1,Excellent,18-25,Very Long
0x9a3,VADRES12DEL03,22,4.9,0.0,0.0,0.06,0.06,1900-01-01 19:50:00,1900-01-01 19:55:00,2,1,2,0,2,1.0,1,3,22.0,9.435201537430713,5.0,19,19,1,Excellent,18-25,Long
0xabad,BANGRES06DEL01,34,3.5,12.979096,77.640625,13.089096,77.750625,1900-01-01 17:15:00,1900-01-01 17:20:00,2,3,1,2,4,1.0,1,1,38.0,17.076492495612452,5.0,17,17,0,Average,26-35,Very Long
0xd326,KOLRES16DEL02,27,4.9,22.539129,88.365507,22.619129,88.445507,1900-01-01 17:20:00,1900-01-01 17:25:00,1,3,1,3,4,0.0,1,1,26.0,12.107734496942113,5.0,17,17,0,Excellent,26-35,Very Long
0xe120,KOCRES12DEL01,34,4.1,9.988483,76.295211,10.098483,76.405211,1900-01-01 20:10:00,1900-01-01 20:25:00,1,1,2,0,2,0.0,1,1,48.0,17.165842266656078,15.0,20,20,1,Average,26-35,Very Long
0xb900,RANCHIRES16DEL03,24,4.6,23.371292,85.327872,23.401292,85.357872,1900-01-01 22:35:00,1900-01-01 22:45:00,4,2,0,3,3,1.0,1,1,19.0,4.527973054243058,10.0,22,22,0,Good,18-25,Medium
0x1874,CHENRES03DEL02,29,4.6,13.091809,80.219104,13.111809,80.239104,1900-01-01 11:55:00,1900-01-01 12:05:00,6,0,0,1,3,1.0,1,1,22.0,3.104402431477901,10.0,11,12,0,Good,26-35,Medium
0xdde9,LUDHRES11DEL03,25,4.9,30.893081,75.821495,31.033081,75.961495,1900-01-01 18:15:00,1900-01-01 18:20:00,1,3,1,2,3,1.0,1,1,31.0,20.506934775865457,5.0,18,18,1,Excellent,18-25,Very Long
0x26e0,PUNERES06DEL02,36,4.4,18.546258,73.904337,18.626258,73.984337,1900-01-01 21:25:00,1900-01-01 21:40:00,2,1,0,0,3,1.0,1,3,51.0,12.25659774869038,15.0,21,21,1,Average,36-45,Very Long
0x6ef3,RANCHIRES14DEL01,24,4.5,0.0,0.0,0.11,0.11,1900-01-01 18:55:00,1900-01-01 19:05:00,0,3,2,2,3,1.0,1,3,30.0,17.29786575291325,10.0,18,19,1,Good,18-25,Very Long
0x26b0,SURRES12DEL01,33,4.7,21.183434,72.814492,21.193434,72.824492,1900-01-01 10:40:00,1900-01-01 10:45:00,3,2,1,2,4,1.0,1,4,24.0,1.520309052937885,5.0,10,10,1,Good,26-35,Short
0xcc1,HYDRES04DEL01,22,4.8,17.411028,78.329645,17.421028,78.339645,1900-01-01 11:10:00,1900-01-01 11:15:00,1,0,1,0,3,0.0,1,1,22.0,1.5369113551350593,5.0,11,11,0,Excellent,18-25,Short
0xae17,BANGRES08DEL03,20,4.9,12.906229,77.596791,12.936229,77.626791,1900-01-01 20:50:00,1900-01-01 21:05:00,3,1,0,0,3,0.0,1,1,19.0,4.65825552423237,15.0,20,21,1,Excellent,18-25,Medium
0x478d,JAPRES20DEL01,37,4.3,26.956431,75.776649,27.026431,75.846649,1900-01-01 22:35:00,1900-01-01 22:40:00,1,2,0,2,3,2.0,1,1,43.0,10.425475100056353,5.0,22,22,0,Average,36-45,Very Long
0x7b21,COIMBRES01DEL03,22,4.7,11.016298,76.972076,11.046298,77.002076,1900-01-01 17:35:00,1900-01-01 17:40:00,0,3,1,3,4,1.0,1,1,12.0,4.674220356187266,5.0,17,17,0,Good,18-25,Medium
0xd554,LUDHRES06DEL02,25,4.5,30.895204,75.822103,31.025204,75.952103,1900-01-01 21:35:00,1900-01-01 21:50:00,3,1,1,1,4,0.0,1,1,19.0,19.042397449611613,15.0,21,21,1,Good,18-25,Very Long
0xdebb,AGRRES010DEL01,38,4.7,27.163303,78.057044,27.233303,78.127044,1900-01-01 22:45:00,1900-01-01 22:50:00,6,2,1,0,3,1.0,1,3,28.0,10.416963824321584,5.0,22,22,0,Good,36-45,Very Long
0xae1f,INDORES16DEL02,29,4.2,22.744648,75.894377,22.764648,75.914377,1900-01-01 10:10:00,1900-01-01 10:25:00,6,2,0,0,3,1.0,1,1,21.0,3.0251533668867396,15.0,10,10,1,Average,26-35,Medium
0x46fa,CHENRES16DEL02,20,4.9,13.049645,80.242268,13.099645,80.292268,1900-01-01 21:30:00,1900-01-01 21:45:00,1,1,2,0,3,0.0,1,3,21.0,7.7614224372753755,15.0,21,21,1,Excellent,18-25,Long
0x8183,PUNERES05DEL03,21,4.7,18.543626,73.905101,18.573626,73.935101,1900-01-01 20:20:00,1900-01-01 20:25:00,4,1,2,1,4,0.0,1,1,13.0,4.596576884051942,5.0,20,20,1,Good,18-25,Medium
0x3b4f,MYSRES02DEL01,27,4.7,12.304569,76.643622,12.314569,76.653622,1900-01-01 08:40:00,1900-01-01 08:45:00,1,2,2,1,2,1.0,1,1,14.0,1.5545625412407003,5.0,8,8,1,Good,26-35,Short
0x9833,MYSRES09DEL01,35,4.8,12.323194,76.630583,12.393194,76.700583,1900-01-01 23:40:00,1900-01-01 23:50:00,6,2,0,1,3,1.0,1,1,28.0,10.880951367269885,10.0,23,23,0,Excellent,26-35,Very Long
0x8ea7,CHENRES09DEL03,35,4.9,13.044694,80.26147,13.104694,80.32147,1900-01-01 23:10:00,1900-01-01 23:25:00,4,2,1,3,3,0.0,1,3,18.0,9.313705947300656,15.0,23,23,0,Excellent,26-35,Long
0x20ef,BANGRES20DEL01,23,5.0,12.972161,77.596014,13.082161,77.706014,1900-01-01 17:45:00,1900-01-01 18:00:00,3,3,2,0,4,1.0,1,1,26.0,17.076725433736602,15.0,17,18,0,Excellent,18-25,Very Long
0xc88e,KOCRES010DEL01,30,4.8,10.035573,76.336958,10.145573,76.446958,1900-01-01 22:40:00,1900-01-01 22:45:00,4,2,1,1,3,1.0,1,3,28.0,17.164609401577533,5.0,22,22,0,Excellent,26-35,Very Long
0xd358,AURGRES05DEL03,28,4.6,19.875522,75.367127,19.935522,75.427127,1900-01-01 21:40:00,1900-01-01 21:50:00,1,1,2,2,4,1.0,1,3,28.0,9.157688902749936,10.0,21,21,1,Good,26-35,Long
0x7511,MYSRES15DEL01,31,4.0,12.352058,76.60665,12.462058,76.71665,1900-01-01 19:45:00,1900-01-01 19:55:00,0,1,2,0,3,1.0,1,1,40.0,17.0970739431768,10.0,19,19,1,Average,26-35,Very Long
0x8290,MYSRES20DEL01,32,4.8,12.337978,76.616792,12.447978,76.726792,1900-01-01 23:35:00,1900-01-01 23:40:00,2,2,0,2,3,0.0,1,1,20.0,17.09752492719776,5.0,23,23,0,Excellent,26-35,Very Long
0x118a,VADRES13DEL02,34,4.6,22.310237,73.158921,22.360237,73.208921,1900-01-01 20:55:00,1900-01-01 21:10:00,1,1,2,0,2,1.0,1,1,33.0,7.573470125639189,15.0,20,21,1,Good,26-35,Long
0x33e3,COIMBRES03DEL02,37,4.9,11.025083,77.015393,11.155083,77.145393,1900-01-01 22:15:00,1900-01-01 22:30:00,2,2,1,0,4,0.0,1,1,25.0,20.252959556511744,15.0,22,22,0,Excellent,36-45,Very Long
0xe037,KOLRES02DEL03,39,5.0,22.514585,88.39331,22.544585,88.42331,1900-01-01 23:00:00,1900-01-01 23:05:00,1,2,0,0,3,0.0,1,1,28.0,4.541151313453414,5.0,23,23,0,Excellent,36-45,Medium
0x6926,RANCHIRES05DEL02,35,4.8,23.355164,85.324097,23.375164,85.344097,1900-01-01 08:45:00,1900-01-01 08:50:00,0,2,0,0,3,1.0,1,1,27.0,3.0188687420087144,5.0,8,8,1,Excellent,26-35,Medium
0x521c,INDORES010DEL03,33,4.7,22.75004,75.902847,22.81004,75.962847,1900-01-01 17:45:00,1900-01-01 17:50:00,1,3,2,3,3,0.0,1,1,17.0,9.074684164326316,5.0,17,17,0,Good,26-35,Long
0x67ab,SURRES01DEL01,33,4.4,21.186438,72.794115,21.256438,72.864115,1900-01-01 20:15:00,1900-01-01 20:30:00,2,1,0,2,3,1.0,2,1,43.0,10.641057010178418,15.0,20,20,1,Average,26-35,Very Long
0xf10,HYDRES13DEL02,32,4.9,17.431477,78.40035,17.511477,78.48035,1900-01-01 22:30:00,1900-01-01 22:35:00,6,2,0,2,3,1.0,1,1,25.0,12.293508819559186,5.0,22,22,0,Excellent,26-35,Very Long
0x5690,PUNERES15DEL02,33,4.8,18.636215,73.751081,18.766215,73.881081,1900-01-01 20:20:00,1900-01-01 20:35:00,0,1,1,1,4,2.0,1,3,44.0,19.91059239709516,15.0,20,20,1,Excellent,26-35,Very Long
0xcbb4,ALHRES17DEL03,37,4.8,25.45235,81.841889,25.48235,81.871889,1900-01-01 18:00:00,1900-01-01 18:15:00,0,3,0,3,3,1.0,1,1,32.0,4.494246018081996,15.0,18,18,1,Excellent,36-45,Medium
0x8ff0,VADRES07DEL01,27,4.7,0.0,0.0,0.11,0.11,1900-01-01 21:50:00,1900-01-01 22:05:00,1,1,2,2,4,1.0,1,1,41.0,17.29786575291325,15.0,21,22,1,Good,26-35,Very Long
0x8ef2,MUMRES03DEL03,24,4.8,19.22384,72.841347,19.31384,72.931347,1900-01-01 21:35:00,1900-01-01 21:50:00,4,1,2,2,4,1.0,1,3,18.0,13.762097103297643,15.0,21,21,1,Excellent,18-25,Very Long
0x6008,BANGRES02DEL01,34,4.6,12.970221,77.645396,13.010221,77.685396,1900-01-01 14:10:00,1900-01-01 14:15:00,2,0,0,3,3,1.0,1,1,36.0,6.210169290102755,5.0,14,14,0,Good,26-35,Long
0x46f1,MYSRES20DEL02,21,4.4,12.337978,76.616792,12.417978,76.696792,1900-01-01 20:40:00,1900-01-01 20:55:00,6,1,0,3,3,1.0,1,1,38.0,12.434913132379245,15.0,20,20,1,Average,18-25,Very Long
0x38ff,JAPRES01DEL03,27,4.7,26.90519,75.810753,26.93519,75.840753,1900-01-01 19:35:00,1900-01-01 19:40:00,0,1,1,1,3,0.0,1,3,34.0,4.46931202175492,5.0,19,19,1,Good,26-35,Medium
0x1e23,SURRES09DEL02,35,5.0,21.175975,72.795503,21.305975,72.925503,1900-01-01 23:15:00,1900-01-01 23:30:00,2,2,2,3,4,1.0,1,1,16.0,19.760743726313585,15.0,23,23,0,Excellent,26-35,Very Long
0x4a89,HYDRES03DEL01,35,4.4,17.422819,78.449578,17.492819,78.519578,1900-01-01 21:10:00,1900-01-01 21:25:00,2,1,1,0,3,1.0,1,1,32.0,10.7572047086705,15.0,21,21,1,Average,26-35,Very Long
0x90fe,MUMRES18DEL02,31,4.1,19.1093,72.825451,19.1293,72.845451,1900-01-01 09:45:00,1900-01-01 09:50:00,2,2,0,2,3,1.0,1,3,32.0,3.059554247595471,5.0,9,9,1,Average,26-35,Medium
0xafb3,CHENRES13DEL02,34,4.7,13.027018,80.254791,13.107018,80.334791,1900-01-01 18:45:00,1900-01-01 18:50:00,2,3,2,3,2,1.0,1,1,30.0,12.418462399627495,5.0,18,18,1,Good,26-35,Very Long
0x6300,SURRES04DEL03,21,4.5,21.173493,72.801953,21.203493,72.831953,1900-01-01 19:10:00,1900-01-01 19:15:00,4,1,2,2,2,0.0,1,3,14.0,4.560926278066122,5.0,19,19,1,Good,18-25,Medium
0xb017,SURRES01DEL03,29,4.7,21.186438,72.794115,21.246438,72.854115,1900-01-01 23:10:00,1900-01-01 23:20:00,4,2,1,1,3,1.0,1,1,15.0,9.121049806498666,10.0,23,23,0,Good,26-35,Long
0x90d1,VADRES14DEL01,30,4.7,22.311603,73.165012,22.351603,73.205012,1900-01-01 16:45:00,1900-01-01 17:00:00,0,3,1,3,4,1.0,1,4,15.0,6.058848944530401,15.0,16,17,0,Good,26-35,Long
0xd123,GOARES13DEL01,30,4.8,15.506205,73.766668,15.546205,73.806668,1900-01-01 14:50:00,1900-01-01 15:00:00,4,0,2,2,4,1.0,1,1,21.0,6.176431857672641,10.0,14,15,0,Excellent,26-35,Long
0x31ca,CHENRES08DEL02,35,4.4,13.022394,80.242439,13.042394,80.262439,1900-01-01 08:35:00,1900-01-01 08:50:00,2,2,0,0,3,1.0,1,1,26.0,3.104827485600479,15.0,8,8,1,Average,26-35,Medium
0x581e,INDORES03DEL01,32,4.4,22.751857,75.866699,22.861857,75.976699,1900-01-01 23:00:00,1900-01-01 23:15:00,1,2,0,3,3,1.0,1,3,41.0,16.63541627418215,15.0,23,23,0,Average,26-35,Very Long
0xb9fa,BANGRES06DEL01,27,5.0,12.979096,77.640625,12.989096,77.650625,1900-01-01 10:15:00,1900-01-01 10:25:00,0,2,2,3,4,1.0,1,3,10.0,1.5525609831264333,10.0,10,10,1,Excellent,26-35,Short
0xa24d,VADRES18DEL02,21,4.6,0.0,0.0,0.05,0.05,1900-01-01 19:50:00,1900-01-01 19:55:00,2,1,0,0,3,1.0,1,1,27.0,7.8626681674103684,5.0,19,19,1,Good,18-25,Long
0x6720,MUMRES06DEL01,39,4.7,19.055831,72.833984,19.095831,72.873984,1900-01-01 14:40:00,1900-01-01 14:45:00,4,0,2,1,3,0.0,1,1,23.0,6.1198667120156145,5.0,14,14,0,Good,36-45,Long
0x8641,JAPRES17DEL02,33,4.8,26.892312,75.806896,26.942312,75.856896,1900-01-01 19:45:00,1900-01-01 20:00:00,1,1,0,0,3,1.0,1,1,31.0,7.448937379729502,15.0,19,20,1,Excellent,26-35,Long
0x2310,CHENRES15DEL03,37,4.3,13.026286,80.275235,13.086286,80.335235,1900-01-01 20:35:00,1900-01-01 20:50:00,3,1,0,2,3,1.0,2,1,46.0,9.314044064891696,15.0,20,20,1,Average,36-45,Long
0x5dff,INDORES02DEL01,35,4.9,22.651847,75.881991,22.661847,75.891991,1900-01-01 08:35:00,1900-01-01 08:40:00,0,2,0,2,3,1.0,1,1,25.0,1.513073455729525,5.0,8,8,1,Excellent,26-35,Short
0x2e3e,PUNERES010DEL02,24,4.9,18.539299,73.897902,18.619299,73.977902,1900-01-01 20:00:00,1900-01-01 20:15:00,2,1,1,1,3,0.0,1,1,27.0,12.256834609677016,15.0,20,20,1,Excellent,18-25,Very Long
0xdfe,SURRES14DEL02,27,4.5,21.157729,72.768726,21.207729,72.818726,1900-01-01 17:25:00,1900-01-01 17:30:00,2,3,1,1,3,0.0,1,3,21.0,7.60168152834193,5.0,17,17,0,Good,26-35,Long
0x9399,VADRES010DEL03,35,4.6,22.310329,73.169083,22.400329,73.259083,1900-01-01 22:40:00,1900-01-01 22:55:00,4,2,2,0,3,1.0,1,1,17.0,13.631339548300275,15.0,22,22,0,Good,26-35,Very Long
0x1bde,MYSRES08DEL02,25,4.6,12.297954,76.665169,12.427954,76.795169,1900-01-01 19:00:00,1900-01-01 19:10:00,1,3,1,1,4,0.0,1,3,25.0,20.20729968887068,10.0,19,19,1,Good,18-25,Very Long
0x9f1f,PUNERES19DEL02,37,3.5,18.563934,73.915367,18.693935,74.045367,1900-01-01 23:25:00,1900-01-01 23:35:00,0,2,1,0,4,1.0,1,1,35.0,19.914686965545187,10.0,23,23,0,Average,36-45,Very Long
0x6cbd,JAPRES01DEL02,21,4.9,26.90519,75.810753,26.98519,75.890753,1900-01-01 22:15:00,1900-01-01 22:20:00,0,2,0,0,3,1.0,1,3,20.0,11.916994721599234,5.0,22,22,0,Excellent,18-25,Very Long
0xc51d,BHPRES19DEL01,34,4.2,0.0,0.0,0.04,0.04,1900-01-01 12:15:00,1900-01-01 12:20:00,1,0,2,2,2,0.0,1,1,37.0,6.290134677634678,5.0,12,12,0,Average,26-35,Long
0xadb0,RANCHIRES010DEL02,31,4.6,23.354422,85.3329,23.404422,85.3829,1900-01-01 18:15:00,1900-01-01 18:25:00,4,3,0,1,3,1.0,1,1,21.0,7.546800541055753,10.0,18,18,1,Good,26-35,Long
0xac90,MYSRES19DEL02,35,4.5,12.334022,76.618203,12.384022,76.668203,1900-01-01 23:20:00,1900-01-01 23:30:00,0,2,1,3,4,1.0,1,1,15.0,7.7720962407184935,10.0,23,23,0,Good,26-35,Long
0x40de,RANCHIRES07DEL01,20,4.8,23.359407,85.325055,23.469407,85.435055,1900-01-01 18:50:00,1900-01-01 19:00:00,1,3,0,3,3,1.0,1,1,35.0,16.60095424935038,10.0,18,19,1,Excellent,18-25,Very Long
0x5c9c,HYDRES02DEL02,20,4.5,17.41233,78.449654,17.49233,78.529654,1900-01-01 18:50:00,1900-01-01 19:00:00,0,3,0,2,3,1.0,1,3,38.0,12.294124530423586,10.0,18,19,1,Good,18-25,Very Long
0x82dd,RANCHIRES18DEL01,23,4.6,23.351489,85.324253,23.421489,85.394253,1900-01-01 21:55:00,1900-01-01 22:00:00,6,1,0,1,3,1.0,1,1,34.0,10.565262855251524,5.0,21,22,1,Good,18-25,Very Long
0x1df6,COIMBRES05DEL02,33,4.0,11.022169,76.999594,11.152169,77.129594,1900-01-01 20:45:00,1900-01-01 20:50:00,6,1,0,2,3,1.0,2,1,51.0,20.253058591951753,5.0,20,20,1,Average,26-35,Very Long
0x306e,VADRES05DEL01,39,4.8,22.310526,73.170937,22.350526,73.210937,1900-01-01 13:45:00,1900-01-01 13:50:00,0,0,1,1,4,1.0,1,3,30.0,6.058870515565882,5.0,13,13,0,Excellent,36-45,Long
0x27dd,MYSRES08DEL01,36,4.9,12.297954,76.665169,12.407954,76.775169,1900-01-01 21:10:00,1900-01-01 21:15:00,2,1,1,1,4,0.0,1,1,25.0,17.098804215242584,5.0,21,21,1,Excellent,36-45,Very Long
0x9f88,MUMRES010DEL01,36,4.6,19.003517,72.82765,19.113517,72.93765,1900-01-01 22:35:00,1900-01-01 22:50:00,2,2,0,2,3,0.0,1,1,23.0,16.83046129455743,15.0,22,22,0,Good,36-45,Very Long
0x727a,HYDRES19DEL01,30,4.5,17.458998,78.500366,17.568998,78.610366,1900-01-01 19:15:00,1900-01-01 19:25:00,4,1,1,3,3,1.0,1,1,21.0,16.901690663165983,10.0,19,19,1,Good,26-35,Very Long
0xc68b,DEHRES13DEL03,23,4.9,30.366322,78.070453,30.396322,78.100453,1900-01-01 19:10:00,1900-01-01 19:15:00,0,1,1,0,4,0.0,1,1,26.0,4.405611015774126,5.0,19,19,1,Excellent,18-25,Medium
0x62a1,PUNERES17DEL01,34,4.7,18.530963,73.828972,18.600963,73.898972,1900-01-01 23:15:00,1900-01-01 23:30:00,1,2,0,1,3,1.0,1,1,39.0,10.725127399399225,15.0,23,23,0,Good,26-35,Very Long
0x1fb0,VADRES06DEL02,24,4.8,22.31279,73.170283,22.44279,73.300283,1900-01-01 21:10:00,1900-01-01 21:15:00,1,1,0,1,3,2.0,1,3,47.0,19.688246931881576,5.0,21,21,1,Excellent,18-25,Very Long
0x966b,SURRES19DEL02,38,4.6,21.149669,72.772629,21.199669,72.822629,1900-01-01 23:20:00,1900-01-01 23:25:00,2,2,2,2,4,1.0,1,1,28.0,7.601874226722028,5.0,23,23,0,Good,36-45,Long
0x4485,COIMBRES010DEL02,24,4.7,11.003008,76.97544,11.053009,77.02544,1900-01-01 22:35:00,1900-01-01 22:40:00,0,2,1,0,4,1.0,1,1,18.0,7.790489304769405,5.0,22,22,0,Good,18-25,Long
0x61da,VADRES03DEL01,24,4.5,22.32,73.17,22.33,73.18,1900-01-01 09:25:00,1900-01-01 09:40:00,0,2,0,0,3,1.0,1,1,19.0,1.5147453171152914,15.0,9,9,1,Good,18-25,Short
0x4565,CHENRES20DEL03,27,4.8,12.975996,80.221898,13.065996,80.311898,1900-01-01 20:50:00,1900-01-01 20:55:00,4,1,0,2,3,1.0,1,1,20.0,13.972036025783174,5.0,20,20,1,Excellent,26-35,Very Long
0xa453,MUMRES09DEL01,31,4.6,18.994049,72.825203,19.034049,72.865203,1900-01-01 14:20:00,1900-01-01 14:30:00,6,0,1,1,4,1.0,1,1,30.0,6.120941769502897,10.0,14,14,0,Good,26-35,Long
0xa6ff,MUMRES03DEL01,30,4.6,19.22384,72.841347,19.26384,72.881347,1900-01-01 16:35:00,1900-01-01 16:45:00,0,3,0,1,3,1.0,1,1,26.0,6.116927321899057,10.0,16,16,0,Good,26-35,Long
0x6050,MYSRES16DEL02,34,4.9,12.316967,76.603067,12.366967,76.653067,1900-01-01 00:00:00,1900-01-01 00:15:00,4,2,2,1,2,1.0,1,1,11.0,7.772343594464243,15.0,0,0,0,Excellent,26-35,Long
0x4527,JAPRES07DEL03,31,4.5,26.766536,75.837333,26.856536,75.927333,1900-01-01 20:20:00,1900-01-01 20:30:00,3,1,2,0,3,1.0,1,3,29.0,13.413644078076244,10.0,20,20,1,Good,26-35,Very Long
0xb8dc,MUMRES12DEL02,28,4.9,19.207222,72.972281,19.287222,73.052281,1900-01-01 17:20:00,1900-01-01 17:25:00,4,3,0,2,3,1.0,1,3,17.0,12.233735310134827,5.0,17,17,0,Excellent,26-35,Very Long
0x9342,CHENRES07DEL02,34,4.9,13.081878,80.248519,13.211878,80.378519,1900-01-01 18:40:00,1900-01-01 18:50:00,3,3,1,1,4,0.0,1,1,23.0,20.176811965426136,10.0,18,18,1,Excellent,26-35,Very Long
0x4b55,PUNERES15DEL03,22,4.7,18.636215,73.751081,18.696215,73.811081,1900-01-01 21:40:00,1900-01-01 21:50:00,0,1,1,2,4,0.0,1,1,31.0,9.19040310530244,10.0,21,21,1,Good,18-25,Long
0xbb46,SURRES20DEL02,30,4.8,21.15276,72.778059,21.28276,72.908059,1900-01-01 22:45:00,1900-01-01 23:00:00,0,2,1,3,4,1.0,1,1,27.0,19.76218981785925,15.0,22,23,0,Excellent,26-35,Very Long
0xb385,INDORES20DEL01,36,4.3,22.732225,75.874765,22.772225,75.914765,1900-01-01 15:00:00,1900-01-01 15:15:00,0,0,2,0,3,2.0,1,3,39.0,6.050355980667947,15.0,15,15,0,Average,36-45,Long
0x604e,JAPRES04DEL03,35,4.6,26.902328,75.794257,26.962328,75.854257,1900-01-01 19:50:00,1900-01-01 19:55:00,4,1,0,1,3,1.0,1,1,26.0,8.938197833558919,5.0,19,19,1,Good,26-35,Long
0x8dd1,RANCHIRES12DEL01,38,3.9,0.0,0.0,0.07,0.07,1900-01-01 23:55:00,1900-01-01 00:00:00,1,2,2,3,3,1.0,1,1,39.0,11.007734763744619,5.0,23,0,0,Average,36-45,Very Long
0xe10e,KOLRES02DEL03,30,4.7,22.514585,88.39331,22.544585,88.42331,1900-01-01 17:45:00,1900-01-01 18:00:00,6,3,0,2,3,1.0,1,1,25.0,4.541151313453414,15.0,17,18,0,Good,26-35,Medium
0x95eb,PUNERES20DEL02,33,3.6,18.592718,73.773572,18.722718,73.903572,1900-01-01 23:50:00,1900-01-01 00:05:00,1,2,1,3,4,1.0,1,3,36.0,19.913009545593138,15.0,23,0,0,Average,26-35,Very Long
0x9d35,MYSRES010DEL01,31,5.0,12.321214,76.621094,12.431214,76.731094,1900-01-01 20:20:00,1900-01-01 20:30:00,6,1,2,1,3,1.0,1,1,29.0,17.09806123890409,10.0,20,20,1,Excellent,26-35,Very Long
0xcc5,PUNERES20DEL03,31,4.9,18.592718,73.773572,18.682718,73.863572,1900-01-01 17:55:00,1900-01-01 18:00:00,4,3,1,3,3,1.0,1,4,20.0,13.786698988713738,5.0,17,18,0,Excellent,26-35,Very Long
0x41ab,MUMRES09DEL01,27,4.6,18.994049,72.825203,19.034049,72.865203,1900-01-01 12:10:00,1900-01-01 12:15:00,0,0,1,3,4,1.0,1,1,20.0,6.120941769502897,5.0,12,12,0,Good,26-35,Long
0x3a6c,JAPRES07DEL02,23,4.8,26.766536,75.837333,26.786536,75.857333,1900-01-01 11:40:00,1900-01-01 11:45:00,1,0,2,3,4,0.0,1,1,34.0,2.981217855191797,5.0,11,11,0,Excellent,18-25,Medium
0xe13b,AURGRES010DEL03,25,4.8,19.875337,75.316722,19.905337,75.346722,1900-01-01 19:40:00,1900-01-01 19:45:00,6,1,2,1,2,1.0,1,1,23.0,4.579050685145385,5.0,19,19,1,Excellent,18-25,Medium
0x2eac,VADRES18DEL03,37,4.5,0.0,0.0,0.09,0.09,1900-01-01 20:35:00,1900-01-01 20:50:00,6,1,1,0,4,3.0,1,1,44.0,14.15280068944862,15.0,20,20,1,Good,36-45,Very Long
0x87b3,RANCHIRES13DEL02,28,4.6,23.374989,85.335486,23.394989,85.355486,1900-01-01 10:25:00,1900-01-01 10:35:00,2,2,1,0,3,0.0,1,1,18.0,3.0186622920269803,10.0,10,10,1,Good,26-35,Medium
0x79db,INDORES18DEL02,34,4.7,22.753839,75.897429,22.803839,75.947429,1900-01-01 21:25:00,1900-01-01 21:35:00,3,1,1,0,3,1.0,1,3,33.0,7.562267471532845,10.0,21,21,1,Good,26-35,Long
0x9118,RANCHIRES01DEL01,20,4.7,23.416792,85.316842,23.486792,85.386842,1900-01-01 23:30:00,1900-01-01 23:40:00,1,2,2,3,2,1.0,1,1,28.0,10.562878909252845,10.0,23,23,0,Good,18-25,Very Long
0x41c5,MYSRES19DEL02,39,4.9,12.334022,76.618203,12.464022,76.748203,1900-01-01 17:20:00,1900-01-01 17:35:00,4,3,0,2,3,0.0,1,1,38.0,20.20593639018606,15.0,17,17,0,Excellent,36-45,Very Long
0xd332,KOLRES07DEL03,23,4.1,22.547186,88.35068,22.637186,88.44068,1900-01-01 21:20:00,1900-01-01 21:30:00,0,1,2,3,2,0.0,1,4,36.0,13.620606901382935,10.0,21,21,1,Average,18-25,Very Long
0x4655,CHENRES02DEL03,38,4.4,13.086438,80.220672,13.176438,80.310672,1900-01-01 20:55:00,1900-01-01 21:10:00,6,1,1,2,3,1.0,1,3,32.0,13.968990746015168,15.0,20,21,1,Average,36-45,Very Long
0xad3c,COIMBRES04DEL01,31,3.7,11.024839,77.007003,11.134839,77.117003,1900-01-01 18:15:00,1900-01-01 18:30:00,3,3,1,3,4,1.0,1,1,34.0,17.137414711878986,15.0,18,18,1,Average,26-35,Very Long
0xd6a7,ALHRES14DEL02,36,4.3,25.459775,81.834841,25.589775,81.964841,1900-01-01 20:45:00,1900-01-01 20:50:00,6,1,0,2,3,1.0,1,1,35.0,19.470884197808502,5.0,20,20,1,Average,36-45,Very Long
0xc853,KOLRES01DEL03,30,4.1,22.514688,88.393294,22.544688,88.423294,1900-01-01 20:30:00,1900-01-01 20:35:00,0,1,1,1,4,1.0,1,3,34.0,4.5411497543865105,5.0,20,20,1,Average,26-35,Medium
0xd946,LUDHRES15DEL02,20,4.5,30.899584,75.809346,30.979584,75.889346,1900-01-01 20:35:00,1900-01-01 20:40:00,2,1,2,0,4,0.0,1,3,16.0,11.719471817434323,5.0,20,20,1,Good,18-25,Very Long
0x85b,VADRES05DEL02,31,4.7,22.310526,73.170937,22.360526,73.220937,1900-01-01 21:25:00,1900-01-01 21:40:00,2,1,2,0,3,1.0,1,1,25.0,7.573462889023677,15.0,21,21,1,Good,26-35,Long
0x6b58,VADRES01DEL01,33,4.4,22.307898,73.167788,22.317898,73.177788,1900-01-01 11:45:00,1900-01-01 11:50:00,1,0,0,2,3,1.0,1,3,32.0,1.5148058859292481,5.0,11,11,0,Average,26-35,Short
0xafb9,MUMRES03DEL02,27,4.7,19.22384,72.841347,19.27384,72.891347,1900-01-01 18:10:00,1900-01-01 18:20:00,2,3,1,1,3,1.0,1,1,23.0,7.646049300624548,10.0,18,18,1,Good,26-35,Long
0xcc93,LUDHRES09DEL01,31,3.8,30.885814,75.786976,30.995814,75.896976,1900-01-01 22:55:00,1900-01-01 23:10:00,1,2,1,0,3,2.0,1,1,35.0,16.11418469938882,15.0,22,23,0,Average,26-35,Very Long
0x120a,MUMRES13DEL02,31,4.5,19.178321,72.834715,19.198321,72.854715,1900-01-01 08:25:00,1900-01-01 08:30:00,1,2,0,0,3,0.0,1,1,22.0,3.0589506421330555,5.0,8,8,1,Good,26-35,Medium
0x752c,VADRES18DEL03,37,4.6,0.0,0.0,0.06,0.06,1900-01-01 22:15:00,1900-01-01 22:20:00,6,2,1,0,3,1.0,1,3,20.0,9.435201537430713,5.0,22,22,0,Good,36-45,Long
0xc51e,DEHRES17DEL01,38,4.9,30.327968,78.046106,30.367968,78.086106,1900-01-01 15:35:00,1900-01-01 15:40:00,0,3,1,2,4,1.0,1,1,18.0,5.875003005817474,5.0,15,15,0,Excellent,36-45,Long
0x4f58,MYSRES05DEL02,25,4.1,12.323978,76.627961,12.373978,76.677961,1900-01-01 23:55:00,1900-01-01 00:05:00,3,2,0,0,3,1.0,1,3,20.0,7.772241951547949,10.0,23,0,0,Average,18-25,Long
0x3647,BANGRES04DEL03,31,4.6,12.98041,77.640489,13.01041,77.670489,1900-01-01 20:45:00,1900-01-01 20:55:00,3,1,2,3,3,1.0,1,1,30.0,4.657579589646204,10.0,20,20,1,Good,26-35,Medium
0x3aec,RANCHIRES12DEL01,36,4.0,0.0,0.0,0.07,0.07,1900-01-01 23:15:00,1900-01-01 23:30:00,1,2,0,2,3,1.0,1,3,39.0,11.007734763744619,15.0,23,23,0,Average,36-45,Very Long
0x62c7,RANCHIRES11DEL03,28,4.7,23.359194,85.325447,23.389194,85.355447,1900-01-01 18:50:00,1900-01-01 19:00:00,0,3,1,2,4,0.0,1,1,10.0,4.528162065607132,10.0,18,19,1,Good,26-35,Medium
0xaa74,RANCHIRES02DEL01,23,4.7,0.0,0.0,0.11,0.11,1900-01-01 23:10:00,1900-01-01 23:25:00,2,2,2,3,3,1.0,1,1,12.0,17.29786575291325,15.0,23,23,0,Good,18-25,Very Long
0x4ae8,BANGRES09DEL03,31,4.8,12.934179,77.615797,12.994179,77.675797,1900-01-01 17:25:00,1900-01-01 17:30:00,4,3,0,2,3,1.0,1,1,26.0,9.315729044609785,5.0,17,17,0,Excellent,26-35,Long
0x3c72,VADRES05DEL02,31,4.7,22.310526,73.170937,22.390526,73.250937,1900-01-01 23:20:00,1900-01-01 23:30:00,1,2,0,0,3,1.0,1,1,41.0,12.116939023592712,10.0,23,23,0,Good,26-35,Very Long
0x951d,HYDRES08DEL02,37,4.9,17.438263,78.397865,17.568263,78.527865,1900-01-01 22:20:00,1900-01-01 22:30:00,2,2,1,0,3,1.0,1,3,15.0,19.975286862388522,10.0,22,22,0,Excellent,36-45,Very Long
0x3ea1,CHENRES13DEL01,32,4.9,13.027018,80.254791,13.067018,80.294791,1900-01-01 14:55:00,1900-01-01 15:05:00,2,0,2,2,3,1.0,1,1,30.0,6.209476177667662,10.0,14,15,0,Excellent,26-35,Long
0x3ea9,BANGRES01DEL03,29,4.9,12.933284,77.615428,13.023284,77.705428,1900-01-01 20:25:00,1900-01-01 20:30:00,2,1,0,3,3,1.0,1,1,25.0,13.973207156405252,5.0,20,20,1,Excellent,26-35,Very Long
0xa6ea,SURRES17DEL01,32,4.6,21.149569,72.772697,21.159569,72.782697,1900-01-01 11:40:00,1900-01-01 11:45:00,1,0,0,3,3,1.0,1,1,28.0,1.5204709334108633,5.0,11,11,0,Good,26-35,Short
0xbe2b,HYDRES010DEL02,32,4.9,17.428294,78.404423,17.508294,78.484423,1900-01-01 17:30:00,1900-01-01 17:40:00,0,3,2,1,2,2.0,1,1,39.0,12.29361121840287,10.0,17,17,0,Excellent,26-35,Very Long
0x20fa,PUNERES08DEL03,27,4.4,18.53408,73.89852,18.62408,73.98852,1900-01-01 20:20:00,1900-01-01 20:30:00,0,1,2,3,4,1.0,1,1,37.0,13.788947117364545,10.0,20,20,1,Average,26-35,Very Long
0x1c22,RANCHIRES19DEL02,39,4.3,23.333017,85.3172,23.463017,85.4472,1900-01-01 17:15:00,1900-01-01 17:20:00,3,3,1,0,4,1.0,1,3,31.0,19.62041929653999,5.0,17,17,0,Average,36-45,Very Long
0x388d,CHENRES05DEL02,39,3.7,13.058616,80.264151,13.138616,80.344151,1900-01-01 18:20:00,1900-01-01 18:25:00,6,3,2,0,4,1.0,1,1,34.0,12.417687564200063,5.0,18,18,1,Average,36-45,Very Long
0x6da0,MYSRES15DEL03,38,4.8,12.352058,76.60665,12.382058,76.63665,1900-01-01 20:40:00,1900-01-01 20:45:00,0,1,0,1,3,0.0,1,1,25.0,4.663187802146826,5.0,20,20,1,Excellent,36-45,Medium
0x84ba,INDORES20DEL01,31,4.8,22.732225,75.874765,22.772225,75.914765,1900-01-01 13:40:00,1900-01-01 13:45:00,3,0,1,3,3,0.0,1,1,26.0,6.050355980667947,5.0,13,13,0,Excellent,26-35,Long
0xcda8,KOCRES18DEL03,30,4.5,9.957144,76.296783,10.047144,76.386783,1900-01-01 23:30:00,1900-01-01 23:45:00,4,2,2,0,4,1.0,1,1,20.0,14.045662159129527,15.0,23,23,0,Good,26-35,Very Long
0x3a64,SURRES20DEL02,23,4.9,21.15276,72.778059,21.20276,72.828059,1900-01-01 22:10:00,1900-01-01 22:15:00,0,2,1,1,3,0.0,1,1,16.0,7.60180033473793,5.0,22,22,0,Excellent,18-25,Long
0x4ad1,INDORES14DEL02,33,4.8,22.761593,75.886362,22.811593,75.936362,1900-01-01 22:45:00,1900-01-01 22:50:00,4,2,1,2,4,1.0,1,1,13.0,7.5620699721624804,5.0,22,22,0,Excellent,26-35,Long
0x5dda,PUNERES16DEL02,32,5.0,18.536718,73.830327,18.586718,73.880327,1900-01-01 18:00:00,1900-01-01 18:15:00,4,3,0,1,3,0.0,1,1,21.0,7.660895664241821,15.0,18,18,1,Excellent,26-35,Long
0xb902,HYDRES17DEL02,36,4.6,17.451976,78.385883,17.471976,78.405883,1900-01-01 11:35:00,1900-01-01 11:45:00,1,0,2,0,4,1.0,1,1,30.0,3.0734537599377685,10.0,11,11,0,Good,36-45,Medium
0xa8bb,BANGRES01DEL01,37,4.1,12.933284,77.615428,12.973284,77.655428,1900-01-01 13:15:00,1900-01-01 13:25:00,3,0,0,1,3,2.0,1,1,43.0,6.2106184931214035,10.0,13,13,0,Average,36-45,Long
0x4999,RANCHIRES13DEL01,39,4.5,23.374989,85.335486,23.414989,85.375486,1900-01-01 14:15:00,1900-01-01 14:20:00,3,0,1,1,3,1.0,1,1,28.0,6.037116126732456,5.0,14,14,0,Good,36-45,Long
0x47f2,CHENRES16DEL01,33,4.9,13.049645,80.242268,13.119645,80.312268,1900-01-01 22:40:00,1900-01-01 22:45:00,6,2,2,2,2,1.0,1,3,28.0,10.865776701899678,5.0,22,22,0,Excellent,26-35,Very Long
0x37be,MUMRES010DEL01,26,4.6,19.003517,72.82765,19.113517,72.93765,1900-01-01 17:45:00,1900-01-01 18:00:00,3,3,2,0,3,0.0,1,1,18.0,16.83046129455743,15.0,17,18,0,Good,26-35,Very Long
0x89b5,BANGRES04DEL01,24,4.0,12.98041,77.640489,12.99041,77.650489,1900-01-01 10:40:00,1900-01-01 10:50:00,3,2,0,1,3,1.0,1,1,18.0,1.5525569843004512,10.0,10,10,1,Average,18-25,Short
0x4c4c,MYSRES06DEL03,31,4.7,12.323994,76.626167,12.353994,76.656167,1900-01-01 18:50:00,1900-01-01 18:55:00,4,3,2,2,3,1.0,1,1,17.0,4.663432062512584,5.0,18,18,1,Good,26-35,Medium
0x50b2,VADRES12DEL03,33,3.7,0.0,0.0,0.09,0.09,1900-01-01 20:20:00,1900-01-01 20:30:00,6,1,1,3,4,1.0,1,1,33.0,14.15280068944862,10.0,20,20,1,Average,26-35,Very Long
0x3806,MUMRES15DEL02,22,4.8,19.176269,72.836721,19.306269,72.966721,1900-01-01 17:20:00,1900-01-01 17:30:00,4,3,2,3,3,0.0,1,3,10.0,19.880157869977552,10.0,17,17,0,Excellent,18-25,Very Long
0x2935,COIMBRES16DEL02,29,4.6,11.010375,76.95295,11.060375,77.00295,1900-01-01 18:10:00,1900-01-01 18:15:00,0,3,0,0,3,1.0,1,1,25.0,7.790314135591859,5.0,18,18,1,Good,26-35,Long
0x6ffe,MYSRES01DEL03,22,4.9,12.311072,76.654878,12.341072,76.684878,1900-01-01 17:40:00,1900-01-01 17:45:00,6,3,0,3,3,0.0,1,1,24.0,4.663544352411129,5.0,17,17,0,Excellent,18-25,Medium
0x2260,MUMRES01DEL02,26,4.7,19.12663,72.829976,19.17663,72.879976,1900-01-01 23:15:00,1900-01-01 23:20:00,0,2,0,2,3,0.0,1,1,20.0,7.6481792534738355,5.0,23,23,0,Good,26-35,Long
0x234d,PUNERES20DEL03,39,4.9,18.592718,73.773572,18.622718,73.803572,1900-01-01 23:15:00,1900-01-01 23:20:00,2,2,2,1,3,1.0,1,1,27.0,4.59595027478907,5.0,23,23,0,Excellent,36-45,Medium
0x22af,BANGRES08DEL03,33,5.0,12.906229,77.596791,12.936229,77.626791,1900-01-01 20:40:00,1900-01-01 20:45:00,0,1,1,1,4,0.0,1,1,38.0,4.65825552423237,5.0,20,20,1,Excellent,26-35,Medium
0x6a5f,MUMRES08DEL02,25,4.9,19.065838,72.832658,19.085838,72.852658,1900-01-01 08:15:00,1900-01-01 08:25:00,0,2,1,0,3,0.0,1,1,14.0,3.0599333272414095,10.0,8,8,1,Excellent,18-25,Medium
0x8e03,BANGRES05DEL01,38,4.6,12.970324,77.645748,13.040324,77.715748,1900-01-01 23:15:00,1900-01-01 23:20:00,6,2,0,1,3,1.0,1,1,25.0,10.867473945951692,5.0,23,23,0,Good,36-45,Very Long
0xa1d1,INDORES06DEL03,31,4.4,22.728163,75.884212,22.758163,75.914212,1900-01-01 19:55:00,1900-01-01 20:05:00,0,1,1,2,3,1.0,1,1,33.0,4.5379053231429145,10.0,19,20,1,Average,26-35,Medium
0x42eb,MUMRES14DEL02,37,4.8,19.1813,72.836191,19.2013,72.856191,1900-01-01 08:10:00,1900-01-01 08:25:00,0,2,1,3,4,1.0,1,3,15.0,3.058924545938562,15.0,8,8,1,Excellent,36-45,Medium
0x2d07,CHENRES16DEL02,23,4.7,13.049645,80.242268,13.129645,80.322268,1900-01-01 23:55:00,1900-01-01 00:10:00,0,2,2,0,2,0.0,1,1,22.0,12.4179077297463,15.0,23,0,0,Good,18-25,Very Long
0xac2e,INDORES19DEL03,35,4.8,22.745536,75.893106,22.805536,75.953106,1900-01-01 18:30:00,1900-01-01 18:35:00,6,3,0,0,3,1.0,1,3,31.0,9.074821802568852,5.0,18,18,1,Excellent,26-35,Long
0x9598,SURRES18DEL02,35,4.5,21.149834,72.778666,21.169834,72.798666,1900-01-01 11:20:00,1900-01-01 11:35:00,1,0,0,1,3,1.0,1,1,29.0,3.040891552951612,15.0,11,11,0,Good,26-35,Medium
0x8421,INDORES11DEL02,32,4.3,22.751234,75.88949,22.771234,75.90949,1900-01-01 09:55:00,1900-01-01 10:10:00,6,2,0,2,3,1.0,1,1,22.0,3.0250863295462396,15.0,9,10,1,Average,26-35,Medium
0x28bb,HYDRES07DEL02,29,4.9,17.424114,78.347554,17.474114,78.397554,1900-01-01 23:15:00,1900-01-01 23:30:00,6,2,2,2,4,1.0,1,1,19.0,7.683892680377775,15.0,23,23,0,Excellent,26-35,Long
0x49f2,SURRES03DEL01,35,4.0,21.186884,72.793616,21.296884,72.903616,1900-01-01 20:15:00,1900-01-01 20:30:00,4,1,0,1,3,1.0,1,1,34.0,16.720582121841456,15.0,20,20,1,Average,26-35,Very Long
0x62bf,BANGRES01DEL02,29,4.5,12.933284,77.615428,12.953284,77.635428,1900-01-01 09:20:00,1900-01-01 09:25:00,0,2,0,2,3,1.0,1,1,20.0,3.1053699758611546,5.0,9,9,1,Good,26-35,Medium
0x8218,INDORES06DEL02,21,4.3,22.728163,75.884212,22.748163,75.904212,1900-01-01 09:50:00,1900-01-01 10:00:00,3,2,0,0,3,1.0,1,1,29.0,3.0253210909321173,10.0,9,10,1,Average,18-25,Medium
0x5415,SURRES09DEL01,26,4.8,21.175975,72.795503,21.185975,72.805503,1900-01-01 09:30:00,1900-01-01 09:35:00,3,2,1,3,4,0.0,1,1,18.0,1.5203447277401048,5.0,9,9,1,Excellent,26-35,Short
0xa4b3,PUNERES03DEL01,32,4.9,18.554382,73.798206,18.564382,73.808206,1900-01-01 11:35:00,1900-01-01 11:40:00,4,0,1,3,3,1.0,1,1,22.0,1.5321890925569548,5.0,11,11,0,Excellent,26-35,Short
0x25ba,INDORES03DEL02,21,4.9,22.751857,75.866699,22.881857,75.996699,1900-01-01 18:50:00,1900-01-01 19:00:00,4,3,2,0,2,0.0,1,3,15.0,19.659373527443684,10.0,18,19,1,Excellent,18-25,Very Long
0x4484,BANGRES12DEL03,39,4.8,12.939496,77.625999,12.969496,77.655999,1900-01-01 18:40:00,1900-01-01 18:55:00,3,3,2,1,2,1.0,1,3,25.0,4.657952854119435,15.0,18,18,1,Excellent,36-45,Medium
0x1c2b,PUNERES12DEL02,32,4.9,18.520016,73.830547,18.570016,73.880547,1900-01-01 18:50:00,1900-01-01 19:00:00,6,3,0,2,3,0.0,1,3,27.0,7.661250453808297,10.0,18,19,1,Excellent,26-35,Long
0x75d2,HYDRES12DEL02,20,4.9,17.429585,78.392621,17.449585,78.412621,1900-01-01 08:35:00,1900-01-01 08:45:00,4,2,0,2,3,1.0,3,1,12.0,3.0736336615831137,10.0,8,8,1,Excellent,18-25,Medium
0x9f0e,INDORES12DEL01,33,4.7,22.74806,75.8934,22.78806,75.9334,1900-01-01 13:55:00,1900-01-01 14:10:00,1,0,0,3,3,0.0,1,1,34.0,6.0500335924587025,15.0,13,14,0,Good,26-35,Long
0x7de5,MYSRES19DEL02,38,4.4,12.334022,76.618203,12.354022,76.638203,1900-01-01 10:50:00,1900-01-01 10:55:00,2,2,0,3,3,1.0,1,4,23.0,3.1089255711547725,5.0,10,10,1,Average,36-45,Medium
0x67ec,COIMBRES09DEL03,22,4.8,11.008638,76.984311,11.068638,77.044311,1900-01-01 19:55:00,1900-01-01 20:10:00,4,1,2,1,4,1.0,1,1,17.0,9.348325936764454,15.0,19,20,1,Excellent,18-25,Long
0x755a,INDORES15DEL03,33,4.0,22.760072,75.892574,22.790072,75.922574,1900-01-01 19:50:00,1900-01-01 19:55:00,2,1,0,1,3,1.0,1,1,31.0,4.537418110277337,5.0,19,19,1,Average,26-35,Medium
0x5a72,BANGRES05DEL02,38,4.7,12.970324,77.645748,13.020324,77.695748,1900-01-01 18:20:00,1900-01-01 18:25:00,3,3,1,2,4,1.0,1,1,26.0,7.7626338661018774,5.0,18,18,1,Good,36-45,Long
0x32ed,RANCHIRES16DEL02,29,4.7,23.371292,85.327872,23.501292,85.457872,1900-01-01 18:20:00,1900-01-01 18:25:00,4,3,1,2,3,0.0,1,1,15.0,19.617824561450774,5.0,18,18,1,Good,26-35,Very Long
0x8dce,HYDRES14DEL01,34,4.7,17.426228,78.407495,17.496228,78.477495,1900-01-01 20:50:00,1900-01-01 21:05:00,4,1,1,3,3,1.0,1,1,15.0,10.75710880025813,15.0,20,21,1,Good,26-35,Very Long
0xa4f2,PUNERES18DEL01,22,4.5,18.593481,73.785901,18.703481,73.895901,1900-01-01 23:45:00,1900-01-01 00:00:00,4,2,0,1,3,1.0,1,1,23.0,16.849904095492622,15.0,23,0,0,Good,18-25,Very Long
0x8e87,JAPRES15DEL01,21,4.8,26.891191,75.802083,27.001191,75.912083,1900-01-01 22:40:00,1900-01-01 22:45:00,2,2,2,1,3,1.0,1,1,18.0,16.385802266862793,5.0,22,22,0,Excellent,18-25,Very Long
0xe127,BHPRES18DEL02,36,4.9,23.234631,77.401663,23.364631,77.531663,1900-01-01 18:30:00,1900-01-01 18:40:00,1,3,0,3,3,0.0,1,1,48.0,19.62707255959286,10.0,18,18,1,Excellent,36-45,Very Long
0x9261,MYSRES06DEL02,30,4.2,12.323994,76.626167,12.373994,76.676167,1900-01-01 21:40:00,1900-01-01 21:55:00,0,1,1,0,3,0.0,1,1,35.0,7.772241719523235,15.0,21,21,1,Average,26-35,Long
0xe025,KOLRES17DEL01,37,4.8,22.569358,88.433452,22.609358,88.473452,1900-01-01 15:15:00,1900-01-01 15:30:00,3,3,1,2,4,1.0,1,3,33.0,6.05366065847918,15.0,15,15,0,Excellent,36-45,Long
0x5d59,INDORES14DEL02,37,5.0,22.761593,75.886362,22.841593,75.966362,1900-01-01 20:35:00,1900-01-01 20:50:00,4,1,1,2,3,1.0,1,3,23.0,12.098699936279859,15.0,20,20,1,Excellent,36-45,Very Long
0x782a,VADRES08DEL02,31,4.9,0.0,0.0,0.05,0.05,1900-01-01 18:30:00,1900-01-01 18:40:00,0,3,0,2,3,1.0,1,1,33.0,7.8626681674103684,10.0,18,18,1,Excellent,26-35,Long
0x3941,BANGRES05DEL02,28,4.8,12.970324,77.645748,13.020324,77.695748,1900-01-01 22:25:00,1900-01-01 22:40:00,2,2,2,2,3,1.0,1,4,18.0,7.7626338661018774,15.0,22,22,0,Excellent,26-35,Long
0x2d2a,COIMBRES01DEL03,30,4.8,11.016298,76.972076,11.106298,77.062076,1900-01-01 22:20:00,1900-01-01 22:35:00,3,2,2,3,4,1.0,1,3,17.0,14.0219570899938,15.0,22,22,0,Excellent,26-35,Very Long
0xb261,INDORES04DEL01,35,4.9,22.753659,75.903365,22.823659,75.973365,1900-01-01 22:45:00,1900-01-01 22:55:00,1,2,2,2,4,1.0,1,1,30.0,10.586824027282614,10.0,22,22,0,Excellent,26-35,Very Long
0xc27,VADRES02DEL01,22,4.6,0.0,0.0,0.01,0.01,1900-01-01 08:20:00,1900-01-01 08:25:00,3,2,1,3,4,1.0,1,3,11.0,1.5725337292863206,5.0,8,8,1,Good,18-25,Short
0x61e4,SURRES02DEL01,36,4.4,21.186608,72.794136,21.296608,72.904136,1900-01-01 17:55:00,1900-01-01 18:00:00,1,3,1,3,3,0.0,1,1,40.0,16.72059667667709,5.0,17,18,0,Average,36-45,Very Long
0xf5f,MUMRES05DEL03,35,4.3,18.927584,72.832585,19.017584,72.922585,1900-01-01 20:45:00,1900-01-01 20:50:00,4,1,0,2,3,1.0,1,1,33.0,13.773737657079298,5.0,20,20,1,Average,26-35,Very Long
0xa261,MYSRES11DEL03,33,4.8,12.323225,76.630028,12.353225,76.660028,1900-01-01 21:15:00,1900-01-01 21:30:00,3,1,1,3,4,1.0,1,1,31.0,4.663438748149054,15.0,21,21,1,Excellent,26-35,Medium
0xd4e7,ALHRES06DEL02,26,4.7,0.0,0.0,0.08,0.08,1900-01-01 20:55:00,1900-01-01 21:00:00,6,1,2,3,4,0.0,1,3,18.0,12.58026782240096,5.0,20,21,1,Good,26-35,Very Long
0x2a46,MUMRES20DEL03,27,5.0,19.103249,72.846749,19.133249,72.876749,1900-01-01 20:45:00,1900-01-01 21:00:00,3,1,2,0,3,1.0,1,1,29.0,4.589345115377281,15.0,20,21,1,Excellent,26-35,Medium
0xc220,KOCRES09DEL01,31,4.9,10.000706,76.349516,10.110706,76.459516,1900-01-01 20:00:00,1900-01-01 20:10:00,6,1,0,3,3,1.0,1,3,44.0,17.16552279552974,10.0,20,20,1,Excellent,26-35,Very Long
0x2014,HYDRES11DEL01,35,4.5,17.430448,78.418213,17.470448,78.458213,1900-01-01 13:50:00,1900-01-01 14:05:00,0,0,1,2,3,0.0,1,1,28.0,6.147092755626801,15.0,13,14,0,Good,26-35,Long
0x84d6,CHENRES05DEL01,37,4.0,13.058616,80.264151,13.128616,80.334151,1900-01-01 19:15:00,1900-01-01 19:20:00,6,1,0,3,3,1.0,2,1,47.0,10.865584127340643,5.0,19,19,1,Average,36-45,Very Long
0x1adb,COIMBRES01DEL02,33,4.1,11.016298,76.972076,11.066298,77.022076,1900-01-01 17:55:00,1900-01-01 18:10:00,3,3,0,2,3,0.0,1,1,34.0,7.790237052802913,15.0,17,18,0,Average,26-35,Long
0x2779,JAPRES14DEL01,23,4.6,26.88842,75.800689,26.92842,75.840689,1900-01-01 16:00:00,1900-01-01 16:05:00,3,3,0,0,3,1.0,1,1,17.0,5.959357904254251,5.0,16,16,0,Good,18-25,Long
0x68b6,JAPRES03DEL01,32,4.8,26.913483,75.803139,27.023483,75.913139,1900-01-01 18:45:00,1900-01-01 18:55:00,6,3,0,2,3,1.0,1,1,33.0,16.384366809227615,10.0,18,18,1,Excellent,26-35,Very Long
0xbcbc,COIMBRES19DEL02,21,4.7,11.022298,76.998349,11.042298,77.018349,1900-01-01 08:50:00,1900-01-01 09:05:00,2,2,1,3,4,1.0,1,1,18.0,3.1161417126181274,15.0,8,9,1,Good,18-25,Medium
0xc228,AGRRES12DEL03,33,4.6,27.165108,78.015053,27.225108,78.075053,1900-01-01 21:10:00,1900-01-01 21:25:00,4,1,1,3,4,0.0,1,1,21.0,8.928939271550702,15.0,21,21,1,Good,26-35,Long
0xa7c,MUMRES12DEL01,27,4.8,19.207222,72.972281,19.247222,73.012281,1900-01-01 13:00:00,1900-01-01 13:15:00,6,0,2,0,4,1.0,1,1,19.0,6.117219095561937,15.0,13,13,0,Excellent,26-35,Long
0x7bd0,MYSRES07DEL01,36,4.7,12.325461,76.632278,12.365461,76.672278,1900-01-01 16:35:00,1900-01-01 16:40:00,4,3,1,2,3,0.0,1,1,16.0,6.217834398578936,5.0,16,16,0,Good,36-45,Long
0x439b,VADRES19DEL02,21,4.6,22.311844,73.165081,22.331844,73.185081,1900-01-01 09:50:00,1900-01-01 10:00:00,0,2,2,0,4,1.0,1,3,15.0,3.0295222215900934,10.0,9,10,1,Good,18-25,Medium
0x1138,MYSRES19DEL03,27,4.1,12.334022,76.618203,12.364022,76.648203,1900-01-01 19:30:00,1900-01-01 19:40:00,6,1,0,1,3,1.0,1,1,33.0,4.663344843093785,10.0,19,19,1,Average,26-35,Medium
0x7427,RANCHIRES010DEL01,30,4.6,23.354422,85.3329,23.464422,85.4429,1900-01-01 22:20:00,1900-01-01 22:30:00,3,2,2,1,4,1.0,1,1,20.0,16.601240146481178,10.0,22,22,0,Good,26-35,Very Long
0x94c4,MYSRES02DEL02,20,4.6,12.304569,76.643622,12.384569,76.723622,1900-01-01 20:40:00,1900-01-01 20:55:00,1,1,2,1,4,1.0,1,1,38.0,12.435689047425509,15.0,20,20,1,Good,18-25,Very Long
0x7ee7,PUNERES08DEL02,27,4.6,18.53408,73.89852,18.58408,73.94852,1900-01-01 21:50:00,1900-01-01 22:00:00,4,1,2,3,3,1.0,1,1,18.0,7.66095172081025,10.0,21,22,1,Good,26-35,Long
0x1c62,COIMBRES05DEL01,35,4.2,11.022169,76.999594,11.132169,77.109594,1900-01-01 19:55:00,1900-01-01 20:05:00,4,1,2,0,3,1.0,1,3,31.0,17.13749142638821,10.0,19,20,1,Average,26-35,Very Long
0x3cb7,HYDRES17DEL03,25,4.2,17.451976,78.385883,17.481976,78.415883,1900-01-01 19:25:00,1900-01-01 19:40:00,4,1,0,2,3,0.0,1,1,51.0,4.610120317988261,15.0,19,19,1,Average,18-25,Medium
0x2cbe,COIMBRES14DEL01,37,3.7,11.003681,76.975525,11.113681,77.085525,1900-01-01 20:15:00,1900-01-01 20:30:00,4,1,2,2,4,0.0,1,1,33.0,17.138022132927368,15.0,20,20,1,Average,36-45,Very Long
0x7dd7,JAPRES08DEL02,20,4.5,26.910262,75.783013,27.040262,75.913013,1900-01-01 20:55:00,1900-01-01 21:00:00,6,1,2,0,2,1.0,1,3,21.0,19.362825446415226,5.0,20,21,1,Good,18-25,Very Long
0x72e8,MYSRES03DEL02,27,4.6,12.299524,76.64262,12.429524,76.77262,1900-01-01 23:20:00,1900-01-01 23:30:00,1,2,2,2,2,1.0,1,3,21.0,20.20724042537554,10.0,23,23,0,Good,26-35,Very Long
0x291b,VADRES04DEL02,25,4.9,0.0,0.0,0.02,0.02,1900-01-01 10:15:00,1900-01-01 10:30:00,2,2,2,2,4,1.0,1,1,16.0,3.145067434621583,15.0,10,10,1,Excellent,18-25,Medium
0xa014,JAPRES06DEL02,24,5.0,26.911927,75.797282,26.991927,75.877282,1900-01-01 20:30:00,1900-01-01 20:35:00,6,1,2,2,4,1.0,1,1,26.0,11.916679298853882,5.0,20,20,1,Excellent,18-25,Very Long
0x7ff,RANCHIRES15DEL02,24,4.9,23.369746,85.33982,23.389746,85.35982,1900-01-01 12:00:00,1900-01-01 12:15:00,4,0,2,1,4,0.0,1,1,10.0,3.01871690507141,15.0,12,12,0,Excellent,18-25,Medium
0x9f11,CHENRES20DEL03,27,5.0,12.975996,80.221898,13.035996,80.281898,1900-01-01 22:20:00,1900-01-01 22:30:00,3,2,2,1,4,0.0,1,3,13.0,9.314965469327513,10.0,22,22,0,Excellent,26-35,Long
0x47dc,CHENRES17DEL03,23,4.7,13.045479,80.23311,13.135479,80.32311,1900-01-01 22:30:00,1900-01-01 22:45:00,3,2,0,3,3,0.0,1,1,19.0,13.970122998261997,15.0,22,22,0,Good,18-25,Very Long
0x446c,MYSRES19DEL02,30,4.5,12.334022,76.618203,12.464022,76.748203,1900-01-01 23:55:00,1900-01-01 00:05:00,0,2,2,1,4,0.0,1,1,32.0,20.20593639018606,10.0,23,0,0,Good,26-35,Very Long
0x237f,COIMBRES09DEL02,28,4.9,11.008638,76.984311,11.088638,77.064311,1900-01-01 22:20:00,1900-01-01 22:35:00,2,2,1,1,4,1.0,1,3,15.0,12.464226008964719,15.0,22,22,0,Excellent,26-35,Very Long
0x3713,COIMBRES010DEL01,36,4.6,11.003008,76.97544,11.073009,77.04544,1900-01-01 17:10:00,1900-01-01 17:15:00,6,3,2,1,3,1.0,1,3,24.0,10.906470984869689,5.0,17,17,0,Good,36-45,Very Long
0x9bef,INDORES16DEL02,34,4.6,22.744648,75.894377,22.764648,75.914377,1900-01-01 08:45:00,1900-01-01 08:50:00,3,2,2,1,3,0.0,1,1,21.0,3.0251533668867396,5.0,8,8,1,Good,26-35,Medium
0x555a,HYDRES17DEL02,22,4.8,17.451976,78.385883,17.471976,78.405883,1900-01-01 10:55:00,1900-01-01 11:05:00,6,2,1,2,4,0.0,1,3,15.0,3.0734537599377685,10.0,10,11,1,Excellent,18-25,Medium
0x8cb6,CHENRES010DEL01,27,4.9,13.066762,80.251865,13.076762,80.261865,1900-01-01 11:40:00,1900-01-01 11:55:00,0,0,1,3,4,0.0,1,1,32.0,1.5522933461661421,15.0,11,11,0,Excellent,26-35,Short
0xc1fe,KNPRES19DEL01,28,4.9,26.49095,80.318656,26.56095,80.388656,1900-01-01 23:40:00,1900-01-01 23:50:00,6,2,2,1,3,1.0,1,3,15.0,10.444437629135967,10.0,23,23,0,Excellent,26-35,Very Long
0x56b2,PUNERES20DEL03,34,4.8,18.592718,73.773572,18.652718,73.833572,1900-01-01 21:10:00,1900-01-01 21:20:00,4,1,2,0,4,1.0,1,1,17.0,9.19151681625338,10.0,21,21,1,Excellent,26-35,Long
0x99cc,CHENRES09DEL02,26,4.8,13.044694,80.26147,13.064694,80.28147,1900-01-01 11:35:00,1900-01-01 11:40:00,6,0,1,2,3,0.0,1,1,27.0,3.1046911695399038,5.0,11,11,0,Excellent,26-35,Medium
0x2fea,INDORES16DEL02,24,4.7,22.744648,75.894377,22.794648,75.944377,1900-01-01 21:15:00,1900-01-01 21:20:00,2,1,1,0,3,1.0,1,3,22.0,7.562501497648588,5.0,21,21,1,Good,18-25,Long
0x363b,HYDRES06DEL03,32,4.6,17.455894,78.375467,17.545894,78.465467,1900-01-01 20:35:00,1900-01-01 20:50:00,1,1,0,0,3,0.0,1,1,40.0,13.82913165629175,15.0,20,20,1,Good,26-35,Very Long
0x8b52,HYDRES18DEL02,31,4.7,17.450851,78.379347,17.580851,78.509347,1900-01-01 18:10:00,1900-01-01 18:25:00,0,3,2,2,3,1.0,1,1,30.0,19.97462742500737,15.0,18,18,1,Good,26-35,Very Long
0x8423,JAPRES11DEL02,37,4.9,26.90294,75.793007,26.98294,75.873007,1900-01-01 23:45:00,1900-01-01 23:50:00,0,2,0,0,3,2.0,1,3,37.0,11.917100051488791,5.0,23,23,0,Excellent,36-45,Very Long
0xc1be,AGRRES12DEL03,29,4.6,27.165108,78.015053,27.195108,78.045053,1900-01-01 20:35:00,1900-01-01 20:40:00,1,1,1,1,4,1.0,1,1,27.0,4.464734973807576,5.0,20,20,1,Good,26-35,Medium
0xa918,HYDRES15DEL03,25,4.8,17.45971,78.368855,17.48971,78.398855,1900-01-01 23:35:00,1900-01-01 23:40:00,0,2,1,0,4,0.0,3,4,10.0,4.610027010711368,5.0,23,23,0,Excellent,18-25,Medium
0x9500,JAPRES03DEL02,21,4.8,26.913483,75.803139,26.993483,75.883139,1900-01-01 22:40:00,1900-01-01 22:50:00,6,2,0,2,3,1.0,1,1,17.0,11.916606438888204,10.0,22,22,0,Excellent,18-25,Very Long
0xb984,HYDRES18DEL02,29,4.9,17.450851,78.379347,17.500851,78.429347,1900-01-01 20:55:00,1900-01-01 21:05:00,3,1,1,0,3,1.0,1,1,20.0,7.683355299930933,10.0,20,21,1,Excellent,26-35,Long
0x1b0c,MUMRES01DEL03,20,4.6,19.12663,72.829976,19.21663,72.919976,1900-01-01 20:35:00,1900-01-01 20:40:00,2,1,2,2,3,1.0,1,3,22.0,13.765934616154562,5.0,20,20,1,Good,18-25,Very Long
0xb911,RANCHIRES03DEL02,28,4.8,0.0,0.0,0.02,0.02,1900-01-01 09:45:00,1900-01-01 09:50:00,6,2,2,3,3,1.0,1,4,10.0,3.145067434621583,5.0,9,9,1,Excellent,26-35,Medium
0xd823,DEHRES06DEL03,22,3.3,30.361281,78.068022,30.501281,78.208022,1900-01-01 23:00:00,1900-01-01 23:05:00,4,2,2,3,4,1.0,1,1,37.0,20.555026364273903,5.0,23,23,0,Average,18-25,Very Long
0xc718,AURGRES05DEL03,37,4.1,19.875522,75.367127,19.905522,75.397127,1900-01-01 23:20:00,1900-01-01 23:35:00,2,2,0,0,3,1.0,1,1,26.0,4.579048174782752,15.0,23,23,0,Average,36-45,Medium
0x2fcb,RANCHIRES19DEL01,35,4.9,23.333017,85.3172,23.373017,85.3572,1900-01-01 15:20:00,1900-01-01 15:30:00,3,3,1,3,3,1.0,1,1,28.0,6.037990253487766,10.0,15,15,0,Excellent,26-35,Long
0x435d,JAPRES03DEL02,26,4.6,26.913483,75.803139,26.993483,75.883139,1900-01-01 22:35:00,1900-01-01 22:40:00,6,2,1,1,4,1.0,1,1,16.0,11.916606438888204,5.0,22,22,0,Good,26-35,Very Long
0x3d91,JAPRES01DEL01,26,4.8,26.90519,75.810753,26.94519,75.850753,1900-01-01 13:15:00,1900-01-01 13:20:00,4,0,2,3,2,0.0,1,1,14.0,5.958965689667192,5.0,13,13,0,Excellent,26-35,Long
0xb77d,SURRES16DEL01,21,4.5,21.160437,72.774209,21.170437,72.784209,1900-01-01 09:45:00,1900-01-01 09:50:00,6,2,2,3,3,1.0,1,4,14.0,1.5204190072774333,5.0,9,9,1,Good,18-25,Short
0xce54,DEHRES20DEL02,37,3.7,0.0,0.0,0.13,0.13,1900-01-01 20:00:00,1900-01-01 20:05:00,6,1,2,3,4,1.0,1,1,39.0,20.44292976252901,5.0,20,20,1,Average,36-45,Very Long
0xb3a1,COIMBRES03DEL01,29,5.0,11.025083,77.015393,11.065083,77.055393,1900-01-01 12:10:00,1900-01-01 12:25:00,6,0,0,2,3,0.0,1,1,24.0,6.232150258829198,15.0,12,12,0,Excellent,26-35,Long
0xbb9d,VADRES07DEL01,38,4.2,0.0,0.0,0.11,0.11,1900-01-01 21:35:00,1900-01-01 21:50:00,1,1,2,3,2,0.0,1,1,35.0,17.29786575291325,15.0,21,21,1,Average,36-45,Very Long
0x5868,PUNERES04DEL01,23,4.7,18.51421,73.838429,18.62421,73.948429,1900-01-01 19:30:00,1900-01-01 19:40:00,4,1,1,0,4,0.0,1,1,14.0,16.85361872985359,10.0,19,19,1,Good,18-25,Very Long
0x67f2,JAPRES16DEL03,23,4.1,26.849596,75.800512,26.879596,75.830512,1900-01-01 19:55:00,1900-01-01 20:00:00,6,1,0,3,3,1.0,1,1,34.0,4.470286489434607,5.0,19,20,1,Average,18-25,Medium
0x6732,CHENRES18DEL02,35,4.9,12.981615,80.231598,13.001615,80.251598,1900-01-01 08:40:00,1900-01-01 08:50:00,2,2,1,0,4,1.0,1,1,29.0,3.1050761845074675,10.0,8,8,1,Excellent,26-35,Medium
0x36c3,COIMBRES15DEL02,26,4.7,11.006686,76.951736,11.056686,77.001736,1900-01-01 17:45:00,1900-01-01 17:55:00,0,3,0,0,3,1.0,1,1,26.0,7.79036212453358,10.0,17,17,0,Good,26-35,Long
0xa97d,INDORES20DEL02,23,4.8,22.732225,75.874765,22.782225,75.924765,1900-01-01 17:30:00,1900-01-01 17:40:00,6,3,0,0,3,0.0,1,3,25.0,7.5628176900723,10.0,17,17,0,Excellent,18-25,Long
0xb18a,INDORES08DEL01,26,4.2,22.725748,75.898497,22.765747,75.938497,1900-01-01 13:20:00,1900-01-01 13:30:00,4,0,0,0,3,1.0,2,1,53.0,6.0504060616582525,10.0,13,13,0,Average,26-35,Long
0xa687,RANCHIRES15DEL01,33,4.4,23.369746,85.33982,23.479746,85.44982,1900-01-01 17:15:00,1900-01-01 17:30:00,6,3,0,3,3,2.0,2,1,44.0,16.600361127912656,15.0,17,17,0,Average,26-35,Very Long
0x51fe,COIMBRES07DEL03,25,4.8,10.96185,76.971082,11.05185,77.061082,1900-01-01 18:35:00,1900-01-01 18:45:00,3,3,2,1,4,1.0,1,3,23.0,14.023232083084483,10.0,18,18,1,Excellent,18-25,Very Long
0x5dfa,VADRES16DEL03,38,4.7,0.0,0.0,0.06,0.06,1900-01-01 19:00:00,1900-01-01 19:15:00,2,3,2,0,2,1.0,1,1,27.0,9.435201537430713,15.0,19,19,1,Good,36-45,Long
0x3343,BANGRES17DEL01,28,4.8,12.972532,77.608179,13.012532,77.648179,1900-01-01 16:00:00,1900-01-01 16:10:00,2,3,0,0,3,1.0,1,3,19.0,6.210141144622587,10.0,16,16,0,Excellent,26-35,Long
0x1498,COIMBRES18DEL03,34,4.9,11.02091,76.940432,11.11091,77.030432,1900-01-01 23:30:00,1900-01-01 23:40:00,4,2,0,1,3,0.0,1,1,22.0,14.021848812228344,10.0,23,23,0,Excellent,26-35,Very Long
0x450b,VADRES11DEL01,27,4.5,22.308096,73.167753,22.348096,73.207753,1900-01-01 14:40:00,1900-01-01 14:45:00,3,0,1,2,3,1.0,1,3,27.0,6.058919182290143,5.0,14,14,0,Good,26-35,Long
0x4854,MUMRES04DEL01,25,4.9,19.254567,72.848923,19.264567,72.858923,1900-01-01 09:25:00,1900-01-01 09:40:00,4,2,1,2,4,1.0,1,3,20.0,1.529162766029632,15.0,9,9,1,Excellent,18-25,Short
0xc49,SURRES13DEL02,22,3.8,21.170096,72.789122,21.220096,72.839122,1900-01-01 19:30:00,1900-01-01 19:35:00,4,1,0,3,3,1.0,1,3,40.0,7.601385733164932,5.0,19,19,1,Average,18-25,Long
0x5824,COIMBRES07DEL02,22,5.0,10.96185,76.971082,11.09185,77.101082,1900-01-01 21:50:00,1900-01-01 22:00:00,3,1,0,1,3,1.0,1,1,35.0,20.25510293833981,10.0,21,22,1,Excellent,18-25,Very Long
0xa8b,BANGRES03DEL01,38,4.5,12.979166,77.640709,12.989166,77.650709,1900-01-01 08:50:00,1900-01-01 09:05:00,3,2,2,3,4,1.0,1,1,20.0,1.5525607701091517,15.0,8,9,1,Good,36-45,Short
0x8935,MYSRES05DEL03,32,4.1,12.323978,76.627961,12.413978,76.717961,1900-01-01 17:50:00,1900-01-01 18:00:00,0,3,2,3,3,1.0,1,1,42.0,13.989512471854455,10.0,17,18,0,Average,26-35,Very Long
0x8f0b,SURRES16DEL01,31,4.7,21.160437,72.774209,21.200437,72.814209,1900-01-01 16:45:00,1900-01-01 16:50:00,4,3,1,2,4,1.0,1,1,18.0,6.081389116676368,5.0,16,16,0,Good,26-35,Long
0x3cb3,MUMRES16DEL02,24,4.7,19.120083,72.907385,19.250083,73.037385,1900-01-01 17:50:00,1900-01-01 18:05:00,1,3,2,3,2,1.0,1,1,32.0,19.883360631545855,15.0,17,18,0,Good,18-25,Very Long
0xc213,KOLRES12DEL02,35,3.8,22.551084,88.354127,22.631084,88.434127,1900-01-01 18:55:00,1900-01-01 19:00:00,6,3,1,0,3,1.0,1,1,33.0,12.107250921527273,5.0,18,19,1,Average,26-35,Very Long
0xcee7,KOCRES19DEL01,23,5.0,9.960846,76.293936,10.030846,76.363936,1900-01-01 23:50:00,1900-01-01 00:05:00,3,2,1,3,4,1.0,1,1,16.0,10.924508385005714,15.0,23,0,0,Excellent,18-25,Very Long
0x4506,BANGRES010DEL02,27,4.8,12.933298,77.614293,13.013298,77.694293,1900-01-01 19:55:00,1900-01-01 20:00:00,6,1,1,3,3,1.0,1,1,27.0,12.420750050313671,5.0,19,20,1,Excellent,26-35,Very Long
0xc1cc,LUDHRES11DEL03,39,4.1,30.893081,75.821495,30.983081,75.911495,1900-01-01 19:10:00,1900-01-01 19:20:00,6,1,0,3,3,3.0,1,2,49.0,13.18449338209143,10.0,19,19,1,Average,36-45,Very Long
0xc820,DEHRES04DEL01,32,4.0,30.340722,78.060221,30.410722,78.130221,1900-01-01 20:30:00,1900-01-01 20:40:00,1,1,2,2,2,1.0,1,1,42.0,10.280009835772024,10.0,20,20,1,Average,26-35,Very Long
0x31e2,BANGRES04DEL02,22,4.9,12.98041,77.640489,13.06041,77.720489,1900-01-01 18:20:00,1900-01-01 18:25:00,4,3,2,1,2,1.0,1,1,19.0,12.41960204102968,5.0,18,18,1,Excellent,18-25,Very Long
0x40ff,MUMRES01DEL01,36,4.7,19.12663,72.829976,19.13663,72.839976,1900-01-01 09:15:00,1900-01-01 09:30:00,2,2,2,0,2,1.0,1,1,29.0,1.5297232853100242,15.0,9,9,1,Good,36-45,Short
0x5c39,MUMRES06DEL02,31,4.3,19.055831,72.833984,19.185831,72.963984,1900-01-01 20:25:00,1900-01-01 20:40:00,2,1,1,3,4,0.0,1,1,35.0,19.88701283582688,15.0,20,20,1,Average,26-35,Very Long
0xbcb4,COIMBRES19DEL02,24,4.9,11.022298,76.998349,11.042298,77.018349,1900-01-01 12:00:00,1900-01-01 12:10:00,2,0,2,3,4,1.0,1,3,21.0,3.1161417126181274,10.0,12,12,0,Excellent,18-25,Medium
0x8404,MUMRES16DEL01,21,4.7,19.120083,72.907385,19.230083,73.017385,1900-01-01 22:55:00,1900-01-01 23:05:00,3,2,1,0,3,1.0,1,1,19.0,16.824864367093813,10.0,22,23,0,Good,18-25,Very Long
0x33cf,JAPRES17DEL01,22,4.2,26.892312,75.806896,27.002312,75.916896,1900-01-01 18:35:00,1900-01-01 18:40:00,1,3,2,1,2,2.0,1,1,39.0,16.385730104308024,5.0,18,18,1,Average,18-25,Very Long
0xc1aa,BHPRES07DEL01,24,4.7,0.0,0.0,0.11,0.11,1900-01-01 17:45:00,1900-01-01 18:00:00,1,3,0,3,3,1.0,1,3,30.0,17.29786575291325,15.0,17,18,0,Good,18-25,Very Long
0x4fec,RANCHIRES20DEL02,34,5.0,23.39925,85.390464,23.52925,85.520464,1900-01-01 23:50:00,1900-01-01 00:00:00,4,2,1,0,4,1.0,1,1,29.0,19.615926964388624,10.0,23,0,0,Excellent,26-35,Very Long
0x3c9a,PUNERES19DEL01,28,4.5,18.563934,73.915367,18.673935,74.025367,1900-01-01 20:00:00,1900-01-01 20:10:00,6,1,0,0,3,1.0,1,1,28.0,16.851371030914212,10.0,20,20,1,Good,26-35,Very Long
0xe97,JAPRES04DEL01,37,4.9,26.902328,75.794257,26.942328,75.834257,1900-01-01 13:15:00,1900-01-01 13:30:00,1,0,0,3,3,1.0,1,1,26.0,5.959032639454782,15.0,13,13,0,Excellent,36-45,Long
0x59b7,SURRES16DEL02,36,4.8,21.160437,72.774209,21.290437,72.904209,1900-01-01 18:20:00,1900-01-01 18:30:00,4,3,1,2,3,1.0,1,3,19.0,19.76171176132034,10.0,18,18,1,Excellent,36-45,Very Long
0x7edb,BANGRES11DEL01,35,4.5,12.934365,77.616155,12.974365,77.656155,1900-01-01 15:20:00,1900-01-01 15:30:00,3,3,0,2,3,1.0,1,3,28.0,6.210605364096597,10.0,15,15,0,Good,26-35,Long
0xac13,RANCHIRES02DEL03,25,4.6,0.0,0.0,0.09,0.09,1900-01-01 18:40:00,1900-01-01 18:55:00,3,3,0,1,3,1.0,1,1,22.0,14.15280068944862,15.0,18,18,1,Good,18-25,Very Long
0x49cd,HYDRES03DEL03,23,4.8,17.422819,78.449578,17.482819,78.509578,1900-01-01 20:40:00,1900-01-01 20:55:00,6,1,1,2,4,0.0,1,3,19.0,9.22058182647967,15.0,20,20,1,Excellent,18-25,Long
0xa93,MUMRES18DEL01,39,4.8,19.1093,72.825451,19.1793,72.895451,1900-01-01 22:50:00,1900-01-01 22:55:00,3,2,0,1,3,1.0,1,4,20.0,10.707675026486205,5.0,22,22,0,Excellent,36-45,Very Long
0xdc24,ALHRES17DEL03,31,4.1,25.45235,81.841889,25.59235,81.981889,1900-01-01 19:25:00,1900-01-01 19:30:00,0,1,2,1,3,1.0,1,1,47.0,20.968834115272433,5.0,19,19,1,Average,26-35,Very Long
0xd601,LUDHRES12DEL02,37,4.7,30.893244,75.821817,30.943244,75.871817,1900-01-01 20:40:00,1900-01-01 20:45:00,0,1,0,3,3,1.0,1,1,27.0,7.3253631982374,5.0,20,20,1,Good,36-45,Long
0xb3ed,MYSRES07DEL01,31,4.2,12.325461,76.632278,12.365461,76.672278,1900-01-01 15:50:00,1900-01-01 15:55:00,3,3,2,1,4,0.0,1,1,32.0,6.217834398578936,5.0,15,15,0,Average,26-35,Long
0x5031,HYDRES19DEL03,29,4.7,17.458998,78.500366,17.488998,78.530366,1900-01-01 19:10:00,1900-01-01 19:15:00,6,1,0,3,3,1.0,1,3,20.0,4.610035602260694,5.0,19,19,1,Good,26-35,Medium
0x125e,VADRES12DEL03,31,4.7,0.0,0.0,0.06,0.06,1900-01-01 18:25:00,1900-01-01 18:35:00,1,3,2,0,4,1.0,1,1,16.0,9.435201537430713,10.0,18,18,1,Good,26-35,Long
0x655c,MYSRES08DEL02,30,4.9,12.297954,76.665169,12.427954,76.795169,1900-01-01 21:35:00,1900-01-01 21:40:00,6,1,0,1,3,2.0,1,1,44.0,20.20729968887068,5.0,21,21,1,Excellent,26-35,Very Long
0x834a,PUNERES06DEL01,29,5.0,18.546258,73.904337,18.556258,73.914337,1900-01-01 11:00:00,1900-01-01 11:15:00,0,2,0,1,3,1.0,1,3,20.0,1.5322236104030795,15.0,11,11,0,Excellent,26-35,Short
0x24e5,VADRES11DEL01,32,4.7,22.308096,73.167753,22.318096,73.177753,1900-01-01 10:40:00,1900-01-01 10:55:00,2,2,2,3,3,1.0,1,1,28.0,1.5148048951935007,15.0,10,10,1,Good,26-35,Short
0xc03f,LUDHRES16DEL01,25,4.6,-30.895817,75.813112,30.905817,75.823112,1900-01-01 10:10:00,1900-01-01 10:15:00,6,2,2,1,2,0.0,1,4,13.0,6872.0282402088105,5.0,10,10,1,Good,18-25,
0x6abb,CHENRES010DEL02,35,4.7,13.066762,80.251865,13.086762,80.271865,1900-01-01 09:30:00,1900-01-01 09:45:00,1,2,0,2,3,1.0,1,1,26.0,3.104556052438096,15.0,9,9,1,Good,26-35,Medium
0xc0c1,AURGRES17DEL02,26,4.9,-19.876994,75.372353,20.006994,75.502353,1900-01-01 21:55:00,1900-01-01 22:00:00,0,1,0,2,3,2.0,1,1,42.0,4434.919719051924,5.0,21,22,1,Excellent,26-35,
0xc16,MUMRES02DEL02,23,4.6,19.221315,72.862381,19.271315,72.912381,1900-01-01 19:25:00,1900-01-01 19:40:00,4,1,1,0,4,0.0,1,3,12.0,7.64610474832152,15.0,19,19,1,Good,18-25,Long
0x9c22,CHENRES08DEL02,30,4.8,13.022394,80.242439,13.152394,80.372439,1900-01-01 22:25:00,1900-01-01 22:35:00,1,2,2,3,4,0.0,1,3,26.0,20.17918820668875,10.0,22,22,0,Excellent,26-35,Very Long
0x1b75,SURRES04DEL02,30,4.7,21.173493,72.801953,21.223493,72.851953,1900-01-01 18:35:00,1900-01-01 18:50:00,2,3,1,2,4,1.0,1,1,29.0,7.601304456856061,15.0,18,18,1,Good,26-35,Long
0x8aac,MYSRES06DEL02,23,4.6,12.323994,76.626167,12.403994,76.706167,1900-01-01 19:40:00,1900-01-01 19:55:00,1,1,1,0,4,1.0,1,1,39.0,12.435238152054547,15.0,19,19,1,Good,18-25,Very Long
0x7340,PUNERES09DEL02,32,5.0,18.536562,73.896485,18.586562,73.946485,1900-01-01 17:25:00,1900-01-01 17:35:00,0,3,2,2,4,1.0,1,1,17.0,7.660898979387872,10.0,17,17,0,Excellent,26-35,Long
0x7de9,HYDRES12DEL01,26,4.7,17.429585,78.392621,17.539585,78.502621,1900-01-01 22:15:00,1900-01-01 22:20:00,1,2,0,2,3,1.0,1,3,24.0,16.902993744245755,5.0,22,22,0,Good,26-35,Very Long
0x302f,BANGRES01DEL01,37,4.6,12.933284,77.615428,12.943284,77.625428,1900-01-01 09:20:00,1900-01-01 09:30:00,2,2,2,3,3,1.0,1,1,27.0,1.5527001583674398,10.0,9,9,1,Good,36-45,Short
0x4f3f,PUNERES06DEL01,21,4.8,18.546258,73.904337,18.616258,73.974337,1900-01-01 17:20:00,1900-01-01 17:35:00,6,3,1,3,3,1.0,1,1,27.0,10.72467208673564,15.0,17,17,0,Excellent,18-25,Very Long
0x6b7d,VADRES02DEL03,33,4.5,0.0,0.0,0.09,0.09,1900-01-01 19:30:00,1900-01-01 19:40:00,2,1,1,1,4,0.0,1,1,27.0,14.15280068944862,10.0,19,19,1,Good,26-35,Very Long
0x2c99,MUMRES07DEL01,28,4.1,19.091458,72.827808,19.161458,72.897808,1900-01-01 20:20:00,1900-01-01 20:35:00,1,1,2,0,4,0.0,1,1,39.0,10.708220667367794,15.0,20,20,1,Average,26-35,Very Long
0x273b,MUMRES14DEL01,33,4.9,19.1813,72.836191,19.1913,72.846191,1900-01-01 08:15:00,1900-01-01 08:30:00,6,2,1,3,3,1.0,1,1,25.0,1.5294841760997977,15.0,8,8,1,Excellent,26-35,Short
0x1e02,VADRES08DEL01,33,4.9,0.0,0.0,0.01,0.01,1900-01-01 11:55:00,1900-01-01 12:00:00,1,0,2,1,4,1.0,1,1,26.0,1.5725337292863206,5.0,11,12,0,Excellent,26-35,Short
0x7599,PUNERES12DEL02,25,4.8,18.520016,73.830547,18.540016,73.850547,1900-01-01 11:20:00,1900-01-01 11:35:00,2,0,2,1,2,1.0,1,1,20.0,3.064627592336888,15.0,11,11,0,Excellent,18-25,Medium
0x6148,INDORES18DEL03,31,4.9,22.753839,75.897429,22.783839,75.927429,1900-01-01 21:45:00,1900-01-01 21:50:00,4,1,2,0,4,0.0,1,1,17.0,4.537513326842717,5.0,21,21,1,Excellent,26-35,Medium
0xaba1,SURRES19DEL02,31,5.0,21.149669,72.772629,21.169669,72.792629,1900-01-01 10:40:00,1900-01-01 10:45:00,3,2,2,3,3,1.0,1,1,25.0,3.0408931296411703,5.0,10,10,1,Excellent,26-35,Medium
0x1aa6,INDORES14DEL02,39,5.0,22.761593,75.886362,22.811593,75.936362,1900-01-01 19:40:00,1900-01-01 19:45:00,0,1,0,0,3,1.0,1,1,31.0,7.5620699721624804,5.0,19,19,1,Excellent,36-45,Long
0xca61,AGRRES07DEL02,38,4.5,27.160934,78.044095,27.210934,78.094095,1900-01-01 21:55:00,1900-01-01 22:00:00,1,1,2,2,4,1.0,1,3,27.0,7.441053171025902,5.0,21,22,1,Good,36-45,Long
0x6586,MYSRES08DEL02,21,4.2,12.297954,76.665169,12.347954,76.715169,1900-01-01 22:55:00,1900-01-01 23:00:00,3,2,0,1,3,0.0,1,3,25.0,7.772618958964861,5.0,22,23,0,Average,18-25,Long
0x2724,MYSRES12DEL01,27,4.6,12.284747,76.625861,12.354747,76.695861,1900-01-01 17:30:00,1900-01-01 17:45:00,3,3,2,1,2,0.0,1,1,27.0,10.881731319465791,15.0,17,17,0,Good,26-35,Very Long
0x81d1,MUMRES16DEL01,38,5.0,19.120083,72.907385,19.130083,72.917385,1900-01-01 11:30:00,1900-01-01 11:35:00,2,0,0,2,3,1.0,1,1,33.0,1.529751878579505,5.0,11,11,0,Excellent,36-45,Short
0x6367,SURRES19DEL02,31,4.9,21.149669,72.772629,21.229669,72.852629,1900-01-01 18:45:00,1900-01-01 18:55:00,1,3,0,3,3,3.0,1,1,45.0,12.162424445777306,10.0,18,18,1,Excellent,26-35,Very Long
0x59c2,VADRES16DEL02,26,4.4,0.0,0.0,0.02,0.02,1900-01-01 11:55:00,1900-01-01 12:10:00,2,0,0,1,3,1.0,1,1,31.0,3.145067434621583,15.0,11,12,0,Average,26-35,Medium
0x427e,BANGRES16DEL01,31,4.8,13.029198,77.570997,13.099198,77.640997,1900-01-01 20:45:00,1900-01-01 21:00:00,4,1,1,2,3,1.0,1,1,23.0,10.866215152975023,15.0,20,21,1,Excellent,26-35,Very Long
0x9510,MYSRES20DEL01,34,4.3,12.337978,76.616792,12.407978,76.686792,1900-01-01 21:15:00,1900-01-01 21:30:00,0,1,2,0,3,0.0,1,3,39.0,10.880650831531838,15.0,21,21,1,Average,26-35,Very Long
0xbb1,BANGRES03DEL01,20,4.1,12.979166,77.640709,13.049166,77.710709,1900-01-01 19:00:00,1900-01-01 19:10:00,0,3,2,3,2,1.0,1,1,36.0,10.867285240714486,10.0,19,19,1,Average,18-25,Very Long
0xb1b1,BANGRES14DEL02,37,4.6,12.949934,77.699386,13.029934,77.779386,1900-01-01 23:55:00,1900-01-01 00:00:00,6,2,0,3,3,1.0,1,3,26.0,12.420345124240976,5.0,23,0,0,Good,36-45,Very Long
0x93b4,PUNERES01DEL03,20,4.7,18.569156,73.774723,18.629156,73.834723,1900-01-01 21:20:00,1900-01-01 21:25:00,0,1,1,2,3,1.0,1,1,28.0,9.192119121311745,5.0,21,21,1,Good,18-25,Long
0x8ab3,SURRES09DEL01,21,4.5,21.175975,72.795503,21.185975,72.805503,1900-01-01 09:30:00,1900-01-01 09:35:00,0,2,0,3,3,1.0,1,1,17.0,1.5203447277401048,5.0,9,9,1,Good,18-25,Short
0xdb46,ALHRES17DEL02,24,4.6,25.45235,81.841889,25.50235,81.891889,1900-01-01 20:35:00,1900-01-01 20:40:00,6,1,0,0,3,1.0,1,1,28.0,7.490130247612089,5.0,20,20,1,Good,18-25,Long
0x3d14,RANCHIRES11DEL03,37,4.8,23.359194,85.325447,23.389194,85.355447,1900-01-01 22:30:00,1900-01-01 22:45:00,0,2,0,2,3,1.0,1,1,29.0,4.528162065607132,15.0,22,22,0,Excellent,36-45,Medium
0xe257,DEHRES04DEL01,23,4.8,30.340722,78.060221,30.350722,78.070221,1900-01-01 08:25:00,1900-01-01 08:40:00,4,2,0,2,3,0.0,1,1,17.0,1.4687651667291866,15.0,8,8,1,Excellent,18-25,Short
0x96f5,COIMBRES02DEL03,26,4.8,11.022477,76.995667,11.112477,77.085667,1900-01-01 20:10:00,1900-01-01 20:25:00,3,1,2,1,4,0.0,1,3,18.0,14.021812013196106,15.0,20,20,1,Excellent,26-35,Very Long
0x2888,SURRES06DEL02,25,4.7,21.185047,72.80859,21.315047,72.93859,1900-01-01 21:30:00,1900-01-01 21:45:00,3,1,1,3,3,0.0,1,3,19.0,19.760178243292938,15.0,21,21,1,Good,18-25,Very Long
0xcf5e,KOCRES18DEL01,25,4.6,9.957144,76.296783,10.067144,76.406783,1900-01-01 23:15:00,1900-01-01 23:25:00,0,2,0,0,3,0.0,1,1,24.0,17.16665964124969,10.0,23,23,0,Good,18-25,Very Long
0xc20,VADRES01DEL03,24,5.0,22.307898,73.167788,22.397898,73.257788,1900-01-01 19:45:00,1900-01-01 19:55:00,3,1,1,2,4,0.0,1,3,19.0,13.63144919848171,10.0,19,19,1,Excellent,18-25,Very Long
0x1e04,CHENRES06DEL02,31,4.0,13.054347,80.257221,13.134347,80.337221,1900-01-01 18:50:00,1900-01-01 19:05:00,0,3,1,0,4,1.0,1,1,33.0,12.417792351617555,15.0,18,19,1,Average,26-35,Very Long
0x895f,HYDRES16DEL01,33,4.9,17.440827,78.393391,17.550827,78.503391,1900-01-01 19:15:00,1900-01-01 19:20:00,3,1,2,3,4,1.0,1,1,28.0,16.90249592854745,5.0,19,19,1,Excellent,26-35,Very Long
0x1bf4,JAPRES02DEL03,34,4.2,26.914142,75.805704,26.974142,75.865704,1900-01-01 18:25:00,1900-01-01 18:35:00,0,3,0,0,3,1.0,1,3,31.0,8.93778311563518,10.0,18,18,1,Average,26-35,Long
0x2ce2,CHENRES11DEL01,31,4.7,13.064181,80.236442,13.104181,80.276442,1900-01-01 13:00:00,1900-01-01 13:15:00,2,0,0,1,3,2.0,1,1,44.0,6.209021101535612,15.0,13,13,0,Good,26-35,Long
0x887f,COIMBRES13DEL03,37,4.7,11.003669,76.976494,11.033669,77.006494,1900-01-01 21:45:00,1900-01-01 21:55:00,1,1,2,3,2,1.0,1,3,27.0,4.67431885403065,10.0,21,21,1,Good,36-45,Medium
0x1b86,MYSRES18DEL03,36,4.9,12.337928,76.617889,12.367928,76.647889,1900-01-01 20:15:00,1900-01-01 20:30:00,4,1,0,1,3,1.0,1,1,24.0,4.663310851898783,15.0,20,20,1,Excellent,36-45,Medium
0xa2b2,INDORES09DEL03,21,4.9,22.725835,75.887648,22.785835,75.947648,1900-01-01 17:55:00,1900-01-01 18:10:00,3,3,1,0,3,1.0,1,1,27.0,9.075423573606574,15.0,17,18,0,Excellent,18-25,Long
0x593e,PUNERES02DEL01,34,4.0,18.55144,73.804855,18.62144,73.874855,1900-01-01 18:10:00,1900-01-01 18:25:00,1,3,2,0,4,1.0,1,1,37.0,10.724517748046024,15.0,18,18,1,Average,26-35,Very Long
0x181d,SURRES18DEL03,23,4.7,21.149834,72.778666,21.209834,72.838666,1900-01-01 20:45:00,1900-01-01 20:55:00,3,1,1,0,4,0.0,1,3,21.0,9.122100805601145,10.0,20,20,1,Good,18-25,Long
0xaf08,INDORES02DEL03,23,4.9,22.651847,75.881991,22.741847,75.971991,1900-01-01 22:50:00,1900-01-01 23:00:00,4,2,0,0,3,1.0,1,1,26.0,13.615833459011268,10.0,22,23,0,Excellent,18-25,Very Long
0x7e24,SURRES16DEL01,32,4.7,21.160437,72.774209,21.270437,72.884209,1900-01-01 23:35:00,1900-01-01 23:40:00,6,2,2,2,4,0.0,1,1,21.0,16.721976048741215,5.0,23,23,0,Good,26-35,Very Long
0x8286,BANGRES08DEL02,31,4.6,12.906229,77.596791,12.956229,77.646791,1900-01-01 22:30:00,1900-01-01 22:45:00,0,2,1,1,4,1.0,1,1,19.0,7.763607607839511,15.0,22,22,0,Good,26-35,Long
0x76b7,CHENRES08DEL02,38,4.0,13.022394,80.242439,13.102394,80.322439,1900-01-01 17:20:00,1900-01-01 17:35:00,1,3,1,0,3,1.0,1,1,34.0,12.418575637818037,15.0,17,17,0,Average,36-45,Very Long
0x887a,COIMBRES11DEL01,37,4.8,11.001753,76.986241,11.041753,77.026241,1900-01-01 12:15:00,1900-01-01 12:20:00,1,0,2,0,2,1.0,1,1,30.0,6.232393050016768,5.0,12,12,0,Excellent,36-45,Long
0xbcb9,MUMRES03DEL01,22,4.9,19.22384,72.841347,19.29384,72.911347,1900-01-01 23:40:00,1900-01-01 23:45:00,1,2,0,1,3,1.0,1,1,21.0,10.704161271430332,5.0,23,23,0,Excellent,18-25,Very Long
0x8876,RANCHIRES15DEL01,36,4.5,23.369746,85.33982,23.379746,85.34982,1900-01-01 09:55:00,1900-01-01 10:10:00,3,2,1,0,3,1.0,1,1,28.0,1.5093844931452696,15.0,9,10,1,Good,36-45,Short
0xbe98,MUMRES06DEL01,28,4.9,19.055831,72.833984,19.095831,72.873984,1900-01-01 15:35:00,1900-01-01 15:50:00,2,3,2,3,2,1.0,1,1,23.0,6.1198667120156145,15.0,15,15,0,Excellent,26-35,Long
0x3861,MYSRES20DEL03,37,4.9,12.337978,76.616792,12.397978,76.676792,1900-01-01 22:55:00,1900-01-01 23:00:00,0,2,0,0,3,1.0,1,1,29.0,9.32635938574064,5.0,22,23,0,Excellent,36-45,Long
0x3f3f,MUMRES17DEL01,28,4.8,19.121999,72.908493,19.131999,72.918493,1900-01-01 11:00:00,1900-01-01 11:15:00,0,2,1,3,4,1.0,1,1,18.0,1.529743511582863,15.0,11,11,0,Excellent,26-35,Short
0x6bb9,SURRES03DEL03,32,4.9,21.186884,72.793616,21.216884,72.823616,1900-01-01 21:00:00,1900-01-01 21:05:00,3,1,1,2,4,1.0,1,3,28.0,4.560734055769101,5.0,21,21,1,Excellent,26-35,Medium
0xb17a,INDORES01DEL02,28,4.9,22.695207,75.866059,22.825207,75.996059,1900-01-01 22:25:00,1900-01-01 22:30:00,0,2,0,2,3,1.0,1,1,20.0,19.663125922534896,5.0,22,22,0,Excellent,26-35,Very Long
0x17d4,HYDRES01DEL01,34,4.4,17.410371,78.437225,17.520371,78.547225,1900-01-01 19:10:00,1900-01-01 19:25:00,1,1,1,1,4,0.0,1,1,49.0,16.903843893839564,15.0,19,19,1,Average,26-35,Very Long
0x4313,PUNERES03DEL01,25,5.0,18.554382,73.798206,18.594382,73.838206,1900-01-01 13:55:00,1900-01-01 14:10:00,2,0,2,2,3,1.0,1,1,27.0,6.128501214162246,15.0,13,14,0,Excellent,18-25,Long
0x3c06,MUMRES14DEL02,27,4.5,19.1813,72.836191,19.2613,72.916191,1900-01-01 23:50:00,1900-01-01 23:55:00,0,2,2,1,4,1.0,1,3,24.0,12.234645517155796,5.0,23,23,0,Good,26-35,Very Long
0x7182,SURRES02DEL03,34,4.8,21.186608,72.794136,21.246608,72.854136,1900-01-01 23:35:00,1900-01-01 23:45:00,1,2,0,2,3,1.0,1,1,21.0,9.121044921629522,10.0,23,23,0,Excellent,26-35,Long
0x4c0f,CHENRES14DEL03,37,5.0,13.026279,80.174568,13.086279,80.234568,1900-01-01 20:15:00,1900-01-01 20:20:00,0,1,2,1,3,1.0,1,1,25.0,9.314044193379946,5.0,20,20,1,Excellent,36-45,Long
0x21a3,HYDRES11DEL03,33,4.7,17.430448,78.418213,17.460448,78.448213,1900-01-01 23:50:00,1900-01-01 00:05:00,3,2,2,0,4,1.0,1,1,21.0,4.6103798439313035,15.0,23,0,0,Good,26-35,Medium
0x3c01,BANGRES20DEL01,32,4.5,12.972161,77.596014,13.012161,77.636014,1900-01-01 13:50:00,1900-01-01 14:00:00,4,0,1,2,3,0.0,1,3,20.0,6.210145663324764,10.0,13,14,0,Good,26-35,Long
0x1f07,JAPRES11DEL03,36,4.1,26.90294,75.793007,27.04294,75.933007,1900-01-01 19:50:00,1900-01-01 20:05:00,6,1,0,3,3,0.0,1,1,35.0,20.85246332426527,15.0,19,20,1,Average,36-45,Very Long
0xb05f,MUMRES13DEL03,21,4.9,19.178321,72.834715,19.208321,72.864715,1900-01-01 22:35:00,1900-01-01 22:45:00,3,2,2,2,2,0.0,1,1,16.0,4.588360239493078,10.0,22,22,0,Excellent,18-25,Medium
0x6d7f,MYSRES010DEL03,30,3.2,12.321214,76.621094,12.411214,76.711094,1900-01-01 23:55:00,1900-01-01 00:00:00,4,2,0,1,3,1.0,1,1,31.0,13.989584724635527,5.0,23,0,0,Average,26-35,Very Long
0x44c1,MUMRES07DEL03,24,4.7,19.091458,72.827808,19.121458,72.857808,1900-01-01 18:55:00,1900-01-01 19:00:00,6,3,2,2,4,1.0,1,3,24.0,4.589499486380355,5.0,18,19,1,Good,18-25,Medium
0x21e5,HYDRES06DEL02,36,4.9,17.455894,78.375467,17.505894,78.425467,1900-01-01 00:00:00,1900-01-01 00:05:00,3,2,1,1,4,1.0,1,1,29.0,7.683253857182166,5.0,0,0,0,Excellent,36-45,Long
0xcd9b,BHPRES18DEL01,25,5.0,23.234631,77.401663,23.274631,77.441663,1900-01-01 15:10:00,1900-01-01 15:25:00,3,3,2,2,2,1.0,1,1,20.0,6.040034059163726,15.0,15,15,0,Excellent,18-25,Long
0xb2ac,MYSRES18DEL02,24,5.0,12.337928,76.617889,12.417928,76.697889,1900-01-01 22:50:00,1900-01-01 22:55:00,2,2,2,0,4,0.0,1,1,11.0,12.434914295120448,5.0,22,22,0,Excellent,18-25,Very Long
0x7dc9,CHENRES05DEL03,33,4.6,13.058616,80.264151,13.088616,80.294151,1900-01-01 20:35:00,1900-01-01 20:50:00,1,1,0,0,3,1.0,1,3,29.0,4.656862974505059,15.0,20,20,1,Good,26-35,Medium
0xc26d,KOLRES20DEL03,21,4.9,22.514119,88.362504,22.544119,88.392504,1900-01-01 19:00:00,1900-01-01 19:15:00,0,3,1,2,4,0.0,1,1,11.0,4.541158367023063,15.0,19,19,1,Excellent,18-25,Medium
0x347b,RANCHIRES03DEL01,34,4.1,0.0,0.0,0.04,0.04,1900-01-01 13:40:00,1900-01-01 13:50:00,3,0,0,1,3,1.0,1,1,38.0,6.290134677634678,10.0,13,13,0,Average,26-35,Long
0x2492,INDORES09DEL01,27,4.9,22.725835,75.887648,22.835835,75.997648,1900-01-01 23:25:00,1900-01-01 23:30:00,3,2,0,0,3,1.0,1,1,21.0,16.636875038860897,5.0,23,23,0,Excellent,26-35,Very Long
0x6f92,HYDRES02DEL02,34,4.8,17.41233,78.449654,17.43233,78.469654,1900-01-01 10:15:00,1900-01-01 10:30:00,1,2,2,3,4,0.0,1,1,18.0,3.0737721530635387,15.0,10,10,1,Excellent,26-35,Medium
0xbbb2,COIMBRES12DEL01,29,4.9,11.000762,76.981876,11.110762,77.091876,1900-01-01 19:50:00,1900-01-01 19:55:00,4,1,0,2,3,1.0,1,1,24.0,17.138105845700238,5.0,19,19,1,Excellent,26-35,Very Long
0x2654,PUNERES03DEL02,37,4.3,18.554382,73.798206,18.604382,73.848206,1900-01-01 21:15:00,1900-01-01 21:30:00,1,1,1,0,4,1.0,1,1,35.0,7.66052012420465,15.0,21,21,1,Average,36-45,Long
0xd2ff,AGRRES16DEL01,38,4.4,0.0,0.0,0.07,0.07,1900-01-01 18:35:00,1900-01-01 18:45:00,3,3,2,0,2,2.0,1,1,38.0,11.007734763744619,10.0,18,18,1,Average,36-45,Very Long
0x1fbd,RANCHIRES02DEL03,39,4.7,0.0,0.0,0.03,0.03,1900-01-01 18:10:00,1900-01-01 18:25:00,4,3,0,2,3,1.0,1,1,24.0,4.717601092054723,15.0,18,18,1,Good,36-45,Medium
0x328c,INDORES08DEL01,38,4.5,22.725748,75.898497,22.765747,75.938497,1900-01-01 13:20:00,1900-01-01 13:30:00,1,0,2,2,4,1.0,1,1,30.0,6.0504060616582525,10.0,13,13,0,Good,36-45,Long
0x11a8,BANGRES08DEL02,34,4.7,12.906229,77.596791,12.986229,77.676791,1900-01-01 20:00:00,1900-01-01 20:10:00,6,1,1,2,4,0.0,1,3,29.0,12.421407858787804,10.0,20,20,1,Good,26-35,Very Long
0x1abe,MUMRES04DEL02,39,4.5,19.254567,72.848923,19.334567,72.928923,1900-01-01 22:30:00,1900-01-01 22:35:00,2,2,0,2,3,1.0,1,3,22.0,12.232070021478211,5.0,22,22,0,Good,36-45,Very Long
0x8a33,SURRES17DEL01,21,4.9,21.149569,72.772697,21.189569,72.812697,1900-01-01 14:55:00,1900-01-01 15:05:00,3,0,1,3,3,1.0,1,1,24.0,6.081596950437154,10.0,14,15,0,Excellent,18-25,Long
0xc57a,DEHRES05DEL02,37,4.2,30.346994,78.062543,30.426994,78.142543,1900-01-01 19:30:00,1900-01-01 19:45:00,1,1,1,3,3,1.0,1,1,45.0,11.74800430051281,15.0,19,19,1,Average,36-45,Very Long
0x4fa3,BANGRES19DEL02,35,4.8,12.914264,77.6784,13.044264,77.8084,1900-01-01 17:10:00,1900-01-01 17:25:00,6,3,1,2,3,1.0,1,1,30.0,20.18348136584519,15.0,17,17,0,Excellent,26-35,Very Long
0x3312,RANCHIRES01DEL01,34,5.0,23.416792,85.316842,23.456792,85.356842,1900-01-01 12:45:00,1900-01-01 12:55:00,1,0,0,3,3,1.0,1,1,29.0,6.036244196933988,10.0,12,12,0,Excellent,26-35,Long
0x6e24,COIMBRES11DEL01,25,4.3,11.001753,76.986241,11.111753,77.096241,1900-01-01 21:40:00,1900-01-01 21:45:00,0,1,2,2,3,1.0,1,1,34.0,17.138077427627863,5.0,21,21,1,Average,18-25,Very Long
0x82ac,BANGRES08DEL02,27,4.9,12.906229,77.596791,12.986229,77.676791,1900-01-01 22:15:00,1900-01-01 22:30:00,2,2,2,3,4,1.0,1,1,17.0,12.421407858787804,15.0,22,22,0,Excellent,26-35,Very Long
0xe1c3,GOARES03DEL03,29,4.8,15.574828,73.766883,15.604828,73.796883,1900-01-01 21:40:00,1900-01-01 21:50:00,4,1,1,1,4,0.0,1,1,14.0,4.631634621028435,10.0,21,21,1,Excellent,26-35,Medium
0x1f54,INDORES15DEL03,30,3.6,22.760072,75.892574,22.850072,75.982574,1900-01-01 17:30:00,1900-01-01 17:35:00,3,3,2,2,4,1.0,1,4,32.0,13.610877575672198,5.0,17,17,0,Average,26-35,Very Long
0x2ff9,COIMBRES18DEL02,30,4.0,11.02091,76.940432,11.15091,77.070432,1900-01-01 20:50:00,1900-01-01 21:00:00,1,1,1,2,4,1.0,1,1,38.0,20.253101372632372,10.0,20,21,1,Average,26-35,Very Long
0xaa5c,MYSRES12DEL02,24,4.8,12.284747,76.625861,12.414747,76.755861,1900-01-01 23:55:00,1900-01-01 00:05:00,0,2,1,2,4,1.0,1,1,24.0,20.207797933358158,10.0,23,0,0,Excellent,18-25,Very Long
0xa4de,VADRES01DEL01,33,4.8,22.307898,73.167788,22.417898,73.277788,1900-01-01 17:55:00,1900-01-01 18:10:00,2,3,2,2,4,1.0,1,3,22.0,16.660108123693192,15.0,17,18,0,Excellent,26-35,Very Long
0x738b,PUNERES07DEL01,36,4.6,18.546947,73.900626,18.616947,73.970626,1900-01-01 20:40:00,1900-01-01 20:45:00,6,1,1,0,3,1.0,1,3,27.0,10.72465156807538,5.0,20,20,1,Good,36-45,Very Long
0xa3c5,CHENRES010DEL02,30,4.8,13.066762,80.251865,13.146762,80.331865,1900-01-01 21:50:00,1900-01-01 22:00:00,4,1,1,0,4,1.0,1,1,18.0,12.417487520918895,10.0,21,22,1,Excellent,26-35,Very Long
0x8f79,RANCHIRES20DEL02,29,4.5,23.39925,85.390464,23.52925,85.520464,1900-01-01 20:30:00,1900-01-01 20:40:00,6,1,1,2,4,1.0,1,1,15.0,19.615926964388624,10.0,20,20,1,Good,26-35,Very Long
0x28fe,MYSRES14DEL01,38,4.9,0.0,0.0,0.07,0.07,1900-01-01 19:45:00,1900-01-01 19:55:00,0,1,2,2,4,1.0,1,1,48.0,11.007734763744619,10.0,19,19,1,Excellent,36-45,Very Long
0x29f7,JAPRES08DEL02,26,4.8,26.910262,75.783013,26.960262,75.833013,1900-01-01 22:45:00,1900-01-01 23:00:00,1,2,2,3,2,0.0,1,3,14.0,7.448412467877649,15.0,22,23,0,Excellent,26-35,Long
0x64af,COIMBRES010DEL02,26,4.9,11.003008,76.97544,11.133009,77.10544,1900-01-01 19:50:00,1900-01-01 20:05:00,3,1,1,1,4,1.0,1,1,24.0,20.25378851608599,15.0,19,20,1,Excellent,26-35,Very Long
0x22ba,MYSRES010DEL02,26,4.9,12.321214,76.621094,12.451214,76.751094,1900-01-01 22:35:00,1900-01-01 22:50:00,2,2,2,0,2,0.0,1,4,17.0,20.206420943723728,15.0,22,22,0,Excellent,26-35,Very Long
0x6425,CHENRES11DEL02,37,4.7,13.064181,80.236442,13.084181,80.256442,1900-01-01 08:25:00,1900-01-01 08:35:00,3,2,1,1,3,0.0,1,3,25.0,3.1045718665451782,10.0,8,8,1,Good,36-45,Medium
0x739d,BANGRES03DEL01,39,4.2,12.979166,77.640709,13.049166,77.710709,1900-01-01 17:35:00,1900-01-01 17:50:00,2,3,0,1,3,1.0,1,1,47.0,10.867285240714486,15.0,17,17,0,Average,36-45,Very Long
0x387a,JAPRES15DEL01,21,4.5,26.891191,75.802083,26.931191,75.842083,1900-01-01 12:55:00,1900-01-01 13:05:00,2,0,1,2,3,1.0,1,1,29.0,5.9592931098219735,10.0,12,13,0,Good,18-25,Long
0x9bd3,CHENRES17DEL01,23,4.5,13.045479,80.23311,13.115479,80.30311,1900-01-01 17:45:00,1900-01-01 17:50:00,2,3,2,0,4,1.0,1,1,17.0,10.86586608780909,5.0,17,17,0,Good,18-25,Very Long
0x81d9,MUMRES06DEL02,25,4.9,19.055831,72.833984,19.105831,72.883984,1900-01-01 17:45:00,1900-01-01 18:00:00,1,3,2,2,4,0.0,1,3,10.0,7.649724402449684,15.0,17,18,0,Excellent,18-25,Long
0x632e,CHENRES11DEL03,21,4.9,13.064181,80.236442,13.154181,80.326442,1900-01-01 19:10:00,1900-01-01 19:15:00,1,1,0,2,3,1.0,1,1,48.0,13.96960642768458,5.0,19,19,1,Excellent,18-25,Very Long
0xcba5,DEHRES08DEL03,36,4.4,30.359722,78.067079,30.499722,78.207079,1900-01-01 21:50:00,1900-01-01 22:00:00,1,1,2,3,4,1.0,1,1,44.0,20.555166462971748,10.0,21,22,1,Average,36-45,Very Long
0x3ae1,MUMRES14DEL01,35,4.6,19.1813,72.836191,19.2513,72.906191,1900-01-01 18:55:00,1900-01-01 19:00:00,4,3,1,1,3,1.0,1,3,21.0,10.70546847853061,5.0,18,19,1,Good,26-35,Very Long
0x814a,RANCHIRES02DEL02,37,4.5,0.0,0.0,0.02,0.02,1900-01-01 09:40:00,1900-01-01 09:55:00,3,2,2,3,2,1.0,1,1,23.0,3.145067434621583,15.0,9,9,1,Good,36-45,Medium
0x588d,COIMBRES18DEL03,20,4.6,11.02091,76.940432,11.11091,77.030432,1900-01-01 22:15:00,1900-01-01 22:25:00,1,2,2,1,2,1.0,1,1,23.0,14.021848812228344,10.0,22,22,0,Good,18-25,Very Long
0x9653,JAPRES02DEL03,33,4.9,26.914142,75.805704,26.944142,75.835704,1900-01-01 22:25:00,1900-01-01 22:35:00,1,2,0,3,3,1.0,1,1,24.0,4.4691549592640305,10.0,22,22,0,Excellent,26-35,Medium
0x1fa1,RANCHIRES13DEL02,24,4.6,23.374989,85.335486,23.394989,85.355486,1900-01-01 11:45:00,1900-01-01 12:00:00,1,0,0,1,3,0.0,1,1,27.0,3.0186622920269803,15.0,11,12,0,Good,18-25,Medium
0x4856,VADRES01DEL01,33,4.7,22.307898,73.167788,22.317898,73.177788,1900-01-01 11:50:00,1900-01-01 11:55:00,0,0,0,0,3,1.0,1,1,31.0,1.5148058859292481,5.0,11,11,0,Good,26-35,Short
0xdfe2,AGRRES14DEL01,35,4.7,27.16185,78.040165,27.20185,78.080165,1900-01-01 16:25:00,1900-01-01 16:35:00,6,3,0,0,3,1.0,1,1,27.0,5.952938861056149,10.0,16,16,0,Good,26-35,Long
0xa036,PUNERES13DEL01,35,4.8,18.56245,73.916619,18.63245,73.986619,1900-01-01 18:30:00,1900-01-01 18:45:00,6,3,1,2,4,0.0,1,1,29.0,10.724189700859583,15.0,18,18,1,Excellent,26-35,Very Long
0x1907,RANCHIRES14DEL02,39,4.3,0.0,0.0,0.13,0.13,1900-01-01 00:00:00,1900-01-01 00:05:00,0,2,1,2,4,1.0,1,1,39.0,20.44292976252901,5.0,0,0,0,Average,36-45,Very Long
0xd14,BANGRES01DEL03,33,4.3,12.933284,77.615428,13.023284,77.705428,1900-01-01 20:25:00,1900-01-01 20:30:00,0,1,2,0,4,2.0,1,1,45.0,13.973207156405252,5.0,20,20,1,Average,26-35,Very Long
0x7383,MYSRES18DEL03,29,4.6,12.337928,76.617889,12.367928,76.647889,1900-01-01 23:25:00,1900-01-01 23:35:00,2,2,2,0,2,1.0,1,1,18.0,4.663310851898783,10.0,23,23,0,Good,26-35,Medium
0x440c,COIMBRES05DEL03,36,4.2,11.022169,76.999594,11.082169,77.059594,1900-01-01 21:15:00,1900-01-01 21:25:00,1,1,1,2,4,1.0,1,1,34.0,9.348114492434787,10.0,21,21,1,Average,36-45,Long
0x72bc,VADRES02DEL01,30,4.7,0.0,0.0,0.04,0.04,1900-01-01 12:15:00,1900-01-01 12:25:00,0,0,0,0,3,0.0,1,3,28.0,6.290134677634678,10.0,12,12,0,Good,26-35,Long
0x5442,VADRES11DEL02,20,4.9,22.308096,73.167753,22.358096,73.217753,1900-01-01 20:20:00,1900-01-01 20:25:00,4,1,1,2,4,1.0,1,1,19.0,7.5735237341835395,5.0,20,20,1,Excellent,18-25,Long
0x7f22,PUNERES17DEL01,34,4.3,18.530963,73.828972,18.600963,73.898972,1900-01-01 21:10:00,1900-01-01 21:25:00,6,1,2,3,2,1.0,1,1,44.0,10.725127399399225,15.0,21,21,1,Average,26-35,Very Long
0x952a,SURRES15DEL03,33,4.6,21.160522,72.771477,21.190522,72.801477,1900-01-01 19:55:00,1900-01-01 20:00:00,4,1,0,3,3,0.0,1,1,26.0,4.561112369847916,5.0,19,20,1,Good,26-35,Medium
0x2e61,PUNERES12DEL02,32,4.7,18.520016,73.830547,18.650016,73.960547,1900-01-01 19:10:00,1900-01-01 19:25:00,0,1,0,3,3,1.0,2,1,53.0,19.917038235830073,15.0,19,19,1,Good,26-35,Very Long
0xbbca,VADRES01DEL01,39,4.8,22.307898,73.167788,22.417898,73.277788,1900-01-01 21:40:00,1900-01-01 21:45:00,1,1,1,2,4,1.0,1,1,41.0,16.660108123693192,5.0,21,21,1,Excellent,36-45,Very Long
0xb239,BANGRES010DEL01,32,4.8,12.933298,77.614293,12.943298,77.624293,1900-01-01 11:45:00,1900-01-01 12:00:00,4,0,0,0,3,0.0,1,1,24.0,1.5527001159059903,15.0,11,12,0,Excellent,26-35,Short
0x8b0c,INDORES15DEL01,33,4.9,22.760072,75.892574,22.770072,75.902574,1900-01-01 11:15:00,1900-01-01 11:20:00,0,0,2,0,3,2.0,1,1,34.0,1.5125236323325255,5.0,11,11,0,Excellent,26-35,Short
0x3913,MUMRES02DEL02,37,4.9,19.221315,72.862381,19.271315,72.912381,1900-01-01 20:45:00,1900-01-01 20:55:00,0,1,0,1,3,1.0,1,1,26.0,7.64610474832152,10.0,20,20,1,Excellent,36-45,Long
0x3206,PUNERES14DEL01,30,4.7,18.516216,73.842527,18.526216,73.852527,1900-01-01 08:15:00,1900-01-01 08:25:00,1,2,0,0,3,1.0,1,1,27.0,1.5323511358881128,10.0,8,8,1,Good,26-35,Short
0x90c1,MYSRES18DEL01,20,5.0,12.337928,76.617889,12.447928,76.727889,1900-01-01 17:15:00,1900-01-01 17:25:00,4,3,1,0,3,0.0,1,1,11.0,17.09752652782741,10.0,17,17,0,Excellent,18-25,Very Long
0x324c,BANGRES11DEL02,35,3.4,12.934365,77.616155,13.064365,77.746155,1900-01-01 23:20:00,1900-01-01 23:35:00,4,2,0,2,3,1.0,1,1,31.0,20.182685858169084,15.0,23,23,0,Average,26-35,Very Long
0x9d7d,MUMRES12DEL01,33,4.9,19.207222,72.972281,19.317222,73.082281,1900-01-01 21:30:00,1900-01-01 21:40:00,1,1,0,3,3,0.0,2,1,43.0,16.82066030021692,10.0,21,21,1,Excellent,26-35,Very Long
0xd14f,AURGRES17DEL02,31,4.8,19.876994,75.372353,19.926994,75.422353,1900-01-01 19:30:00,1900-01-01 19:35:00,6,1,0,0,3,1.0,1,1,47.0,7.631487330979372,5.0,19,19,1,Excellent,26-35,Long
0xc6c,RANCHIRES06DEL02,36,4.8,23.357804,85.325146,23.407804,85.375146,1900-01-01 20:40:00,1900-01-01 20:55:00,1,1,1,1,3,1.0,1,1,25.0,7.546712474612512,15.0,20,20,1,Excellent,36-45,Long
0x89c7,PUNERES03DEL02,34,4.7,18.554382,73.798206,18.574382,73.818206,1900-01-01 11:15:00,1900-01-01 11:30:00,3,0,1,3,3,1.0,1,1,27.0,3.064335674796853,15.0,11,11,0,Good,26-35,Medium
0x73b0,MUMRES010DEL01,21,4.6,19.003517,72.82765,19.113517,72.93765,1900-01-01 21:40:00,1900-01-01 21:50:00,6,1,1,3,4,1.0,1,1,22.0,16.83046129455743,10.0,21,21,1,Good,18-25,Very Long
0x2764,MYSRES14DEL03,26,4.8,0.0,0.0,0.03,0.03,1900-01-01 21:35:00,1900-01-01 21:45:00,3,1,1,2,4,1.0,1,3,19.0,4.717601092054723,10.0,21,21,1,Excellent,26-35,Medium
0xd7c7,LUDHRES05DEL02,28,4.8,30.905562,75.832841,30.955562,75.882841,1900-01-01 17:55:00,1900-01-01 18:00:00,1,3,1,3,3,0.0,1,1,12.0,7.324963249883455,5.0,17,18,0,Excellent,26-35,Long
0x244d,CHENRES010DEL02,28,5.0,13.066762,80.251865,13.086762,80.271865,1900-01-01 08:55:00,1900-01-01 09:10:00,1,2,2,3,2,0.0,1,1,15.0,3.104556052438096,15.0,8,9,1,Excellent,26-35,Medium
0x5ab9,COIMBRES17DEL03,21,4.6,11.026117,76.944652,11.116117,77.034652,1900-01-01 17:40:00,1900-01-01 17:50:00,4,3,0,1,3,1.0,1,3,24.0,14.021726512881596,10.0,17,17,0,Good,18-25,Very Long
0xd4f9,AGRRES12DEL02,35,4.1,27.165108,78.015053,27.215108,78.065053,1900-01-01 17:15:00,1900-01-01 17:25:00,2,3,2,1,2,1.0,1,1,32.0,7.440930174365867,10.0,17,17,0,Average,26-35,Long
0x8677,INDORES12DEL01,31,4.7,22.74806,75.8934,22.78806,75.9334,1900-01-01 16:25:00,1900-01-01 16:35:00,0,3,0,1,3,1.0,1,1,28.0,6.0500335924587025,10.0,16,16,0,Good,26-35,Long
0x61f9,MYSRES15DEL02,33,4.7,12.352058,76.60665,12.482058,76.73665,1900-01-01 19:25:00,1900-01-01 19:30:00,4,1,1,1,4,1.0,1,1,19.0,20.20525323529291,5.0,19,19,1,Good,26-35,Very Long
0x7bcd,PUNERES16DEL02,29,4.7,18.536718,73.830327,18.556718,73.850327,1900-01-01 08:35:00,1900-01-01 08:45:00,0,2,1,0,4,1.0,1,1,14.0,3.0644857806760535,10.0,8,8,1,Good,26-35,Medium
0x7407,SURRES16DEL02,28,5.0,21.160437,72.774209,21.290437,72.904209,1900-01-01 23:35:00,1900-01-01 23:45:00,2,2,1,1,3,0.0,1,1,14.0,19.76171176132034,10.0,23,23,0,Excellent,26-35,Very Long
0x31be,SURRES17DEL03,29,4.9,21.149569,72.772697,21.209569,72.832697,1900-01-01 20:50:00,1900-01-01 20:55:00,0,1,2,0,2,1.0,1,1,32.0,9.122108408658214,5.0,20,20,1,Excellent,26-35,Long
0x7d6f,HYDRES04DEL01,37,4.9,17.411028,78.329645,17.421028,78.339645,1900-01-01 11:25:00,1900-01-01 11:30:00,0,0,0,1,3,1.0,1,1,33.0,1.5369113551350593,5.0,11,11,0,Excellent,36-45,Short
0xc6c6,LUDHRES02DEL01,39,4.7,0.0,0.0,0.04,0.04,1900-01-01 12:45:00,1900-01-01 13:00:00,4,0,2,2,4,1.0,1,1,19.0,6.290134677634678,15.0,12,13,0,Good,36-45,Long
0xd020,AGRRES14DEL03,38,4.4,27.16185,78.040165,27.22185,78.100165,1900-01-01 20:15:00,1900-01-01 20:30:00,6,1,0,1,3,1.0,1,1,38.0,8.929054495274071,15.0,20,20,1,Average,36-45,Long
0x922c,MUMRES14DEL03,24,4.6,19.1813,72.836191,19.2413,72.896191,1900-01-01 20:25:00,1900-01-01 20:35:00,1,1,2,0,3,1.0,1,1,27.0,9.17624749258827,10.0,20,20,1,Good,18-25,Long
0x5114,JAPRES19DEL02,38,4.8,26.913726,75.75282,26.963726,75.80282,1900-01-01 21:45:00,1900-01-01 21:55:00,1,1,2,3,3,2.0,1,1,36.0,7.448311138215936,10.0,21,21,1,Excellent,36-45,Long
0x10be,BANGRES09DEL03,27,4.8,12.934179,77.615797,12.964179,77.645797,1900-01-01 23:50:00,1900-01-01 00:00:00,1,2,1,3,4,1.0,1,1,18.0,4.658001279265391,10.0,23,0,0,Excellent,26-35,Medium
0x742a,COIMBRES08DEL01,32,4.7,11.001852,76.976268,11.011852,76.986268,1900-01-01 08:45:00,1900-01-01 09:00:00,1,2,0,1,3,1.0,1,1,26.0,1.5581369822072066,15.0,8,9,1,Good,26-35,Short
0x1d09,BANGRES04DEL01,28,4.7,12.98041,77.640489,13.09041,77.750489,1900-01-01 19:30:00,1900-01-01 19:35:00,6,1,1,1,3,1.0,1,1,24.0,17.07644834661623,5.0,19,19,1,Good,26-35,Very Long
0x527d,RANCHIRES15DEL01,34,4.5,23.369746,85.33982,23.379746,85.34982,1900-01-01 09:45:00,1900-01-01 10:00:00,2,2,0,1,3,0.0,1,3,24.0,1.5093844931452696,15.0,9,10,1,Good,26-35,Short
0x708d,RANCHIRES16DEL01,36,4.2,23.371292,85.327872,23.481292,85.437872,1900-01-01 22:25:00,1900-01-01 22:35:00,0,2,2,0,2,0.0,1,1,33.0,16.600272418856072,10.0,22,22,0,Average,36-45,Very Long
0xf18,JAPRES12DEL03,29,4.9,26.902908,75.792934,26.932908,75.822934,1900-01-01 19:45:00,1900-01-01 19:50:00,1,1,2,2,4,0.0,1,1,30.0,4.469352052738077,5.0,19,19,1,Excellent,26-35,Medium
0x17b8,COIMBRES16DEL03,38,4.8,11.010375,76.95295,11.040375,76.98295,1900-01-01 22:45:00,1900-01-01 22:55:00,1,2,1,0,3,1.0,1,1,19.0,4.674266565274251,10.0,22,22,0,Excellent,36-45,Medium
0x358f,SURRES07DEL01,23,4.6,21.170798,72.790489,21.280798,72.900489,1900-01-01 19:30:00,1900-01-01 19:45:00,6,1,0,3,3,1.0,1,1,30.0,16.72143013885536,15.0,19,19,1,Good,18-25,Very Long
0xe282,AGRRES12DEL03,34,4.2,27.165108,78.015053,27.195108,78.045053,1900-01-01 17:40:00,1900-01-01 17:45:00,3,3,0,2,3,1.0,1,1,37.0,4.464734973807576,5.0,17,17,0,Average,26-35,Medium
0xca32,KOCRES13DEL01,22,4.8,9.991703,76.293136,10.031703,76.333136,1900-01-01 15:10:00,1900-01-01 15:25:00,6,3,2,3,4,1.0,1,1,21.0,6.242426324082786,15.0,15,15,0,Excellent,18-25,Long
0x35e8,MYSRES010DEL02,30,5.0,12.321214,76.621094,12.401214,76.701094,1900-01-01 18:40:00,1900-01-01 18:50:00,6,3,0,1,3,0.0,1,3,30.0,12.435302723482724,10.0,18,18,1,Excellent,26-35,Very Long
0x3140,RANCHIRES07DEL03,32,4.2,23.359407,85.325055,23.389407,85.355055,1900-01-01 22:00:00,1900-01-01 22:15:00,1,1,1,3,3,0.0,1,1,39.0,4.528158738548494,15.0,22,22,0,Average,26-35,Medium
0x93b0,CHENRES15DEL03,26,5.0,13.026286,80.275235,13.086286,80.335235,1900-01-01 18:55:00,1900-01-01 19:00:00,3,3,1,2,4,0.0,1,1,26.0,9.314044064891696,5.0,18,19,1,Excellent,26-35,Long
0x8f94,CHENRES06DEL01,23,4.6,13.054347,80.257221,13.124347,80.327221,1900-01-01 19:20:00,1900-01-01 19:30:00,3,1,2,2,4,0.0,1,1,28.0,10.865675782880029,10.0,19,19,1,Good,18-25,Very Long
0xc19a,BHPRES17DEL02,34,3.8,23.218998,77.373573,23.348998,77.503573,1900-01-01 19:35:00,1900-01-01 19:40:00,6,1,2,2,4,0.0,1,1,44.0,19.628127535448083,5.0,19,19,1,Average,26-35,Very Long
0xa7a9,PUNERES05DEL03,23,4.6,18.543626,73.905101,18.633626,73.995101,1900-01-01 21:15:00,1900-01-01 21:20:00,3,1,1,0,3,1.0,1,3,15.0,13.788581570141362,5.0,21,21,1,Good,18-25,Very Long
0x6523,PUNERES04DEL03,22,4.6,18.51421,73.838429,18.57421,73.898429,1900-01-01 23:20:00,1900-01-01 23:25:00,1,2,2,3,2,1.0,1,1,19.0,9.193520993944183,5.0,23,23,0,Good,18-25,Long
0x6874,MYSRES17DEL02,28,4.6,12.326356,76.619103,12.456356,76.749103,1900-01-01 20:50:00,1900-01-01 21:05:00,2,1,2,2,4,0.0,1,1,27.0,20.206226468830582,15.0,20,21,1,Good,26-35,Very Long
0x43be,JAPRES11DEL02,38,4.8,26.90294,75.793007,26.92294,75.813007,1900-01-01 08:30:00,1900-01-01 08:45:00,3,2,2,1,2,0.0,1,3,22.0,2.979626144829987,15.0,8,8,1,Excellent,36-45,Medium
0xc355,BHPRES20DEL01,39,4.1,23.235123,77.398886,23.305123,77.468886,1900-01-01 18:10:00,1900-01-01 18:15:00,6,3,1,1,4,0.0,1,1,38.0,10.569496921731531,5.0,18,18,1,Average,36-45,Very Long
0x5748,HYDRES010DEL03,26,4.7,17.428294,78.404423,17.488294,78.464423,1900-01-01 18:15:00,1900-01-01 18:20:00,4,3,0,2,3,1.0,1,3,15.0,9.220449825751995,5.0,18,18,1,Good,26-35,Long
0x95c7,SURRES09DEL02,20,4.8,21.175975,72.795503,21.255975,72.875503,1900-01-01 23:40:00,1900-01-01 23:50:00,0,2,1,1,4,1.0,1,4,26.0,12.161417162421785,10.0,23,23,0,Excellent,18-25,Very Long
0x4765,JAPRES16DEL03,23,4.5,26.849596,75.800512,26.989596,75.940512,1900-01-01 19:55:00,1900-01-01 20:10:00,3,1,1,1,4,1.0,1,1,19.0,20.856833724898493,15.0,19,20,1,Good,18-25,Very Long
0x6e1d,JAPRES16DEL01,25,4.0,26.849596,75.800512,26.919596,75.870512,1900-01-01 19:40:00,1900-01-01 19:55:00,2,1,0,0,3,1.0,1,4,31.0,10.429850454296803,15.0,19,19,1,Average,18-25,Very Long
0xb9fe,HYDRES17DEL02,37,4.6,17.451976,78.385883,17.501976,78.435883,1900-01-01 00:00:00,1900-01-01 00:05:00,0,2,0,0,3,1.0,1,1,25.0,7.683332672259472,5.0,0,0,0,Good,36-45,Long
0xa58a,PUNERES11DEL01,30,3.8,18.533811,73.899315,18.603811,73.969315,1900-01-01 21:25:00,1900-01-01 21:40:00,6,1,1,1,3,1.0,1,1,38.0,10.72504264384306,15.0,21,21,1,Average,26-35,Very Long
0xa0a6,CHENRES06DEL01,27,4.6,13.054347,80.257221,13.094347,80.297221,1900-01-01 15:50:00,1900-01-01 15:55:00,1,3,0,1,3,1.0,1,4,29.0,6.209141643213009,5.0,15,15,0,Good,26-35,Long
0x7d2d,MUMRES01DEL02,27,4.6,19.12663,72.829976,19.25663,72.959976,1900-01-01 20:55:00,1900-01-01 21:05:00,3,1,1,3,3,1.0,1,4,18.0,19.88298786811286,10.0,20,21,1,Good,26-35,Very Long
0x2bfb,BANGRES010DEL03,37,4.3,12.933298,77.614293,12.963298,77.644293,1900-01-01 22:10:00,1900-01-01 22:15:00,2,2,0,3,3,1.0,1,1,34.0,4.658009301231346,5.0,22,22,0,Average,36-45,Medium
0xbf68,AURGRES04DEL03,39,4.9,19.876106,75.340775,19.936106,75.400775,1900-01-01 20:50:00,1900-01-01 20:55:00,0,1,0,1,3,1.0,1,1,25.0,9.157673042594519,5.0,20,20,1,Excellent,36-45,Long
0x52c2,COIMBRES01DEL03,22,4.6,11.016298,76.972076,11.046298,77.002076,1900-01-01 00:00:00,1900-01-01 00:15:00,0,2,2,1,3,0.0,1,3,10.0,4.674220356187266,15.0,0,0,0,Good,18-25,Medium
0x7c97,COIMBRES03DEL02,24,2.8,11.025083,77.015393,11.105083,77.095393,1900-01-01 22:55:00,1900-01-01 23:05:00,4,2,2,0,4,1.0,1,1,42.0,12.463883024166657,10.0,22,23,0,Average,18-25,Very Long
0x56d4,RANCHIRES16DEL02,34,5.0,23.371292,85.327872,23.501292,85.457872,1900-01-01 23:15:00,1900-01-01 23:30:00,4,2,0,3,3,1.0,1,3,21.0,19.617824561450774,15.0,23,23,0,Excellent,26-35,Very Long
0x3127,PUNERES04DEL01,26,4.4,18.51421,73.838429,18.55421,73.878429,1900-01-01 13:55:00,1900-01-01 14:00:00,0,0,2,3,3,1.0,1,3,32.0,6.12918392293498,5.0,13,14,0,Average,26-35,Long
0xc82e,AGRRES11DEL02,32,4.2,27.163303,78.057044,27.183303,78.077044,1900-01-01 08:10:00,1900-01-01 08:15:00,6,2,0,3,3,0.0,1,1,33.0,2.976570182999729,5.0,8,8,1,Average,26-35,Medium
0x82bc,COIMBRES010DEL03,39,5.0,11.003008,76.97544,11.093008,77.06544,1900-01-01 22:50:00,1900-01-01 22:55:00,6,2,2,1,4,0.0,1,1,28.0,14.022268860182423,5.0,22,22,0,Excellent,36-45,Very Long
0xab9f,BANGRES06DEL02,25,4.8,12.979096,77.640625,13.029096,77.690625,1900-01-01 17:20:00,1900-01-01 17:30:00,2,3,2,3,4,1.0,1,3,24.0,7.762500242365753,10.0,17,17,0,Excellent,18-25,Long
0x9a76,CHENRES19DEL03,24,4.7,12.986047,80.218114,13.076047,80.308114,1900-01-01 21:50:00,1900-01-01 22:00:00,2,1,2,1,4,1.0,1,1,21.0,13.971759900424741,10.0,21,22,1,Good,18-25,Very Long
0x8361,COIMBRES05DEL01,22,4.1,11.022169,76.999594,11.092169,77.069594,1900-01-01 17:40:00,1900-01-01 17:55:00,0,3,1,0,4,1.0,1,1,33.0,10.906042243292653,15.0,17,17,0,Average,18-25,Very Long
0xcb46,KNPRES19DEL02,24,4.3,26.49095,80.318656,26.62095,80.448656,1900-01-01 20:25:00,1900-01-01 20:35:00,1,1,1,1,3,1.0,1,1,40.0,19.394555235256966,10.0,20,20,1,Average,18-25,Very Long
0xd78c,GOARES01DEL02,20,4.9,15.576683,73.75575,15.596683,73.77575,1900-01-01 10:15:00,1900-01-01 10:30:00,1,2,1,0,3,1.0,1,1,16.0,3.087779183156497,15.0,10,10,1,Excellent,18-25,Medium
0x7cfe,MUMRES19DEL02,39,4.8,19.131141,72.813074,19.181141,72.863074,1900-01-01 21:15:00,1900-01-01 21:30:00,0,1,0,2,3,0.0,1,3,27.0,7.648080628607945,15.0,21,21,1,Excellent,36-45,Long
0x4f5a,VADRES12DEL02,36,5.0,0.0,0.0,0.02,0.02,1900-01-01 10:35:00,1900-01-01 10:40:00,0,2,1,1,3,1.0,1,3,16.0,3.145067434621583,5.0,10,10,1,Excellent,36-45,Medium
0x8984,MUMRES17DEL02,26,4.7,19.121999,72.908493,19.201999,72.988493,1900-01-01 23:40:00,1900-01-01 23:50:00,3,2,0,0,3,1.0,1,1,18.0,12.236723616598548,10.0,23,23,0,Good,26-35,Very Long
0x1d75,COIMBRES010DEL01,27,4.3,11.003008,76.97544,11.013008,76.98544,1900-01-01 08:30:00,1900-01-01 08:40:00,3,2,0,0,3,1.0,1,3,20.0,1.55813398149798,10.0,8,8,1,Average,26-35,Short
0xce29,AGRRES16DEL02,21,4.9,0.0,0.0,0.13,0.13,1900-01-01 18:55:00,1900-01-01 19:05:00,3,3,0,3,3,0.0,1,1,23.0,20.44292976252901,10.0,18,19,1,Excellent,18-25,Very Long
0x396d,RANCHIRES13DEL02,35,4.6,23.374989,85.335486,23.504989,85.465486,1900-01-01 21:55:00,1900-01-01 22:00:00,0,1,2,3,4,3.0,2,3,47.0,19.617573744443128,5.0,21,22,1,Good,26-35,Very Long
0xb01e,SURRES09DEL01,31,4.6,21.175975,72.795503,21.285975,72.905503,1900-01-01 19:35:00,1900-01-01 19:50:00,0,1,2,3,4,1.0,1,1,42.0,16.72115728076054,15.0,19,19,1,Good,26-35,Very Long
0x3880,PUNERES06DEL03,24,4.9,18.546258,73.904337,18.576258,73.934337,1900-01-01 22:00:00,1900-01-01 22:15:00,0,1,2,0,4,1.0,1,3,21.0,4.596543327364382,15.0,22,22,0,Excellent,18-25,Medium
0xac1c,RANCHIRES13DEL02,24,4.9,23.374989,85.335486,23.504989,85.465486,1900-01-01 23:25:00,1900-01-01 23:35:00,6,2,0,1,3,1.0,1,3,17.0,19.617573744443128,10.0,23,23,0,Excellent,18-25,Very Long
0x5a9e,VADRES19DEL02,21,4.8,22.311844,73.165081,22.441844,73.295081,1900-01-01 23:20:00,1900-01-01 23:25:00,6,2,2,0,2,0.0,1,3,14.0,19.688308620509066,5.0,23,23,0,Excellent,18-25,Very Long
0x8d3a,SURRES01DEL02,34,4.1,21.186438,72.794115,21.316438,72.924115,1900-01-01 20:55:00,1900-01-01 21:10:00,2,1,0,2,3,1.0,1,1,46.0,19.760091519675676,15.0,20,21,1,Average,26-35,Very Long
0xbb94,PUNERES12DEL02,21,4.3,18.520016,73.830547,18.570016,73.880547,1900-01-01 20:50:00,1900-01-01 21:00:00,4,1,0,3,3,0.0,2,1,52.0,7.661250453808297,10.0,20,21,1,Average,18-25,Long
0x217d,RANCHIRES19DEL03,36,4.4,23.333017,85.3172,23.423017,85.4072,1900-01-01 22:20:00,1900-01-01 22:35:00,0,2,2,2,3,0.0,1,1,36.0,13.584306064167167,15.0,22,22,0,Average,36-45,Very Long
0x7c86,INDORES01DEL01,29,4.7,22.695207,75.866059,22.765207,75.936059,1900-01-01 20:10:00,1900-01-01 20:25:00,0,1,0,1,3,0.0,1,1,48.0,10.588906536688087,15.0,20,20,1,Good,26-35,Very Long
0x45cd,HYDRES03DEL01,39,4.6,17.422819,78.449578,17.432819,78.459578,1900-01-01 11:00:00,1900-01-01 11:05:00,6,2,2,3,3,1.0,1,1,26.0,1.536864059415262,5.0,11,11,0,Good,36-45,Short
0xe27d,LUDHRES09DEL02,32,4.0,30.885814,75.786976,30.965814,75.866976,1900-01-01 19:20:00,1900-01-01 19:25:00,0,1,2,3,4,1.0,1,3,46.0,11.720187303218541,5.0,19,19,1,Average,26-35,Very Long
0x5a2b,INDORES11DEL01,35,5.0,22.751234,75.88949,22.761234,75.89949,1900-01-01 09:15:00,1900-01-01 09:25:00,0,2,2,1,4,0.0,1,4,15.0,1.5125686168842198,10.0,9,9,1,Excellent,26-35,Short
0x274a,SURRES19DEL01,35,4.0,21.149669,72.772629,21.259669,72.882629,1900-01-01 21:40:00,1900-01-01 21:50:00,6,1,0,2,3,0.0,1,1,50.0,16.722543155307,10.0,21,21,1,Average,26-35,Very Long
0xb9e,JAPRES010DEL01,35,4.7,26.921411,75.793604,27.031411,75.903604,1900-01-01 21:45:00,1900-01-01 21:50:00,0,1,1,3,4,1.0,1,1,41.0,16.383856071848083,5.0,21,21,1,Good,26-35,Very Long
0xd006,DEHRES14DEL02,28,4.6,30.319528,78.040267,30.369528,78.090267,1900-01-01 21:55:00,1900-01-01 22:05:00,3,1,1,3,3,0.0,1,4,11.0,7.34386385823289,10.0,21,22,1,Good,26-35,Long
0xa03f,HYDRES07DEL01,26,4.5,17.424114,78.347554,17.464114,78.387554,1900-01-01 13:20:00,1900-01-01 13:35:00,4,0,0,0,3,1.0,1,1,40.0,6.147194518583351,15.0,13,13,0,Good,26-35,Long
0xb48a,VADRES09DEL03,25,4.8,0.0,0.0,0.03,0.03,1900-01-01 21:50:00,1900-01-01 22:00:00,0,1,1,3,4,0.0,1,1,32.0,4.717601092054723,10.0,21,22,1,Excellent,18-25,Medium
0xa07e,MUMRES02DEL01,25,4.2,19.221315,72.862381,19.291315,72.932381,1900-01-01 20:45:00,1900-01-01 20:55:00,1,1,2,3,3,1.0,1,1,43.0,10.704238934519317,10.0,20,20,1,Average,18-25,Very Long
0x734b,MYSRES13DEL01,27,5.0,12.310972,76.659264,12.420972,76.769264,1900-01-01 20:40:00,1900-01-01 20:45:00,6,1,1,3,4,0.0,1,1,25.0,17.09838855662463,5.0,20,20,1,Excellent,26-35,Very Long
0xca87,KOLRES010DEL01,25,4.8,22.538999,88.322337,22.548999,88.332337,1900-01-01 11:10:00,1900-01-01 11:25:00,3,0,2,2,3,0.0,1,1,20.0,1.5136443701721214,15.0,11,11,0,Excellent,18-25,Short
0x89dc,MYSRES08DEL03,33,4.5,12.297954,76.665169,12.387954,76.755169,1900-01-01 17:25:00,1900-01-01 17:40:00,6,3,1,0,3,0.0,1,3,21.0,13.990192142064847,15.0,17,17,0,Good,26-35,Very Long
0x54f0,CHENRES03DEL02,26,4.6,13.091809,80.219104,13.221809,80.349104,1900-01-01 18:00:00,1900-01-01 18:05:00,2,3,2,3,4,1.0,1,1,23.0,20.176414243687514,5.0,18,18,1,Good,26-35,Very Long
0xccbc,GOARES17DEL01,32,4.1,15.496162,73.825364,15.566162,73.895364,1900-01-01 20:40:00,1900-01-01 20:50:00,3,1,0,1,3,1.0,1,3,38.0,10.808630377209381,10.0,20,20,1,Average,26-35,Very Long
0x84ef,PUNERES18DEL01,38,4.1,18.593481,73.785901,18.663481,73.855901,1900-01-01 18:25:00,1900-01-01 18:40:00,6,3,2,0,4,1.0,1,1,39.0,10.723264172167632,15.0,18,18,1,Average,36-45,Very Long
0x689e,HYDRES05DEL03,23,4.8,17.433809,78.386744,17.463809,78.416744,1900-01-01 19:45:00,1900-01-01 20:00:00,4,1,1,1,3,1.0,1,1,18.0,4.610339345524684,15.0,19,20,1,Excellent,18-25,Medium
0x4622,VADRES02DEL01,29,5.0,0.0,0.0,0.04,0.04,1900-01-01 13:55:00,1900-01-01 14:05:00,3,0,0,1,3,1.0,1,1,29.0,6.290134677634678,10.0,13,14,0,Excellent,26-35,Long
0x5c2c,JAPRES18DEL01,25,4.5,26.913987,75.752891,27.023987,75.862891,1900-01-01 23:30:00,1900-01-01 23:35:00,1,2,2,1,4,1.0,1,1,27.0,16.384334344092046,5.0,23,23,0,Good,18-25,Very Long
0x7f3c,MYSRES15DEL01,38,4.8,12.352058,76.60665,12.392058,76.64665,1900-01-01 12:30:00,1900-01-01 12:40:00,6,0,1,2,3,1.0,1,1,30.0,6.217525604924386,10.0,12,12,0,Excellent,36-45,Long
0x5e51,COIMBRES01DEL02,30,4.7,11.016298,76.972076,11.096298,77.052076,1900-01-01 22:15:00,1900-01-01 22:20:00,3,2,2,3,4,1.0,1,1,27.0,12.464066309794568,5.0,22,22,0,Good,26-35,Very Long
0xa05,CHENRES08DEL02,37,4.1,13.022394,80.242439,13.072394,80.292439,1900-01-01 17:40:00,1900-01-01 17:55:00,2,3,2,3,4,2.0,1,1,32.0,7.761839422154042,15.0,17,17,0,Average,36-45,Long
0xd76b,BHPRES04DEL02,34,4.4,23.184992,77.417227,23.204992,77.437227,1900-01-01 11:10:00,1900-01-01 11:15:00,3,0,1,0,4,1.0,1,1,31.0,3.0206347310381325,5.0,11,11,0,Average,26-35,Medium
0x93b1,BANGRES010DEL02,29,4.5,12.933298,77.614293,13.013298,77.694293,1900-01-01 17:15:00,1900-01-01 17:30:00,6,3,2,3,2,1.0,1,1,26.0,12.420750050313671,15.0,17,17,0,Good,26-35,Very Long
0xad61,MUMRES05DEL02,28,4.7,18.927584,72.832585,18.947584,72.852585,1900-01-01 09:10:00,1900-01-01 09:25:00,2,2,1,1,3,1.0,1,1,16.0,3.0611340136861775,15.0,9,9,1,Good,26-35,Medium
0x8d9e,COIMBRES06DEL01,29,4.6,11.021278,76.995017,11.091278,77.065017,1900-01-01 19:45:00,1900-01-01 20:00:00,4,1,2,1,2,1.0,1,1,15.0,10.906058503327221,15.0,19,20,1,Good,26-35,Very Long
0xba19,BANGRES010DEL01,20,5.0,12.933298,77.614293,13.043298,77.724293,1900-01-01 20:00:00,1900-01-01 20:15:00,0,1,2,2,3,1.0,1,3,30.0,17.078028601490022,15.0,20,20,1,Excellent,18-25,Very Long
0xa862,INDORES07DEL01,38,4.8,22.722634,75.886959,22.792634,75.956959,1900-01-01 21:40:00,1900-01-01 21:55:00,1,1,2,1,4,2.0,1,1,40.0,10.587929946825925,15.0,21,21,1,Excellent,36-45,Very Long
0x8a73,CHENRES010DEL03,32,4.6,13.066762,80.251865,13.096762,80.281865,1900-01-01 17:45:00,1900-01-01 18:00:00,0,3,1,2,4,1.0,1,1,15.0,4.656788095044164,15.0,17,18,0,Good,26-35,Medium
0x4a70,CHENRES15DEL03,24,4.7,13.026286,80.275235,13.056286,80.305235,1900-01-01 23:50:00,1900-01-01 00:05:00,6,2,2,0,4,1.0,1,1,17.0,4.657159718107683,15.0,23,0,0,Good,18-25,Medium
0x6684,VADRES08DEL02,30,4.5,0.0,0.0,0.05,0.05,1900-01-01 23:00:00,1900-01-01 23:15:00,2,2,0,1,3,1.0,1,1,20.0,7.8626681674103684,15.0,23,23,0,Good,26-35,Long
0x89a6,BANGRES02DEL01,23,5.0,12.970221,77.645396,13.010221,77.685396,1900-01-01 15:50:00,1900-01-01 16:00:00,3,3,0,2,3,1.0,1,1,16.0,6.210169290102755,10.0,15,16,0,Excellent,18-25,Long
0x21b3,RANCHIRES19DEL01,20,4.8,23.333017,85.3172,23.403017,85.3872,1900-01-01 22:30:00,1900-01-01 22:40:00,4,2,0,1,3,0.0,1,1,24.0,10.565936169903516,10.0,22,22,0,Excellent,18-25,Very Long
0xa9a1,MUMRES08DEL01,26,3.9,19.065838,72.832658,19.075838,72.842658,1900-01-01 12:00:00,1900-01-01 12:05:00,4,0,0,0,3,1.0,2,3,49.0,1.5299884479314707,5.0,12,12,0,Average,26-35,Short
0x28e5,VADRES19DEL01,20,4.9,22.311844,73.165081,22.351844,73.205081,1900-01-01 14:45:00,1900-01-01 15:00:00,4,0,2,0,2,1.0,1,1,17.0,6.058844117462931,15.0,14,15,0,Excellent,18-25,Long
0xc3c5,BHPRES03DEL03,36,4.6,23.214294,77.435361,23.274294,77.495361,1900-01-01 17:55:00,1900-01-01 18:05:00,2,3,2,0,2,1.0,1,1,31.0,9.060372371427242,10.0,17,18,0,Good,36-45,Long
0x2cf4,MUMRES06DEL02,39,4.9,19.055831,72.833984,19.105831,72.883984,1900-01-01 21:00:00,1900-01-01 21:15:00,4,1,0,0,3,1.0,1,1,23.0,7.649724402449684,15.0,21,21,1,Excellent,36-45,Long
0x7642,JAPRES11DEL01,38,4.9,26.90294,75.793007,26.91294,75.803007,1900-01-01 08:15:00,1900-01-01 08:30:00,4,2,1,0,3,0.0,1,1,19.0,1.4898423067405666,15.0,8,8,1,Excellent,36-45,Short
0x9235,MUMRES08DEL03,27,4.5,19.065838,72.832658,19.125838,72.892658,1900-01-01 21:10:00,1900-01-01 21:20:00,0,1,0,3,3,0.0,1,1,22.0,9.179276688028636,10.0,21,21,1,Good,26-35,Long
0x1643,INDORES12DEL01,24,4.6,22.74806,75.8934,22.81806,75.9634,1900-01-01 23:50:00,1900-01-01 23:55:00,1,2,1,2,3,1.0,1,4,25.0,10.587023705098991,5.0,23,23,0,Good,18-25,Very Long
0x624c,MUMRES06DEL02,28,4.6,19.055831,72.833984,19.135831,72.913984,1900-01-01 23:20:00,1900-01-01 23:35:00,1,2,1,2,3,0.0,1,1,29.0,12.239035527316306,15.0,23,23,0,Good,26-35,Very Long
0x4bac,MYSRES02DEL01,28,4.6,12.304569,76.643622,12.414569,76.753622,1900-01-01 19:30:00,1900-01-01 19:35:00,0,1,1,0,4,1.0,1,1,34.0,17.098593053938863,5.0,19,19,1,Good,26-35,Very Long
0x658,INDORES06DEL01,30,4.0,22.728163,75.884212,22.768163,75.924212,1900-01-01 12:10:00,1900-01-01 12:25:00,0,0,2,0,2,0.0,1,1,39.0,6.050438648835732,15.0,12,12,0,Average,26-35,Long
0x2a5e,VADRES20DEL03,29,4.1,22.311358,73.164798,22.341358,73.194798,1900-01-01 19:45:00,1900-01-01 20:00:00,4,1,0,1,3,1.0,1,1,42.0,4.544215521132342,15.0,19,20,1,Average,26-35,Medium
0x4fd0,INDORES19DEL01,30,5.0,22.745536,75.893106,22.755536,75.903106,1900-01-01 09:40:00,1900-01-01 09:45:00,4,2,2,1,4,1.0,1,1,19.0,1.5125976112065025,5.0,9,9,1,Excellent,26-35,Short
0x46cb,SURRES17DEL02,37,5.0,21.149569,72.772697,21.199569,72.822697,1900-01-01 20:20:00,1900-01-01 20:30:00,6,1,2,0,4,0.0,1,1,33.0,7.601876617115989,10.0,20,20,1,Excellent,36-45,Long
0xa92c,BANGRES02DEL03,37,4.8,12.970221,77.645396,13.000221,77.675396,1900-01-01 22:45:00,1900-01-01 22:55:00,2,2,2,1,3,1.0,1,1,22.0,4.657672650623545,10.0,22,22,0,Excellent,36-45,Medium
0x8aff,CHENRES01DEL02,29,4.8,13.005801,80.250744,13.085801,80.330744,1900-01-01 21:45:00,1900-01-01 21:55:00,0,1,0,2,3,2.0,1,1,43.0,12.41898167230365,10.0,21,21,1,Excellent,26-35,Very Long
0x4400,JAPRES04DEL03,38,5.0,26.902328,75.794257,26.992328,75.884257,1900-01-01 18:20:00,1900-01-01 18:35:00,0,3,2,3,4,2.0,1,1,42.0,13.406506203190967,15.0,18,18,1,Excellent,36-45,Very Long
0x788,COIMBRES03DEL01,25,4.7,11.025083,77.015393,11.095083,77.085393,1900-01-01 22:35:00,1900-01-01 22:50:00,2,2,1,3,4,0.0,1,1,19.0,10.90598905626876,15.0,22,22,0,Good,18-25,Very Long
0x649b,COIMBRES01DEL02,34,4.8,11.016298,76.972076,11.066298,77.022076,1900-01-01 00:00:00,1900-01-01 00:15:00,3,2,2,3,4,1.0,1,1,29.0,7.790237052802913,15.0,0,0,0,Excellent,26-35,Long
0xbf71,GOARES14DEL01,34,4.7,15.157944,73.950889,15.227944,74.020889,1900-01-01 21:20:00,1900-01-01 21:25:00,4,1,1,1,3,1.0,1,1,20.0,10.817079414296114,5.0,21,21,1,Good,26-35,Very Long
0x1241,MUMRES20DEL02,24,5.0,19.103249,72.846749,19.233249,72.976749,1900-01-01 20:15:00,1900-01-01 20:30:00,3,1,0,2,3,0.0,1,1,29.0,19.88431857497891,15.0,20,20,1,Excellent,18-25,Very Long
0x5b0f,VADRES17DEL02,24,4.7,0.0,0.0,0.08,0.08,1900-01-01 19:40:00,1900-01-01 19:45:00,4,1,2,1,3,0.0,1,3,12.0,12.58026782240096,5.0,19,19,1,Good,18-25,Very Long
0xb3db,MYSRES18DEL01,21,4.6,12.337928,76.617889,12.377928,76.657889,1900-01-01 13:40:00,1900-01-01 13:50:00,2,0,1,2,4,0.0,1,4,14.0,6.217689735000026,10.0,13,13,0,Good,18-25,Long
0x9e9a,PUNERES20DEL03,39,4.6,18.592718,73.773572,18.652718,73.833572,1900-01-01 17:15:00,1900-01-01 17:30:00,3,3,2,3,2,0.0,1,1,34.0,9.19151681625338,15.0,17,17,0,Good,36-45,Long
0x87eb,VADRES18DEL02,20,4.7,0.0,0.0,0.08,0.08,1900-01-01 22:25:00,1900-01-01 22:35:00,6,2,0,1,3,1.0,1,1,22.0,12.58026782240096,10.0,22,22,0,Good,18-25,Very Long
0x5db,HYDRES06DEL01,30,4.7,17.455894,78.375467,17.525894,78.445467,1900-01-01 17:45:00,1900-01-01 17:55:00,0,3,0,0,3,0.0,2,1,47.0,10.756273454297123,10.0,17,17,0,Good,26-35,Very Long
0x928e,RANCHIRES18DEL03,24,4.5,23.351489,85.324253,23.441489,85.414253,1900-01-01 19:25:00,1900-01-01 19:40:00,2,1,1,3,4,1.0,1,3,19.0,13.583440059634135,15.0,19,19,1,Good,18-25,Very Long
0xd3bd,KOLRES01DEL03,35,4.8,22.514688,88.393294,22.604688,88.483294,1900-01-01 17:50:00,1900-01-01 17:55:00,2,3,1,2,3,1.0,1,1,24.0,13.62208523449083,5.0,17,17,0,Excellent,26-35,Very Long
0x2074,JAPRES14DEL01,26,4.9,26.88842,75.800689,26.89842,75.810689,1900-01-01 11:15:00,1900-01-01 11:25:00,4,0,2,3,4,0.0,1,3,13.0,1.4899271643865588,10.0,11,11,0,Excellent,26-35,Short
0x6485,INDORES14DEL03,29,4.6,22.761593,75.886362,22.821593,75.946362,1900-01-01 17:15:00,1900-01-01 17:20:00,2,3,2,2,2,1.0,1,1,22.0,9.074331008326515,5.0,17,17,0,Good,26-35,Long
0x31c6,CHENRES03DEL01,30,4.7,13.091809,80.219104,13.101809,80.229104,1900-01-01 08:50:00,1900-01-01 09:00:00,4,2,1,0,4,1.0,1,1,16.0,1.5522165637171133,10.0,8,9,1,Good,26-35,Short
0xad9b,COIMBRES15DEL01,22,4.8,11.006686,76.951736,11.116686,77.061736,1900-01-01 22:15:00,1900-01-01 22:30:00,6,2,2,3,3,0.0,1,3,12.0,17.13793593144315,15.0,22,22,0,Excellent,18-25,Very Long
0x805f,PUNERES19DEL01,33,4.4,18.563934,73.915367,18.673935,74.025367,1900-01-01 20:25:00,1900-01-01 20:30:00,0,1,2,1,2,0.0,1,3,43.0,16.851371030914212,5.0,20,20,1,Average,26-35,Very Long
0xa71,CHENRES18DEL01,31,4.6,12.981615,80.231598,13.091615,80.341598,1900-01-01 20:20:00,1900-01-01 20:25:00,4,1,2,2,4,0.0,1,1,18.0,17.076407856166536,5.0,20,20,1,Good,26-35,Very Long
0xcea9,AURGRES03DEL03,36,4.9,19.874733,75.353942,19.934733,75.413942,1900-01-01 18:10:00,1900-01-01 18:20:00,4,3,1,2,4,0.0,1,3,19.0,9.15771032959411,10.0,18,18,1,Excellent,36-45,Long
0x51f7,SURRES01DEL01,27,4.6,21.186438,72.794115,21.296438,72.904115,1900-01-01 20:25:00,1900-01-01 20:40:00,0,1,0,3,3,1.0,1,1,40.0,16.72060564152958,15.0,20,20,1,Good,26-35,Very Long
0x2934,INDORES09DEL01,22,4.5,22.725835,75.887648,22.765835,75.927648,1900-01-01 12:35:00,1900-01-01 12:50:00,6,0,1,2,4,1.0,1,1,11.0,6.050486021641428,15.0,12,12,0,Good,18-25,Long
0x28b5,MUMRES06DEL02,33,4.7,19.055831,72.833984,19.105831,72.883984,1900-01-01 21:00:00,1900-01-01 21:10:00,3,1,1,0,3,1.0,1,1,27.0,7.649724402449684,10.0,21,21,1,Good,26-35,Long
0x267d,SURRES20DEL02,34,4.8,21.15276,72.778059,21.20276,72.828059,1900-01-01 23:20:00,1900-01-01 23:35:00,6,2,2,3,4,1.0,1,1,26.0,7.60180033473793,15.0,23,23,0,Excellent,26-35,Long
0x9b95,CHENRES03DEL01,27,4.8,13.091809,80.219104,13.161809,80.289104,1900-01-01 18:10:00,1900-01-01 18:25:00,3,3,2,1,3,1.0,1,1,19.0,10.864870498856765,15.0,18,18,1,Excellent,26-35,Very Long
0xd613,LUDHRES17DEL02,39,4.5,30.893384,75.821202,30.913384,75.841202,1900-01-01 09:50:00,1900-01-01 09:55:00,3,2,1,1,4,0.0,1,1,26.0,2.9303382895478234,5.0,9,9,1,Good,36-45,Medium
0xd15f,AURGRES07DEL02,28,4.8,19.875908,75.358888,19.955908,75.438888,1900-01-01 21:55:00,1900-01-01 22:05:00,4,1,2,0,4,1.0,1,1,22.0,12.20987539906126,10.0,21,22,1,Excellent,26-35,Very Long
0x66b0,HYDRES010DEL03,27,4.7,17.428294,78.404423,17.518294,78.494423,1900-01-01 20:55:00,1900-01-01 21:05:00,4,1,1,1,3,1.0,1,1,13.0,13.830131455506187,10.0,20,21,1,Good,26-35,Very Long
0x8e2a,HYDRES20DEL01,20,4.8,17.483216,78.552111,17.593216,78.662111,1900-01-01 17:40:00,1900-01-01 17:45:00,6,3,0,2,3,1.0,1,1,26.0,16.900616226154256,5.0,17,17,0,Excellent,18-25,Very Long
0x928d,MUMRES13DEL01,28,4.3,19.178321,72.834715,19.248321,72.904715,1900-01-01 20:20:00,1900-01-01 20:35:00,3,1,0,2,3,1.0,1,3,32.0,10.705559922396555,15.0,20,20,1,Average,26-35,Very Long
0xb03,HYDRES20DEL01,30,4.5,17.483216,78.552111,17.553216,78.622111,1900-01-01 20:50:00,1900-01-01 20:55:00,6,1,1,1,4,1.0,1,1,38.0,10.7555029596215,5.0,20,20,1,Good,26-35,Very Long
0x631e,HYDRES18DEL02,30,4.8,17.450851,78.379347,17.470851,78.399347,1900-01-01 08:15:00,1900-01-01 08:25:00,3,2,1,3,3,0.0,1,1,23.0,3.073462803868858,10.0,8,8,1,Excellent,26-35,Medium
0x520d,SURRES17DEL02,21,4.6,21.149569,72.772697,21.199569,72.822697,1900-01-01 21:30:00,1900-01-01 21:35:00,3,1,1,3,4,0.0,1,1,20.0,7.601876617115989,5.0,21,21,1,Good,18-25,Long
0xb280,MYSRES05DEL02,34,4.4,12.323978,76.627961,12.343978,76.647961,1900-01-01 09:50:00,1900-01-01 10:05:00,3,2,0,1,3,0.0,1,1,21.0,3.108983787513406,15.0,9,10,1,Average,26-35,Medium
0xced7,KOCRES04DEL02,20,4.8,9.966783,76.242981,10.096783,76.372981,1900-01-01 18:10:00,1900-01-01 18:15:00,3,3,0,3,3,0.0,1,1,20.0,20.287264795753714,5.0,18,18,1,Excellent,18-25,Very Long
0x6322,RANCHIRES14DEL03,25,4.9,0.0,0.0,0.06,0.06,1900-01-01 23:35:00,1900-01-01 23:50:00,2,2,1,2,3,1.0,1,1,16.0,9.435201537430713,15.0,23,23,0,Excellent,18-25,Long
0xce1a,KNPRES11DEL02,21,4.6,26.474986,80.342796,26.494986,80.362796,1900-01-01 09:15:00,1900-01-01 09:30:00,4,2,0,1,3,1.0,1,3,10.0,2.9845983784434726,15.0,9,9,1,Good,18-25,Medium
0x8257,MYSRES15DEL01,27,4.6,12.352058,76.60665,12.422058,76.67665,1900-01-01 19:55:00,1900-01-01 20:05:00,1,1,0,1,3,2.0,2,1,44.0,10.88036428627722,10.0,19,20,1,Good,26-35,Very Long
0xd480,AURGRES02DEL02,21,4.7,0.0,0.0,0.02,0.02,1900-01-01 11:50:00,1900-01-01 12:00:00,2,0,0,1,3,0.0,1,3,15.0,3.145067434621583,10.0,11,12,0,Good,18-25,Medium
0x6773,PUNERES18DEL02,20,4.5,18.593481,73.785901,18.673481,73.865901,1900-01-01 19:10:00,1900-01-01 19:25:00,4,1,2,2,2,0.0,1,4,13.0,12.254988311075596,15.0,19,19,1,Good,18-25,Very Long
0xa47d,MYSRES02DEL03,39,4.5,12.304569,76.643622,12.364569,76.703622,1900-01-01 23:35:00,1900-01-01 23:45:00,3,2,0,3,3,1.0,1,1,20.0,9.326940869812143,10.0,23,23,0,Good,36-45,Long
0xe0b4,KOCRES04DEL01,27,5.0,9.966783,76.242981,10.076783,76.352981,1900-01-01 22:00:00,1900-01-01 22:10:00,3,1,1,3,4,1.0,1,1,22.0,17.166408504644007,10.0,22,22,0,Excellent,26-35,Very Long
0x5389,BANGRES08DEL02,25,4.6,12.906229,77.596791,12.956229,77.646791,1900-01-01 21:20:00,1900-01-01 21:30:00,1,1,2,0,4,1.0,1,4,33.0,7.763607607839511,10.0,21,21,1,Good,18-25,Long
0xa190,HYDRES20DEL02,26,5.0,17.483216,78.552111,17.503216,78.572111,1900-01-01 08:35:00,1900-01-01 08:50:00,6,2,2,1,4,1.0,1,1,14.0,3.0732024062611822,15.0,8,8,1,Excellent,26-35,Medium
0x7a90,SURRES14DEL01,26,4.9,21.157729,72.768726,21.227729,72.838726,1900-01-01 21:15:00,1900-01-01 21:20:00,6,1,2,3,4,0.0,1,1,26.0,10.64201906419996,5.0,21,21,1,Excellent,26-35,Very Long
0x7335,BANGRES11DEL01,39,4.9,12.934365,77.616155,13.044365,77.726155,1900-01-01 19:10:00,1900-01-01 19:20:00,3,1,2,1,2,1.0,1,3,29.0,17.07799287216204,10.0,19,19,1,Excellent,36-45,Very Long
0x1f9c,BANGRES01DEL02,26,4.2,12.933284,77.615428,13.063284,77.745428,1900-01-01 22:00:00,1900-01-01 22:05:00,2,1,0,2,3,1.0,2,1,39.0,20.182728669258125,5.0,22,22,0,Average,26-35,Very Long
0x152b,SURRES20DEL01,38,5.0,21.15276,72.778059,21.16276,72.788059,1900-01-01 09:30:00,1900-01-01 09:35:00,3,2,1,1,3,1.0,1,1,27.0,1.520455689583788,5.0,9,9,1,Excellent,36-45,Short
0xa7c9,BANGRES13DEL02,33,4.7,12.935662,77.61413,12.955662,77.63413,1900-01-01 08:45:00,1900-01-01 08:50:00,1,2,2,3,4,0.0,1,1,15.0,3.1053555451188637,5.0,8,8,1,Good,26-35,Medium
0x8f09,CHENRES02DEL01,28,4.7,13.086438,80.220672,13.196438,80.330672,1900-01-01 22:00:00,1900-01-01 22:05:00,1,1,1,1,3,1.0,1,3,30.0,17.072871906399556,5.0,22,22,0,Good,26-35,Very Long
0xa565,MYSRES20DEL02,23,4.6,12.337978,76.616792,12.417978,76.696792,1900-01-01 17:45:00,1900-01-01 17:50:00,4,3,2,0,4,0.0,1,3,15.0,12.434913132379245,5.0,17,17,0,Good,18-25,Very Long
0x8f19,PUNERES14DEL01,38,4.7,18.516216,73.842527,18.626216,73.952527,1900-01-01 20:00:00,1900-01-01 20:10:00,1,1,0,0,3,2.0,1,1,49.0,16.85352490584544,10.0,20,20,1,Good,36-45,Very Long
0x6f8b,HYDRES03DEL02,33,4.1,17.422819,78.449578,17.502819,78.529578,1900-01-01 20:35:00,1900-01-01 20:40:00,6,1,0,1,3,1.0,2,3,40.0,12.29378731203682,5.0,20,20,1,Average,26-35,Very Long
0xc26c,AURGRES08DEL02,36,4.9,19.876428,75.364792,19.926428,75.414792,1900-01-01 23:35:00,1900-01-01 23:40:00,0,2,2,0,3,0.0,1,3,17.0,7.631500138051357,5.0,23,23,0,Excellent,36-45,Long
0x8444,BANGRES09DEL01,30,4.9,12.934179,77.615797,13.004179,77.685797,1900-01-01 23:45:00,1900-01-01 23:50:00,2,2,2,3,4,1.0,1,1,16.0,10.868244074540835,5.0,23,23,0,Excellent,26-35,Very Long
0x791c,MUMRES09DEL03,27,4.5,18.994049,72.825203,19.054049,72.885203,1900-01-01 18:40:00,1900-01-01 18:45:00,0,3,1,3,4,1.0,1,3,11.0,9.181151801248024,5.0,18,18,1,Good,26-35,Long
0xdf82,GOARES16DEL03,27,5.0,15.498603,73.826911,15.588603,73.916911,1900-01-01 20:50:00,1900-01-01 21:05:00,6,1,2,2,4,1.0,1,4,21.0,13.89640627144465,15.0,20,21,1,Excellent,26-35,Very Long
0x6aca,RANCHIRES13DEL01,38,4.8,23.374989,85.335486,23.444989,85.405486,1900-01-01 21:10:00,1900-01-01 21:20:00,4,1,2,1,2,0.0,1,1,19.0,10.564405615161895,10.0,21,21,1,Excellent,36-45,Very Long
0x2b76,PUNERES13DEL01,25,4.9,18.56245,73.916619,18.57245,73.926619,1900-01-01 11:50:00,1900-01-01 11:55:00,6,0,2,0,4,1.0,1,1,29.0,1.5321547990764783,5.0,11,11,0,Excellent,18-25,Short
0xd8b,CHENRES010DEL02,24,4.8,13.066762,80.251865,13.086762,80.271865,1900-01-01 10:20:00,1900-01-01 10:25:00,4,2,0,3,3,0.0,1,1,17.0,3.104556052438096,5.0,10,10,1,Excellent,18-25,Medium
0x94fb,HYDRES16DEL02,25,4.3,17.440827,78.393391,17.570827,78.523391,1900-01-01 21:00:00,1900-01-01 21:10:00,2,1,0,2,3,2.0,1,1,38.0,19.975152579495532,10.0,21,21,1,Average,18-25,Very Long
0x8155,INDORES01DEL02,30,4.9,22.695207,75.866059,22.825207,75.996059,1900-01-01 23:55:00,1900-01-01 00:05:00,1,2,1,2,4,1.0,1,1,27.0,19.663125922534896,10.0,23,0,0,Excellent,26-35,Very Long
0x7c2e,JAPRES12DEL03,36,4.7,26.902908,75.792934,26.992908,75.882934,1900-01-01 21:45:00,1900-01-01 21:50:00,1,1,0,2,3,1.0,2,1,47.0,13.40647565433019,5.0,21,21,1,Good,36-45,Very Long
0xafaf,MUMRES04DEL01,26,4.7,19.254567,72.848923,19.324567,72.918923,1900-01-01 21:00:00,1900-01-01 21:15:00,0,1,0,0,3,1.0,1,1,41.0,10.703215446671857,15.0,21,21,1,Good,26-35,Very Long
0xdb42,ALHRES02DEL01,35,4.7,25.453436,81.833167,25.493436,81.873167,1900-01-01 14:45:00,1900-01-01 14:50:00,0,0,2,1,4,1.0,1,1,29.0,5.992191829586483,5.0,14,14,0,Good,26-35,Long
0x9e46,VADRES010DEL01,29,4.7,22.310329,73.169083,22.320329,73.179083,1900-01-01 11:15:00,1900-01-01 11:30:00,1,0,1,1,3,1.0,1,3,30.0,1.514793721388757,15.0,11,11,0,Good,26-35,Short
0x8dda,PUNERES17DEL02,23,4.5,18.530963,73.828972,18.580963,73.878972,1900-01-01 19:00:00,1900-01-01 19:10:00,2,3,0,0,3,0.0,1,3,18.0,7.66101794664148,10.0,19,19,1,Good,18-25,Long
0xd31d,ALHRES11DEL01,32,4.9,0.0,0.0,0.04,0.04,1900-01-01 13:10:00,1900-01-01 13:15:00,6,0,1,2,3,0.0,1,1,30.0,6.290134677634678,5.0,13,13,0,Excellent,26-35,Long
0x223a,INDORES15DEL03,24,5.0,22.760072,75.892574,22.850072,75.982574,1900-01-01 22:20:00,1900-01-01 22:30:00,1,2,1,2,4,1.0,1,1,26.0,13.610877575672198,10.0,22,22,0,Excellent,18-25,Very Long
0x7105,PUNERES17DEL01,34,4.9,18.530963,73.828972,18.600963,73.898972,1900-01-01 17:20:00,1900-01-01 17:25:00,1,3,1,2,3,1.0,1,1,30.0,10.725127399399225,5.0,17,17,0,Excellent,26-35,Very Long
0x8fd5,HYDRES18DEL02,36,4.2,17.450851,78.379347,17.470851,78.399347,1900-01-01 09:25:00,1900-01-01 09:40:00,2,2,0,3,3,1.0,1,1,23.0,3.073462803868858,15.0,9,9,1,Average,36-45,Medium
0xcac7,KOCRES16DEL01,25,4.6,10.003064,76.307589,10.073064,76.377589,1900-01-01 21:20:00,1900-01-01 21:30:00,4,1,0,1,3,1.0,1,3,19.0,10.923808413419035,10.0,21,21,1,Good,18-25,Very Long
0x184a,BANGRES09DEL02,34,4.9,12.934179,77.615797,13.064179,77.745797,1900-01-01 23:10:00,1900-01-01 23:15:00,6,2,2,1,3,1.0,1,1,20.0,20.18269322461139,5.0,23,23,0,Excellent,26-35,Very Long
0x732f,VADRES12DEL02,36,4.9,0.0,0.0,0.05,0.05,1900-01-01 22:15:00,1900-01-01 22:30:00,4,2,0,0,3,1.0,1,1,28.0,7.8626681674103684,15.0,22,22,0,Excellent,36-45,Long
0xa3ab,HYDRES15DEL01,34,4.6,17.45971,78.368855,17.49971,78.408855,1900-01-01 13:45:00,1900-01-01 13:50:00,4,0,1,1,3,0.0,1,1,22.0,6.146622187550208,5.0,13,13,0,Good,26-35,Long
0x3c7f,MYSRES09DEL03,22,5.0,12.323194,76.630583,12.383194,76.690583,1900-01-01 17:15:00,1900-01-01 17:30:00,6,3,0,2,3,1.0,1,1,21.0,9.326616887755375,15.0,17,17,0,Excellent,18-25,Long
0x959f,SURRES19DEL03,35,4.3,21.149669,72.772629,21.179669,72.802629,1900-01-01 23:20:00,1900-01-01 23:35:00,3,2,0,0,3,1.0,1,1,32.0,4.561267998364189,15.0,23,23,0,Average,26-35,Medium
0xe259,AGRRES04DEL01,33,4.7,27.195928,77.998092,27.205928,78.008092,1900-01-01 10:20:00,1900-01-01 10:25:00,0,2,0,2,3,1.0,1,1,25.0,1.488122293779747,5.0,10,10,1,Good,26-35,Short
0x91f7,JAPRES19DEL02,34,4.2,26.913726,75.75282,26.963726,75.80282,1900-01-01 21:40:00,1900-01-01 21:45:00,1,1,2,1,2,1.0,1,1,37.0,7.448311138215936,5.0,21,21,1,Average,26-35,Long
0xd6f0,LUDHRES18DEL03,20,4.7,30.890184,75.829615,30.920184,75.859615,1900-01-01 18:00:00,1900-01-01 18:05:00,4,3,2,0,3,0.0,1,3,10.0,4.39547235687439,5.0,18,18,1,Good,18-25,Medium
0x5011,JAPRES13DEL03,27,5.0,26.846156,75.8023,26.906156,75.8623,1900-01-01 17:55:00,1900-01-01 18:05:00,6,3,0,0,3,1.0,1,1,28.0,8.940167719841355,10.0,17,18,0,Excellent,26-35,Long
0xc2aa,LUDHRES20DEL03,21,4.8,30.885915,75.788259,31.025915,75.928259,1900-01-01 21:30:00,1900-01-01 21:45:00,6,1,0,3,3,1.0,1,1,31.0,20.50758678093407,15.0,21,21,1,Excellent,18-25,Very Long
0x830b,PUNERES19DEL03,37,4.0,18.563934,73.915367,18.593934,73.945367,1900-01-01 17:50:00,1900-01-01 17:55:00,2,3,0,2,3,1.0,1,1,33.0,4.596317855297838,5.0,17,17,0,Average,36-45,Medium
0xb5e8,VADRES02DEL02,24,4.0,0.0,0.0,0.08,0.08,1900-01-01 18:30:00,1900-01-01 18:35:00,0,3,1,1,3,1.0,1,3,36.0,12.58026782240096,5.0,18,18,1,Average,18-25,Very Long
0x9bf6,MUMRES03DEL02,31,4.5,19.22384,72.841347,19.30384,72.921347,1900-01-01 18:50:00,1900-01-01 19:05:00,2,3,2,1,2,1.0,1,1,28.0,12.233151216488597,15.0,18,19,1,Good,26-35,Very Long
0x6fa2,MUMRES05DEL01,25,4.9,18.927584,72.832585,19.037584,72.942585,1900-01-01 19:25:00,1900-01-01 19:35:00,0,1,0,3,3,0.0,1,1,46.0,16.83409066322075,10.0,19,19,1,Excellent,18-25,Very Long
0xc77b,DEHRES20DEL03,25,4.9,0.0,0.0,0.09,0.09,1900-01-01 22:15:00,1900-01-01 22:25:00,2,2,1,3,4,1.0,1,4,16.0,14.15280068944862,10.0,22,22,0,Excellent,18-25,Very Long
0xbeb2,JAPRES18DEL03,20,4.8,26.913987,75.752891,27.003987,75.842891,1900-01-01 19:25:00,1900-01-01 19:40:00,4,1,2,2,4,1.0,1,1,24.0,13.40589201844524,15.0,19,19,1,Excellent,18-25,Very Long
0xc3a4,DEHRES09DEL01,32,4.8,30.332735,78.054222,30.342735,78.064222,1900-01-01 08:50:00,1900-01-01 09:05:00,6,2,1,0,4,1.0,1,1,29.0,1.4688163256853812,15.0,8,9,1,Excellent,26-35,Short
0x564c,HYDRES11DEL01,36,4.1,17.430448,78.418213,17.440448,78.428213,1900-01-01 08:20:00,1900-01-01 08:25:00,6,2,0,1,3,0.0,1,1,21.0,1.5368334425195926,5.0,8,8,1,Average,36-45,Short
0x6b3d,RANCHIRES09DEL02,32,4.6,23.351058,85.325731,23.371058,85.345731,1900-01-01 10:40:00,1900-01-01 10:50:00,6,2,2,0,4,1.0,1,1,24.0,3.0189114817580243,10.0,10,10,1,Good,26-35,Medium
0x923c,COIMBRES010DEL03,34,4.1,11.003008,76.97544,11.033008,77.00544,1900-01-01 23:35:00,1900-01-01 23:50:00,2,2,0,0,3,0.0,1,3,24.0,4.67432400638191,15.0,23,23,0,Average,26-35,Medium
0xd696,LUDHRES05DEL01,34,5.0,30.905562,75.832841,30.945562,75.872841,1900-01-01 16:30:00,1900-01-01 16:35:00,0,3,0,1,3,1.0,1,1,34.0,5.860100551762558,5.0,16,16,0,Excellent,26-35,Long
0x43b2,VADRES05DEL03,28,4.8,22.310526,73.170937,22.340526,73.200937,1900-01-01 17:25:00,1900-01-01 17:35:00,0,3,2,2,3,0.0,1,1,17.0,4.544228016639666,10.0,17,17,0,Excellent,26-35,Medium
0x79ab,MUMRES09DEL02,23,4.7,18.994049,72.825203,19.124049,72.955203,1900-01-01 23:45:00,1900-01-01 23:50:00,3,2,1,0,4,0.0,1,3,18.0,19.890514223034963,5.0,23,23,0,Good,18-25,Very Long
0x3b05,CHENRES19DEL01,35,4.7,12.986047,80.218114,13.026047,80.258114,1900-01-01 13:20:00,1900-01-01 13:35:00,3,0,2,3,4,1.0,1,3,28.0,6.209976450705328,15.0,13,13,0,Good,26-35,Long
0xd8d2,KOCRES01DEL03,29,4.7,9.979363,76.285001,10.069363,76.375001,1900-01-01 22:20:00,1900-01-01 22:25:00,4,2,1,1,3,1.0,1,1,30.0,14.04518868581413,5.0,22,22,0,Good,26-35,Very Long
0x9f6c,CHENRES02DEL01,38,4.7,13.086438,80.220672,13.096438,80.230672,1900-01-01 09:50:00,1900-01-01 10:05:00,0,2,1,1,3,1.0,1,4,17.0,1.5522330405305724,15.0,9,10,1,Good,36-45,Short
0x9d6d,CHENRES19DEL03,37,4.6,12.986047,80.218114,13.046047,80.278114,1900-01-01 21:20:00,1900-01-01 21:30:00,4,1,1,2,4,1.0,1,1,22.0,9.314781588433535,10.0,21,21,1,Good,36-45,Long
0xaca7,COIMBRES01DEL01,22,4.9,11.016298,76.972076,11.086298,77.042076,1900-01-01 19:10:00,1900-01-01 19:20:00,4,1,1,3,3,1.0,1,3,24.0,10.906149360969733,10.0,19,19,1,Excellent,18-25,Very Long
0x5afe,COIMBRES13DEL02,30,4.7,11.003669,76.976494,11.023669,76.996494,1900-01-01 08:20:00,1900-01-01 08:25:00,1,2,0,0,3,1.0,1,1,22.0,3.1162385581768866,5.0,8,8,1,Good,26-35,Medium
0xba2f,CHENRES12DEL03,20,4.8,12.972793,80.249982,13.062793,80.339982,1900-01-01 22:10:00,1900-01-01 22:20:00,3,2,1,3,4,0.0,1,1,11.0,13.972123977178622,10.0,22,22,0,Excellent,18-25,Very Long
0xaef3,BANGRES20DEL01,28,4.8,12.972161,77.596014,13.082161,77.706014,1900-01-01 17:10:00,1900-01-01 17:15:00,3,3,1,3,4,0.0,1,1,21.0,17.076725433736602,5.0,17,17,0,Excellent,26-35,Very Long
0x8513,INDORES05DEL03,39,4.6,22.727021,75.884167,22.787021,75.944167,1900-01-01 18:45:00,1900-01-01 18:55:00,1,3,0,2,3,0.0,1,3,29.0,9.075387359616569,10.0,18,18,1,Good,36-45,Long
0xdd49,GOARES15DEL03,35,4.7,15.51315,73.78346,15.57315,73.84346,1900-01-01 21:00:00,1900-01-01 21:15:00,3,1,2,1,3,1.0,1,1,26.0,9.264280986804865,15.0,21,21,1,Good,26-35,Long
0x7f1,SURRES05DEL03,26,4.9,21.175104,72.804342,21.265104,72.894342,1900-01-01 21:15:00,1900-01-01 21:20:00,1,1,0,3,3,1.0,1,1,42.0,13.681416111912892,5.0,21,21,1,Excellent,26-35,Very Long
0x4f03,MYSRES17DEL01,32,4.9,12.326356,76.619103,12.336356,76.629103,1900-01-01 08:35:00,1900-01-01 08:45:00,6,2,1,3,3,1.0,1,1,28.0,1.5544994921789963,10.0,8,8,1,Excellent,26-35,Short
0x4eb7,COIMBRES12DEL01,25,4.8,11.000762,76.981876,11.040762,77.021876,1900-01-01 14:25:00,1900-01-01 14:35:00,2,0,0,1,3,1.0,1,1,32.0,6.232403352170867,10.0,14,14,0,Excellent,18-25,Long
0x3837,INDORES03DEL03,34,4.5,22.751857,75.866699,22.811857,75.926699,1900-01-01 20:30:00,1900-01-01 20:45:00,4,1,1,0,4,1.0,1,3,24.0,9.07462863182012,15.0,20,20,1,Good,26-35,Long
0xa42a,COIMBRES08DEL03,34,4.0,11.001852,76.976268,11.031852,77.006268,1900-01-01 17:40:00,1900-01-01 17:55:00,3,3,1,2,4,1.0,1,3,32.0,4.67433301643506,15.0,17,17,0,Average,26-35,Medium
0x2e33,SURRES03DEL02,29,4.9,21.186884,72.793616,21.316884,72.923616,1900-01-01 23:25:00,1900-01-01 23:30:00,2,2,0,1,3,0.0,1,1,20.0,19.760063712198686,5.0,23,23,0,Excellent,26-35,Very Long
0xa2b8,RANCHIRES16DEL03,35,4.7,23.371292,85.327872,23.431292,85.387872,1900-01-01 20:35:00,1900-01-01 20:50:00,2,1,1,2,3,0.0,1,1,26.0,9.055476933500598,15.0,20,20,1,Good,26-35,Long
0xa587,JAPRES19DEL02,21,4.5,26.913726,75.75282,26.963726,75.80282,1900-01-01 20:55:00,1900-01-01 21:05:00,0,1,0,2,3,0.0,1,1,27.0,7.448311138215936,10.0,20,21,1,Good,18-25,Long
0xbca6,RANCHIRES07DEL01,35,5.0,23.359407,85.325055,23.399407,85.365055,1900-01-01 14:35:00,1900-01-01 14:50:00,2,0,2,3,4,1.0,1,1,33.0,6.037440799484659,15.0,14,14,0,Excellent,26-35,Long
0x8335,INDORES15DEL02,38,4.3,22.760072,75.892574,22.890072,76.022574,1900-01-01 21:40:00,1900-01-01 21:45:00,2,1,1,1,4,1.0,1,1,31.0,19.658828717454107,5.0,21,21,1,Average,36-45,Very Long
0x8bd3,INDORES07DEL03,23,4.7,22.722634,75.886959,22.812634,75.976959,1900-01-01 22:20:00,1900-01-01 22:30:00,3,2,0,0,3,1.0,1,1,22.0,13.612594236925654,10.0,22,22,0,Good,18-25,Very Long
0x947f,COIMBRES010DEL01,24,4.6,11.003008,76.97544,11.043008,77.01544,1900-01-01 16:50:00,1900-01-01 17:00:00,2,3,2,1,4,1.0,1,1,26.0,6.232380002107721,10.0,16,17,0,Good,18-25,Long
0x551e,HYDRES02DEL02,28,4.8,17.41233,78.449654,17.46233,78.499654,1900-01-01 22:20:00,1900-01-01 22:25:00,0,2,0,3,3,1.0,1,3,20.0,7.684129284114672,5.0,22,22,0,Excellent,26-35,Long
0xcd16,LUDHRES010DEL02,21,4.6,30.89286,75.822199,31.02286,75.952199,1900-01-01 19:30:00,1900-01-01 19:40:00,1,1,1,2,4,1.0,1,3,30.0,19.042595484787427,10.0,19,19,1,Good,18-25,Very Long
0x7429,BANGRES18DEL01,22,4.7,12.913041,77.683237,12.983041,77.753237,1900-01-01 19:20:00,1900-01-01 19:25:00,4,1,1,2,3,0.0,1,3,17.0,10.86869350467311,5.0,19,19,1,Good,18-25,Very Long
0x520f,CHENRES01DEL02,33,4.9,13.005801,80.250744,13.085801,80.330744,1900-01-01 20:15:00,1900-01-01 20:20:00,4,1,1,3,3,1.0,1,1,15.0,12.41898167230365,5.0,20,20,1,Excellent,26-35,Very Long
0x7d7c,RANCHIRES06DEL03,34,3.7,23.357804,85.325146,23.447804,85.415146,1900-01-01 17:30:00,1900-01-01 17:40:00,2,3,1,3,3,1.0,1,1,31.0,13.58314386669513,10.0,17,17,0,Average,26-35,Very Long
0x453b,CHENRES18DEL02,29,4.6,12.981615,80.231598,13.111615,80.361598,1900-01-01 20:55:00,1900-01-01 21:00:00,3,1,1,0,3,1.0,1,1,16.0,20.18081128090421,5.0,20,21,1,Good,26-35,Very Long
0x9ce0,RANCHIRES07DEL01,38,4.3,23.359407,85.325055,23.399407,85.365055,1900-01-01 13:00:00,1900-01-01 13:15:00,0,0,0,2,3,1.0,1,3,31.0,6.037440799484659,15.0,13,13,0,Average,36-45,Long
0x84e9,BANGRES14DEL03,21,4.7,12.949934,77.699386,13.009934,77.759386,1900-01-01 20:10:00,1900-01-01 20:15:00,6,1,2,3,4,1.0,1,1,22.0,9.31544163550089,5.0,20,20,1,Good,18-25,Long
0xa4ab,COIMBRES12DEL01,21,4.6,11.000762,76.981876,11.010762,76.991876,1900-01-01 09:40:00,1900-01-01 09:50:00,2,2,1,1,4,0.0,1,1,16.0,1.5581398113186737,10.0,9,9,1,Good,18-25,Short
0x7b68,SURRES13DEL03,36,4.5,21.170096,72.789122,21.230096,72.849122,1900-01-01 17:35:00,1900-01-01 17:45:00,4,3,1,3,3,0.0,1,3,18.0,9.121519225895119,10.0,17,17,0,Good,36-45,Long
0x5ec8,SURRES01DEL03,28,4.8,21.186438,72.794115,21.246438,72.854115,1900-01-01 17:55:00,1900-01-01 18:00:00,0,3,0,1,3,1.0,1,3,29.0,9.121049806498666,5.0,17,18,0,Excellent,26-35,Long
0x19cc,CHENRES01DEL02,21,4.8,13.005801,80.250744,13.085801,80.330744,1900-01-01 23:25:00,1900-01-01 23:35:00,1,2,1,0,3,1.0,1,1,24.0,12.41898167230365,10.0,23,23,0,Excellent,18-25,Very Long
0x8c99,CHENRES08DEL02,33,4.7,13.022394,80.242439,13.102394,80.322439,1900-01-01 22:40:00,1900-01-01 22:50:00,4,2,2,1,4,1.0,1,1,22.0,12.418575637818037,10.0,22,22,0,Good,26-35,Very Long
0x1686,MYSRES18DEL03,35,4.4,12.337928,76.617889,12.427928,76.707889,1900-01-01 18:20:00,1900-01-01 18:35:00,3,3,1,1,3,1.0,1,1,31.0,13.989147573068443,15.0,18,18,1,Average,26-35,Very Long
0x793d,MYSRES010DEL02,23,4.7,12.321214,76.621094,12.401214,76.701094,1900-01-01 17:35:00,1900-01-01 17:40:00,3,3,0,0,3,1.0,1,3,29.0,12.435302723482724,5.0,17,17,0,Good,18-25,Very Long
0xb9b1,PUNERES11DEL02,22,4.6,18.533811,73.899315,18.663811,74.029315,1900-01-01 21:35:00,1900-01-01 21:45:00,0,1,0,1,3,2.0,1,1,49.0,19.916274899797408,10.0,21,21,1,Good,18-25,Very Long
0xae10,PUNERES06DEL01,35,4.3,18.546258,73.904337,18.616258,73.974337,1900-01-01 18:40:00,1900-01-01 18:55:00,2,3,1,1,4,1.0,1,1,37.0,10.72467208673564,15.0,18,18,1,Average,26-35,Very Long
0x15a1,BANGRES05DEL01,25,4.3,12.970324,77.645748,12.980324,77.655748,1900-01-01 11:00:00,1900-01-01 11:10:00,2,2,0,2,3,0.0,1,1,25.0,1.5525876685610622,10.0,11,11,0,Average,18-25,Short
0x861f,RANCHIRES09DEL03,39,4.3,23.351058,85.325731,23.441058,85.415731,1900-01-01 18:30:00,1900-01-01 18:35:00,2,3,1,0,4,1.0,1,3,33.0,13.583460272389507,5.0,18,18,1,Average,36-45,Very Long
0x97c1,COIMBRES12DEL03,23,4.5,11.000762,76.981876,11.060762,77.041876,1900-01-01 20:15:00,1900-01-01 20:20:00,2,1,1,1,4,0.0,1,1,25.0,9.348448896833318,5.0,20,20,1,Good,18-25,Long
0xbd32,MYSRES07DEL03,22,4.6,12.325461,76.632278,12.355461,76.662278,1900-01-01 22:10:00,1900-01-01 22:25:00,0,2,0,0,3,0.0,1,1,17.0,4.663419307399213,15.0,22,22,0,Good,18-25,Medium
0xbab0,HYDRES06DEL02,26,4.7,17.455894,78.375467,17.535894,78.455467,1900-01-01 18:45:00,1900-01-01 19:00:00,0,3,1,1,4,1.0,1,1,28.0,12.292722741488559,15.0,18,19,1,Good,26-35,Very Long
0x3a09,INDORES08DEL01,38,4.6,22.725748,75.898497,22.795748,75.968497,1900-01-01 23:15:00,1900-01-01 23:30:00,0,2,1,3,4,0.0,1,3,30.0,10.587819003215479,15.0,23,23,0,Good,36-45,Very Long
0xced2,KOCRES06DEL02,36,4.7,9.982834,76.283268,10.002834,76.303268,1900-01-01 10:55:00,1900-01-01 11:10:00,3,2,1,1,3,0.0,1,1,22.0,3.1213024454301257,15.0,10,11,1,Good,36-45,Medium
0x2bce,INDORES06DEL01,20,5.0,22.728163,75.884212,22.768163,75.924212,1900-01-01 14:50:00,1900-01-01 15:00:00,6,0,1,1,4,1.0,1,1,20.0,6.050438648835732,10.0,14,15,0,Excellent,18-25,Long
0xd392,KOLRES08DEL01,34,4.8,22.53796,88.349843,22.64796,88.459843,1900-01-01 22:15:00,1900-01-01 22:25:00,3,2,2,2,2,1.0,1,3,21.0,16.647364725917534,10.0,22,22,0,Excellent,26-35,Very Long
0x77b1,SURRES12DEL01,27,5.0,21.183434,72.814492,21.223434,72.854492,1900-01-01 12:55:00,1900-01-01 13:05:00,1,0,1,1,3,1.0,1,1,22.0,6.080949025950904,10.0,12,13,0,Excellent,26-35,Long
0x2821,CHENRES17DEL03,30,4.8,13.045479,80.23311,13.075479,80.26311,1900-01-01 23:30:00,1900-01-01 23:35:00,1,2,0,0,3,1.0,1,1,28.0,4.656983638230307,5.0,23,23,0,Excellent,26-35,Medium
0x7d8c,INDORES06DEL02,27,4.5,22.728163,75.884212,22.778163,75.934212,1900-01-01 22:15:00,1900-01-01 22:30:00,2,2,1,2,4,0.0,1,3,16.0,7.562921044749782,15.0,22,22,0,Good,26-35,Long
0x7070,MYSRES11DEL02,36,4.1,12.323225,76.630028,12.453225,76.760028,1900-01-01 18:50:00,1900-01-01 19:00:00,3,3,2,2,4,2.0,1,1,38.0,20.20634489518928,10.0,18,19,1,Average,36-45,Very Long
0x5374,RANCHIRES06DEL02,22,4.5,23.357804,85.325146,23.377804,85.345146,1900-01-01 08:20:00,1900-01-01 08:35:00,3,2,1,2,4,0.0,1,1,15.0,3.018841258628892,15.0,8,8,1,Good,18-25,Medium
0xd45e,LUDHRES12DEL03,29,4.8,30.893244,75.821817,30.983244,75.911817,1900-01-01 21:10:00,1900-01-01 21:20:00,4,1,0,2,3,1.0,1,1,15.0,13.184483852766967,10.0,21,21,1,Excellent,26-35,Very Long
0x884b,BANGRES19DEL01,25,4.8,12.914264,77.6784,12.984264,77.7484,1900-01-01 17:20:00,1900-01-01 17:30:00,2,3,0,2,3,1.0,1,1,26.0,10.868667520702992,10.0,17,17,0,Excellent,18-25,Very Long
0x5a2f,HYDRES12DEL02,35,4.6,17.429585,78.392621,17.559585,78.522621,1900-01-01 18:20:00,1900-01-01 18:30:00,4,3,1,1,3,0.0,1,1,15.0,19.975741216257433,10.0,18,18,1,Good,26-35,Very Long
0x271e,SURRES11DEL03,31,4.8,21.157735,72.768778,21.187735,72.798778,1900-01-01 23:20:00,1900-01-01 23:25:00,4,2,0,3,3,0.0,1,1,25.0,4.561152341209805,5.0,23,23,0,Excellent,26-35,Medium
0x6470,MYSRES02DEL01,35,4.3,12.304569,76.643622,12.314569,76.653622,1900-01-01 11:10:00,1900-01-01 11:20:00,2,0,2,2,3,1.0,1,1,32.0,1.5545625412407003,10.0,11,11,0,Average,26-35,Short
0xd6ea,BHPRES17DEL03,34,4.7,23.218998,77.373573,23.308998,77.463573,1900-01-01 22:50:00,1900-01-01 23:00:00,4,2,0,1,3,0.0,1,3,28.0,13.58963865201271,10.0,22,23,0,Good,26-35,Very Long
0xcd23,GOARES08DEL01,21,4.8,15.556561,73.763633,15.596561,73.803633,1900-01-01 13:50:00,1900-01-01 14:05:00,6,0,0,0,3,0.0,1,1,15.0,6.17570473190859,15.0,13,14,0,Excellent,18-25,Long
0xde49,AURGRES18DEL03,36,4.8,19.888716,75.321461,19.948716,75.381461,1900-01-01 21:45:00,1900-01-01 21:55:00,2,1,0,1,3,0.0,1,1,46.0,9.157330481427099,10.0,21,21,1,Excellent,36-45,Long
0xdd38,BHPRES06DEL02,21,4.6,23.232357,77.429989,23.282357,77.479989,1900-01-01 18:00:00,1900-01-01 18:05:00,4,3,2,1,4,0.0,1,3,12.0,7.54997184471634,5.0,18,18,1,Good,18-25,Long
0x3e7e,BANGRES05DEL02,22,5.0,12.970324,77.645748,12.990324,77.665748,1900-01-01 08:15:00,1900-01-01 08:30:00,1,2,0,2,3,0.0,1,1,22.0,3.105144913226864,15.0,8,8,1,Excellent,18-25,Medium
0x7c0c,MUMRES01DEL03,31,4.8,19.12663,72.829976,19.21663,72.919976,1900-01-01 23:35:00,1900-01-01 23:45:00,2,2,1,0,3,0.0,1,3,17.0,13.765934616154562,10.0,23,23,0,Excellent,26-35,Very Long
0x7f13,VADRES06DEL03,27,4.6,22.31279,73.170283,22.40279,73.260283,1900-01-01 19:10:00,1900-01-01 19:25:00,1,1,0,3,3,2.0,1,1,48.0,13.63122853449607,15.0,19,19,1,Good,26-35,Very Long
0xc43f,ALHRES010DEL01,23,4.9,0.0,0.0,0.07,0.07,1900-01-01 18:25:00,1900-01-01 18:35:00,4,3,2,0,2,1.0,1,1,19.0,11.007734763744619,10.0,18,18,1,Excellent,18-25,Very Long
0x96b2,HYDRES11DEL01,36,4.1,17.430448,78.418213,17.500448,78.488213,1900-01-01 19:50:00,1900-01-01 20:00:00,2,1,0,2,3,2.0,1,1,46.0,10.756990051436132,10.0,19,20,1,Average,36-45,Very Long
0x12eb,BANGRES17DEL03,30,4.9,12.972532,77.608179,13.062532,77.698179,1900-01-01 22:10:00,1900-01-01 22:15:00,2,2,0,1,3,1.0,1,1,21.0,13.972131143083212,5.0,22,22,0,Excellent,26-35,Very Long
0x3712,JAPRES010DEL01,28,4.9,26.921411,75.793604,27.031411,75.903604,1900-01-01 20:50:00,1900-01-01 21:00:00,3,1,2,1,4,0.0,1,3,25.0,16.383856071848083,10.0,20,21,1,Excellent,26-35,Very Long
0x3ee5,COIMBRES14DEL02,33,4.6,11.003681,76.975525,11.083681,77.055525,1900-01-01 20:10:00,1900-01-01 20:20:00,4,1,2,0,4,0.0,1,1,29.0,12.464329297636581,10.0,20,20,1,Good,26-35,Very Long
0xda2c,ALHRES16DEL01,34,4.2,25.450377,81.834236,25.520377,81.904236,1900-01-01 22:45:00,1900-01-01 23:00:00,1,2,2,0,2,1.0,1,1,35.0,10.485867717329029,15.0,22,23,0,Average,26-35,Very Long
0x680c,HYDRES18DEL03,34,4.9,17.450851,78.379347,17.510851,78.439347,1900-01-01 19:50:00,1900-01-01 20:00:00,1,1,0,0,3,0.0,1,1,34.0,9.219905581616992,10.0,19,20,1,Excellent,26-35,Long
0x2bea,MUMRES16DEL01,36,4.6,19.120083,72.907385,19.230083,73.017385,1900-01-01 20:15:00,1900-01-01 20:25:00,1,1,2,1,4,0.0,1,1,40.0,16.824864367093813,10.0,20,20,1,Good,36-45,Very Long
0x521b,INDORES18DEL03,24,4.9,22.753839,75.897429,22.783839,75.927429,1900-01-01 19:50:00,1900-01-01 20:00:00,3,1,1,3,4,1.0,1,1,28.0,4.537513326842717,10.0,19,20,1,Excellent,18-25,Medium
0x5815,INDORES08DEL02,28,4.5,22.725748,75.898497,22.775748,75.948497,1900-01-01 18:20:00,1900-01-01 18:30:00,0,3,1,0,4,1.0,1,1,14.0,7.562982485200133,10.0,18,18,1,Good,26-35,Long
0x9339,MYSRES17DEL03,33,4.9,12.326356,76.619103,12.386356,76.679103,1900-01-01 22:25:00,1900-01-01 22:35:00,4,2,2,2,3,1.0,1,1,19.0,9.326561838121483,10.0,22,22,0,Excellent,26-35,Long
0x1e7c,MUMRES18DEL03,25,4.5,19.1093,72.825451,19.1693,72.885451,1900-01-01 18:15:00,1900-01-01 18:25:00,6,3,2,1,4,1.0,1,1,24.0,9.17813837505589,10.0,18,18,1,Good,18-25,Long
0x127e,PUNERES14DEL02,36,4.5,18.516216,73.842527,18.596216,73.922527,1900-01-01 23:35:00,1900-01-01 23:40:00,6,2,0,1,3,1.0,1,1,27.0,12.257619701209578,5.0,23,23,0,Good,36-45,Very Long
0x8851,RANCHIRES18DEL02,36,4.3,23.351489,85.324253,23.481489,85.454253,1900-01-01 22:00:00,1900-01-01 22:10:00,2,1,0,0,3,1.0,1,1,51.0,19.61916749330441,10.0,22,22,0,Average,36-45,Very Long
0x3302,INDORES010DEL03,39,4.8,22.75004,75.902847,22.84004,75.992847,1900-01-01 17:25:00,1900-01-01 17:30:00,4,3,2,2,3,0.0,1,1,19.0,13.611337814321281,5.0,17,17,0,Excellent,36-45,Very Long
0x2ddd,MUMRES05DEL01,36,4.8,18.927584,72.832585,18.997584,72.902585,1900-01-01 21:25:00,1900-01-01 21:40:00,3,1,0,0,3,3.0,1,1,54.0,10.71321076429732,15.0,21,21,1,Excellent,36-45,Very Long
0x8893,INDORES010DEL02,36,5.0,22.75004,75.902847,22.77004,75.922847,1900-01-01 08:30:00,1900-01-01 08:45:00,6,2,1,1,4,0.0,1,1,25.0,3.0250984842245745,15.0,8,8,1,Excellent,36-45,Medium
0x42bc,RANCHIRES12DEL01,23,4.8,0.0,0.0,0.01,0.01,1900-01-01 11:25:00,1900-01-01 11:30:00,2,0,0,2,3,0.0,1,3,22.0,1.5725337292863206,5.0,11,11,0,Excellent,18-25,Short
0x2695,MUMRES14DEL01,24,4.5,19.1813,72.836191,19.2513,72.906191,1900-01-01 22:45:00,1900-01-01 22:50:00,0,2,0,1,3,0.0,1,1,21.0,10.70546847853061,5.0,22,22,0,Good,18-25,Very Long
0x13f0,RANCHIRES010DEL03,36,4.7,23.354422,85.3329,23.414422,85.3929,1900-01-01 21:35:00,1900-01-01 21:45:00,1,1,1,3,3,1.0,1,1,29.0,9.056004306816446,10.0,21,21,1,Good,36-45,Long
0x17b4,VADRES13DEL02,36,4.8,22.310237,73.158921,22.360237,73.208921,1900-01-01 20:35:00,1900-01-01 20:45:00,4,1,1,2,3,0.0,1,1,22.0,7.573470125639189,10.0,20,20,1,Excellent,36-45,Long
0x35de,COIMBRES13DEL02,21,4.8,11.003669,76.976494,11.053669,77.026494,1900-01-01 21:55:00,1900-01-01 22:10:00,2,1,1,1,4,0.0,1,3,28.0,7.790401360105752,15.0,21,22,1,Excellent,18-25,Long
0xdf67,KOCRES06DEL01,20,5.0,9.982834,76.283268,9.992834,76.293268,1900-01-01 08:15:00,1900-01-01 08:30:00,0,2,0,2,3,1.0,1,1,15.0,1.5606630381436277,15.0,8,8,1,Excellent,18-25,Short
0x680e,RANCHIRES20DEL01,36,4.7,23.39925,85.390464,23.43925,85.430464,1900-01-01 16:45:00,1900-01-01 16:50:00,6,3,0,0,3,1.0,1,1,26.0,6.036610249816451,5.0,16,16,0,Good,36-45,Long
0xcc4f,DEHRES01DEL02,39,4.8,0.0,0.0,0.08,0.08,1900-01-01 17:15:00,1900-01-01 17:25:00,0,3,0,0,3,1.0,2,1,47.0,12.58026782240096,10.0,17,17,0,Excellent,36-45,Very Long
0xca22,KOCRES18DEL01,27,5.0,9.957144,76.296783,9.997144,76.336783,1900-01-01 15:45:00,1900-01-01 16:00:00,3,3,0,1,3,1.0,1,3,17.0,6.2427530270295275,15.0,15,16,0,Excellent,26-35,Long
0x721f,MYSRES02DEL01,37,4.7,12.304569,76.643622,12.344569,76.683622,1900-01-01 16:50:00,1900-01-01 17:05:00,2,3,0,2,3,0.0,1,1,30.0,6.218076509100711,15.0,16,17,0,Good,36-45,Long
0xaa6b,MUMRES05DEL02,36,4.3,18.927584,72.832585,19.007584,72.912585,1900-01-01 21:55:00,1900-01-01 22:10:00,6,1,1,2,4,1.0,1,1,31.0,12.243495934752104,15.0,21,22,1,Average,36-45,Very Long
0x8374,BANGRES03DEL02,33,4.9,12.979166,77.640709,12.999166,77.660709,1900-01-01 12:00:00,1900-01-01 12:10:00,0,0,2,0,2,1.0,1,1,28.0,3.105091096509636,10.0,12,12,0,Excellent,26-35,Medium
0xd254,ALHRES02DEL02,32,4.6,25.453436,81.833167,25.583436,81.963167,1900-01-01 20:10:00,1900-01-01 20:15:00,0,1,1,3,4,1.0,1,3,46.0,19.471345836350395,5.0,20,20,1,Good,26-35,Very Long
0x4b89,INDORES03DEL03,31,5.0,22.751857,75.866699,22.811857,75.926699,1900-01-01 23:20:00,1900-01-01 23:35:00,4,2,1,0,4,1.0,1,1,14.0,9.07462863182012,15.0,23,23,0,Excellent,26-35,Long
0x175d,JAPRES17DEL02,26,4.8,26.892312,75.806896,26.942312,75.856896,1900-01-01 17:40:00,1900-01-01 17:45:00,3,3,0,2,3,0.0,1,3,15.0,7.448937379729502,5.0,17,17,0,Excellent,26-35,Long
0x6262,RANCHIRES09DEL02,31,5.0,23.351058,85.325731,23.401058,85.375731,1900-01-01 17:25:00,1900-01-01 17:35:00,6,3,0,0,3,1.0,1,1,31.0,7.546888128063204,10.0,17,17,0,Excellent,26-35,Long
0x9010,JAPRES02DEL01,30,4.7,26.914142,75.805704,26.954142,75.845704,1900-01-01 13:30:00,1900-01-01 13:35:00,4,0,0,1,3,1.0,1,1,24.0,5.9587562421893265,5.0,13,13,0,Good,26-35,Long
0xde50,BHPRES06DEL01,36,4.6,23.232357,77.429989,23.272357,77.469989,1900-01-01 16:50:00,1900-01-01 17:05:00,6,3,1,1,3,0.0,1,1,28.0,6.040081211062099,15.0,16,17,0,Good,36-45,Long
0x7277,RANCHIRES05DEL01,26,4.7,23.355164,85.324097,23.425164,85.394097,1900-01-01 22:45:00,1900-01-01 22:55:00,2,2,2,3,3,1.0,1,3,10.0,10.565128845647761,10.0,22,22,0,Good,26-35,Very Long
0x3102,RANCHIRES14DEL02,37,3.7,0.0,0.0,0.08,0.08,1900-01-01 19:20:00,1900-01-01 19:30:00,3,1,1,3,3,2.0,1,1,38.0,12.58026782240096,10.0,19,19,1,Average,36-45,Very Long
0xde30,BHPRES11DEL03,33,4.9,23.233219,77.433571,23.263219,77.463571,1900-01-01 19:40:00,1900-01-01 19:55:00,3,1,2,3,4,1.0,1,1,32.0,4.530125284019303,15.0,19,19,1,Excellent,26-35,Medium
0x41b9,PUNERES15DEL03,23,4.9,18.636215,73.751081,18.666215,73.781081,1900-01-01 21:00:00,1900-01-01 21:10:00,2,1,2,1,4,0.0,3,1,10.0,4.595393825646015,10.0,21,21,1,Excellent,18-25,Medium
0xe0c7,KOCRES15DEL02,26,4.1,10.027364,76.308258,10.157364,76.438258,1900-01-01 21:35:00,1900-01-01 21:40:00,0,1,2,2,2,1.0,1,1,40.0,20.285391243059973,5.0,21,21,1,Average,26-35,Very Long
0x1b71,MYSRES08DEL02,30,4.7,12.297954,76.665169,12.347954,76.715169,1900-01-01 23:00:00,1900-01-01 23:05:00,4,2,1,0,4,0.0,1,1,12.0,7.772618958964861,5.0,23,23,0,Good,26-35,Long
0x637c,RANCHIRES14DEL01,26,4.8,0.0,0.0,0.07,0.07,1900-01-01 18:30:00,1900-01-01 18:35:00,2,3,2,2,4,1.0,1,1,29.0,11.007734763744619,5.0,18,18,1,Excellent,26-35,Very Long
0xb03d,HYDRES02DEL02,30,3.6,17.41233,78.449654,17.54233,78.579654,1900-01-01 17:15:00,1900-01-01 17:20:00,2,3,1,0,3,0.0,1,1,33.0,19.976644021152854,5.0,17,17,0,Average,26-35,Very Long
0x1699,VADRES16DEL01,34,4.6,0.0,0.0,0.11,0.11,1900-01-01 20:50:00,1900-01-01 20:55:00,1,1,2,2,4,2.0,2,1,49.0,17.29786575291325,5.0,20,20,1,Good,26-35,Very Long
0x2d77,HYDRES18DEL02,28,4.6,17.450851,78.379347,17.470851,78.399347,1900-01-01 09:25:00,1900-01-01 09:35:00,2,2,2,3,2,0.0,1,1,15.0,3.073462803868858,10.0,9,9,1,Good,26-35,Medium
0x5936,BANGRES13DEL03,24,4.9,12.935662,77.61413,12.995662,77.67413,1900-01-01 17:50:00,1900-01-01 18:00:00,6,3,1,0,4,1.0,1,1,21.0,9.315702005351538,10.0,17,18,0,Excellent,18-25,Long
0x6787,HYDRES19DEL03,21,4.8,17.458998,78.500366,17.518998,78.560366,1900-01-01 18:10:00,1900-01-01 18:20:00,2,3,0,1,3,1.0,1,3,21.0,9.219708856174128,10.0,18,18,1,Excellent,18-25,Long
0x28a0,VADRES07DEL01,37,4.8,0.0,0.0,0.01,0.01,1900-01-01 09:20:00,1900-01-01 09:25:00,3,2,2,3,3,1.0,1,1,25.0,1.5725337292863206,5.0,9,9,1,Excellent,36-45,Short
0x72fe,CHENRES02DEL02,24,4.8,13.086438,80.220672,13.216439,80.350672,1900-01-01 18:30:00,1900-01-01 18:40:00,2,3,1,1,3,1.0,1,1,17.0,20.176709024393567,10.0,18,18,1,Excellent,18-25,Very Long
0x4fe5,JAPRES04DEL03,34,4.7,26.902328,75.794257,27.042328,75.934257,1900-01-01 20:30:00,1900-01-01 20:35:00,4,1,1,0,4,1.0,1,3,19.0,20.852513503426962,5.0,20,20,1,Good,26-35,Very Long
0x4987,SURRES04DEL01,28,5.0,21.173493,72.801953,21.243493,72.871953,1900-01-01 20:35:00,1900-01-01 20:45:00,1,1,0,3,3,1.0,1,1,44.0,10.641490945494409,10.0,20,20,1,Excellent,26-35,Very Long
0x1c0a,MUMRES17DEL01,27,4.9,19.121999,72.908493,19.161999,72.948493,1900-01-01 14:45:00,1900-01-01 15:00:00,3,0,1,2,4,0.0,1,3,21.0,6.1187118466897275,15.0,14,15,0,Excellent,26-35,Long
0x68b3,PUNERES19DEL02,33,4.9,18.563934,73.915367,18.693935,74.045367,1900-01-01 17:30:00,1900-01-01 17:45:00,4,3,1,0,3,0.0,1,3,22.0,19.914686965545187,15.0,17,17,0,Excellent,26-35,Very Long
0x40ea,CHENRES13DEL02,33,4.6,13.027018,80.254791,13.107018,80.334791,1900-01-01 23:45:00,1900-01-01 00:00:00,2,2,0,3,3,1.0,1,3,26.0,12.418462399627495,15.0,23,0,0,Good,26-35,Very Long
0xb8d,BANGRES05DEL02,34,4.5,12.970324,77.645748,13.050324,77.725748,1900-01-01 17:20:00,1900-01-01 17:30:00,4,3,1,1,3,1.0,1,3,28.0,12.419848147906496,10.0,17,17,0,Good,26-35,Very Long
0xb3bf,INDORES20DEL01,28,4.0,22.732225,75.874765,22.802225,75.944765,1900-01-01 20:35:00,1900-01-01 20:50:00,1,1,2,1,2,1.0,1,1,42.0,10.587588203123412,15.0,20,20,1,Average,26-35,Very Long
0x6d95,SURRES01DEL02,35,4.3,21.186438,72.794115,21.236438,72.844115,1900-01-01 23:15:00,1900-01-01 23:25:00,6,2,0,0,3,0.0,1,1,25.0,7.600994631258686,10.0,23,23,0,Average,26-35,Long
0xd323,AURGRES14DEL01,34,4.9,19.875016,75.322405,19.885016,75.332405,1900-01-01 10:15:00,1900-01-01 10:20:00,3,2,2,3,3,1.0,1,1,27.0,1.526396912039431,5.0,10,10,1,Excellent,26-35,Short
0x9124,CHENRES19DEL01,39,4.5,12.986047,80.218114,12.996047,80.228114,1900-01-01 10:30:00,1900-01-01 10:35:00,4,2,0,1,3,1.0,1,1,26.0,1.5525398251397549,5.0,10,10,1,Good,36-45,Short
0x150b,INDORES08DEL01,28,4.6,22.725748,75.898497,22.765747,75.938497,1900-01-01 16:25:00,1900-01-01 16:40:00,3,3,2,3,4,1.0,1,1,26.0,6.0504060616582525,15.0,16,16,0,Good,26-35,Long
0x7bbb,JAPRES15DEL01,37,4.9,26.891191,75.802083,26.961191,75.872083,1900-01-01 23:30:00,1900-01-01 23:35:00,3,2,2,0,3,1.0,1,1,20.0,10.428148593687968,5.0,23,23,0,Excellent,36-45,Very Long
0x258f,HYDRES13DEL03,33,5.0,17.431477,78.40035,17.491477,78.46035,1900-01-01 20:50:00,1900-01-01 21:00:00,4,1,2,2,4,1.0,1,1,22.0,9.220373067021216,10.0,20,21,1,Excellent,26-35,Long
0xaa1a,COIMBRES05DEL03,37,5.0,11.022169,76.999594,11.112169,77.089594,1900-01-01 23:10:00,1900-01-01 23:25:00,3,2,1,1,4,1.0,1,1,19.0,14.021819246588827,15.0,23,23,0,Excellent,36-45,Very Long
0x930d,VADRES18DEL01,29,5.0,0.0,0.0,0.04,0.04,1900-01-01 16:35:00,1900-01-01 16:45:00,0,3,1,0,3,1.0,1,1,13.0,6.290134677634678,10.0,16,16,0,Excellent,26-35,Long
0x636c,MYSRES010DEL01,26,4.8,12.321214,76.621094,12.331214,76.631094,1900-01-01 09:50:00,1900-01-01 10:00:00,0,2,2,3,2,1.0,1,3,16.0,1.554514382186963,10.0,9,10,1,Excellent,26-35,Short
0xa1e0,INDORES19DEL01,35,4.2,22.745536,75.893106,22.755536,75.903106,1900-01-01 11:10:00,1900-01-01 11:15:00,0,0,2,2,4,1.0,1,3,35.0,1.5125976112065025,5.0,11,11,0,Average,26-35,Short
0xd54b,KOLRES010DEL03,38,4.0,22.538999,88.322337,22.568999,88.352337,1900-01-01 22:45:00,1900-01-01 22:55:00,3,2,0,0,3,0.0,1,1,29.0,4.540781597558912,10.0,22,22,0,Average,36-45,Medium
0x4c74,VADRES17DEL02,29,4.7,0.0,0.0,0.02,0.02,1900-01-01 10:50:00,1900-01-01 11:05:00,0,2,1,0,3,0.0,3,1,10.0,3.145067434621583,15.0,10,11,1,Good,26-35,Medium
0x7c12,INDORES20DEL02,22,4.2,22.732225,75.874765,22.752225,75.894765,1900-01-01 11:25:00,1900-01-01 11:40:00,6,0,0,1,3,1.0,1,1,34.0,3.025279772423236,15.0,11,11,0,Average,18-25,Medium
0xdbbe,ALHRES01DEL01,23,4.7,25.454648,81.834502,25.494648,81.874502,1900-01-01 15:00:00,1900-01-01 15:15:00,3,0,0,0,3,0.0,1,3,21.0,5.992164712760221,15.0,15,15,0,Good,18-25,Long
0x274c,COIMBRES16DEL01,32,5.0,11.010375,76.95295,11.080375,77.02295,1900-01-01 18:40:00,1900-01-01 18:50:00,0,3,0,1,3,0.0,1,1,42.0,10.906257371570659,10.0,18,18,1,Excellent,26-35,Very Long
0x166d,INDORES010DEL01,22,4.7,22.75004,75.902847,22.86004,76.012847,1900-01-01 18:10:00,1900-01-01 18:20:00,0,3,1,3,4,1.0,1,1,28.0,16.635518179509837,10.0,18,18,1,Good,18-25,Very Long
0x72c7,MYSRES04DEL02,39,4.6,12.3085,76.665808,12.3585,76.715808,1900-01-01 17:30:00,1900-01-01 17:35:00,4,3,0,1,3,1.0,1,1,20.0,7.772466272035551,5.0,17,17,0,Good,36-45,Long
0xb315,VADRES09DEL01,38,4.5,0.0,0.0,0.01,0.01,1900-01-01 10:25:00,1900-01-01 10:35:00,3,2,1,3,3,1.0,1,3,23.0,1.5725337292863206,10.0,10,10,1,Good,36-45,Short
0x24e2,JAPRES19DEL03,35,4.2,26.913726,75.75282,26.943726,75.78282,1900-01-01 21:20:00,1900-01-01 21:25:00,0,1,2,1,4,1.0,1,1,33.0,4.469162258883671,5.0,21,21,1,Average,26-35,Medium
0x2180,MUMRES11DEL03,35,4.8,18.994237,72.825553,19.084237,72.915553,1900-01-01 20:10:00,1900-01-01 20:25:00,4,1,2,0,3,1.0,1,3,22.0,13.77113289483828,15.0,20,20,1,Excellent,26-35,Very Long
0x4b67,INDORES08DEL01,39,4.1,22.725748,75.898497,22.835748,76.008497,1900-01-01 17:20:00,1900-01-01 17:25:00,1,3,2,2,4,2.0,1,1,38.0,16.63687991359242,5.0,17,17,0,Average,36-45,Very Long
0x2081,BANGRES18DEL02,31,4.9,12.913041,77.683237,12.933041,77.703237,1900-01-01 11:25:00,1900-01-01 11:30:00,3,0,0,1,3,0.0,1,1,41.0,3.105492716560946,5.0,11,11,0,Excellent,26-35,Medium
0xb54c,BANGRES05DEL02,25,4.2,12.970324,77.645748,13.050324,77.725748,1900-01-01 20:25:00,1900-01-01 20:30:00,0,1,2,2,4,1.0,1,3,31.0,12.419848147906496,5.0,20,20,1,Average,18-25,Very Long
0x4a07,PUNERES02DEL03,38,4.8,18.55144,73.804855,18.61144,73.864855,1900-01-01 23:35:00,1900-01-01 23:40:00,6,2,1,2,3,1.0,1,3,20.0,9.192571532077613,5.0,23,23,0,Excellent,36-45,Long
0x39d2,HYDRES02DEL03,21,4.9,17.41233,78.449654,17.44233,78.479654,1900-01-01 22:50:00,1900-01-01 23:05:00,1,2,1,1,3,0.0,1,1,15.0,4.6105980334862275,15.0,22,23,0,Excellent,18-25,Medium
0xc6fe,KOLRES01DEL03,38,4.8,22.514688,88.393294,22.574688,88.453294,1900-01-01 17:10:00,1900-01-01 17:15:00,4,3,2,0,2,0.0,1,1,22.0,9.081845042090478,5.0,17,17,0,Excellent,36-45,Long
0xa591,MYSRES18DEL03,36,4.7,12.337928,76.617889,12.427928,76.707889,1900-01-01 22:25:00,1900-01-01 22:35:00,4,2,2,2,3,0.0,1,1,19.0,13.989147573068443,10.0,22,22,0,Good,36-45,Very Long
0xbde1,RANCHIRES09DEL02,32,4.9,23.351058,85.325731,23.401058,85.375731,1900-01-01 23:40:00,1900-01-01 23:50:00,4,2,0,1,3,1.0,1,1,21.0,7.546888128063204,10.0,23,23,0,Excellent,26-35,Long
0x240e,PUNERES08DEL01,26,4.6,18.53408,73.89852,18.54408,73.90852,1900-01-01 11:10:00,1900-01-01 11:25:00,2,0,1,0,4,1.0,1,1,22.0,1.5322753274864631,15.0,11,11,0,Good,26-35,Short
0xde80,KOCRES17DEL01,33,4.6,9.959778,76.296106,10.069778,76.406106,1900-01-01 21:30:00,1900-01-01 21:35:00,3,1,2,2,4,1.0,1,1,29.0,17.16659103781352,5.0,21,21,1,Good,26-35,Very Long
0xd3cd,AURGRES15DEL02,27,4.4,19.878028,75.317475,19.958028,75.397475,1900-01-01 18:50:00,1900-01-01 19:05:00,0,3,1,1,4,1.0,1,3,31.0,12.209798594600825,15.0,18,19,1,Average,26-35,Very Long
0x5c61,PUNERES14DEL03,32,4.4,18.516216,73.842527,18.576216,73.902527,1900-01-01 21:15:00,1900-01-01 21:30:00,6,1,0,1,3,1.0,1,2,48.0,9.193469879776632,15.0,21,21,1,Average,26-35,Long
0x7d89,MUMRES17DEL02,26,4.5,19.121999,72.908493,19.171999,72.958493,1900-01-01 19:30:00,1900-01-01 19:45:00,4,1,1,2,3,1.0,3,1,14.0,7.648280480148493,15.0,19,19,1,Good,26-35,Long
0xcb7,INDORES01DEL02,24,4.8,22.695207,75.866059,22.745207,75.916059,1900-01-01 18:50:00,1900-01-01 18:55:00,3,3,0,3,3,1.0,1,1,28.0,7.563759001970378,5.0,18,18,1,Excellent,18-25,Long
0x5880,INDORES19DEL01,39,4.5,22.745536,75.893106,22.755536,75.903106,1900-01-01 09:15:00,1900-01-01 09:20:00,3,2,1,1,3,1.0,1,1,22.0,1.5125976112065025,5.0,9,9,1,Good,36-45,Short
0x6194,BANGRES20DEL02,30,4.7,12.972161,77.596014,13.102161,77.726014,1900-01-01 23:45:00,1900-01-01 00:00:00,6,2,0,3,3,0.0,1,1,17.0,20.181186875221297,15.0,23,0,0,Good,26-35,Very Long
0x9e1e,MYSRES010DEL02,27,4.6,12.321214,76.621094,12.451214,76.751094,1900-01-01 00:00:00,1900-01-01 00:05:00,6,2,0,0,3,0.0,1,1,18.0,20.206420943723728,5.0,0,0,0,Good,26-35,Very Long
0x5b10,COIMBRES14DEL01,35,4.8,11.003681,76.975525,11.043681,77.015525,1900-01-01 12:50:00,1900-01-01 13:00:00,3,0,2,1,2,1.0,1,1,28.0,6.232373004507649,10.0,12,13,0,Excellent,26-35,Long
0x31ba,HYDRES08DEL01,28,4.6,17.438263,78.397865,17.448263,78.407865,1900-01-01 11:30:00,1900-01-01 11:35:00,3,0,2,0,4,0.0,1,1,11.0,1.536802066394733,5.0,11,11,0,Good,26-35,Short
0x6cfd,SURRES17DEL02,27,4.1,21.149569,72.772697,21.279569,72.902697,1900-01-01 21:10:00,1900-01-01 21:20:00,1,1,1,3,4,2.0,1,4,33.0,19.762388480864143,10.0,21,21,1,Average,26-35,Very Long
0x1f21,PUNERES16DEL02,22,4.0,18.536718,73.830327,18.666719,73.960327,1900-01-01 18:25:00,1900-01-01 18:35:00,1,3,1,0,4,1.0,1,1,39.0,19.916194656540203,10.0,18,18,1,Average,18-25,Very Long
0x9596,MYSRES13DEL02,28,4.9,12.310972,76.659264,12.330972,76.679264,1900-01-01 10:40:00,1900-01-01 10:45:00,2,2,2,0,3,1.0,1,3,10.0,3.109059104393369,5.0,10,10,1,Excellent,26-35,Medium
0xce4b,GOARES13DEL02,39,4.8,15.506205,73.766668,15.636205,73.896668,1900-01-01 22:45:00,1900-01-01 22:55:00,6,2,0,3,3,1.0,1,1,20.0,20.071289622813055,10.0,22,22,0,Excellent,36-45,Very Long
0xa23c,SURRES17DEL02,31,4.7,21.149569,72.772697,21.279569,72.902697,1900-01-01 21:35:00,1900-01-01 21:50:00,1,1,1,3,3,1.0,1,1,38.0,19.762388480864143,15.0,21,21,1,Good,26-35,Very Long
0x7b1c,CHENRES03DEL03,36,4.5,13.091809,80.219104,13.181809,80.309104,1900-01-01 23:50:00,1900-01-01 23:55:00,3,2,1,1,4,0.0,1,3,23.0,13.968842021961057,5.0,23,23,0,Good,36-45,Very Long
0x3027,MYSRES15DEL03,33,4.6,12.352058,76.60665,12.382058,76.63665,1900-01-01 21:55:00,1900-01-01 22:05:00,1,1,1,3,3,0.0,1,3,28.0,4.663187802146826,10.0,21,22,1,Good,26-35,Medium
0xc86d,BHPRES12DEL02,33,4.4,0.0,0.0,0.05,0.05,1900-01-01 21:55:00,1900-01-01 22:00:00,0,1,1,3,3,1.0,1,1,31.0,7.8626681674103684,5.0,21,22,1,Average,26-35,Long
0x713d,JAPRES07DEL02,39,4.4,26.766536,75.837333,26.896536,75.967333,1900-01-01 21:35:00,1900-01-01 21:45:00,2,1,0,1,3,1.0,1,1,53.0,19.37374583495492,10.0,21,21,1,Average,36-45,Very Long
0x2271,SURRES19DEL01,35,4.7,21.149669,72.772629,21.219669,72.842629,1900-01-01 20:45:00,1900-01-01 21:00:00,0,1,0,2,3,1.0,1,1,51.0,10.64228895373868,15.0,20,21,1,Good,26-35,Very Long
0x8370,SURRES04DEL01,29,4.8,21.173493,72.801953,21.283493,72.911953,1900-01-01 19:35:00,1900-01-01 19:40:00,4,1,2,0,2,1.0,1,1,23.0,16.721288103917214,5.0,19,19,1,Excellent,26-35,Very Long
0x896f,PUNERES01DEL03,32,4.8,18.569156,73.774723,18.599156,73.804723,1900-01-01 22:45:00,1900-01-01 22:50:00,0,2,2,2,4,1.0,1,1,18.0,4.596251207088927,5.0,22,22,0,Excellent,26-35,Medium
0xb27e,MYSRES01DEL03,29,4.9,12.311072,76.654878,12.371072,76.714878,1900-01-01 20:00:00,1900-01-01 20:10:00,2,1,2,1,4,1.0,1,3,26.0,9.326827803405624,10.0,20,20,1,Excellent,26-35,Long
0xd299,DEHRES06DEL01,23,4.7,30.361281,78.068022,30.401281,78.108022,1900-01-01 15:00:00,1900-01-01 15:15:00,2,0,1,0,4,1.0,1,3,19.0,5.87414902156866,15.0,15,15,0,Good,18-25,Long
0x7ef9,JAPRES02DEL03,34,3.8,26.914142,75.805704,27.054142,75.945704,1900-01-01 19:45:00,1900-01-01 20:00:00,2,1,2,1,4,2.0,1,3,41.0,20.85154468962371,15.0,19,20,1,Average,26-35,Very Long
0x7c6a,INDORES14DEL02,39,4.2,22.761593,75.886362,22.781593,75.906362,1900-01-01 11:55:00,1900-01-01 12:05:00,1,0,0,0,3,1.0,1,3,32.0,3.0249808540967433,10.0,11,12,0,Average,36-45,Medium
0xd383,GOARES07DEL01,29,4.7,15.561295,73.749478,15.671295,73.859478,1900-01-01 17:15:00,1900-01-01 17:20:00,3,3,2,3,3,0.0,1,1,20.0,16.9816045075895,5.0,17,17,0,Good,26-35,Very Long
0x535a,VADRES02DEL01,29,4.8,0.0,0.0,0.04,0.04,1900-01-01 16:00:00,1900-01-01 16:15:00,6,3,0,2,3,0.0,1,1,12.0,6.290134677634678,15.0,16,16,0,Excellent,26-35,Long
0xd2f0,ALHRES010DEL02,20,4.6,0.0,0.0,0.13,0.13,1900-01-01 17:30:00,1900-01-01 17:40:00,1,3,0,1,3,1.0,1,1,37.0,20.44292976252901,10.0,17,17,0,Good,18-25,Very Long
0x2c92,BANGRES17DEL02,37,4.8,12.972532,77.608179,13.022532,77.658179,1900-01-01 17:55:00,1900-01-01 18:05:00,0,3,1,0,4,1.0,1,3,15.0,7.76260023979039,10.0,17,18,0,Excellent,36-45,Long
0xc746,KNPRES19DEL01,32,4.8,26.49095,80.318656,26.60095,80.428656,1900-01-01 18:25:00,1900-01-01 18:30:00,6,3,0,1,3,1.0,1,1,31.0,16.41141457497892,5.0,18,18,1,Excellent,26-35,Very Long
0x5bcf,RANCHIRES01DEL03,23,4.8,23.416792,85.316842,23.506792,85.406842,1900-01-01 23:15:00,1900-01-01 23:30:00,0,2,1,0,3,1.0,1,1,23.0,13.580373876280879,15.0,23,23,0,Excellent,18-25,Very Long
0x120b,INDORES02DEL02,25,4.0,22.651847,75.881991,22.671847,75.901991,1900-01-01 08:50:00,1900-01-01 09:00:00,3,2,0,3,3,1.0,1,1,19.0,3.026096197898999,10.0,8,9,1,Average,18-25,Medium
0xde07,ALHRES06DEL02,28,4.8,0.0,0.0,0.13,0.13,1900-01-01 19:35:00,1900-01-01 19:45:00,1,1,2,3,2,1.0,1,1,34.0,20.44292976252901,10.0,19,19,1,Excellent,26-35,Very Long
0x86f2,SURRES14DEL01,21,4.5,21.157729,72.768726,21.197729,72.808726,1900-01-01 15:25:00,1900-01-01 15:35:00,4,3,0,2,3,1.0,1,1,19.0,6.081440911759753,10.0,15,15,0,Good,18-25,Long
0x7252,BANGRES13DEL03,34,4.5,12.935662,77.61413,12.965662,77.64413,1900-01-01 20:10:00,1900-01-01 20:20:00,4,1,0,3,3,1.0,1,1,25.0,4.657987774595948,10.0,20,20,1,Good,26-35,Medium
0x811b,SURRES19DEL01,33,4.7,21.149669,72.772629,21.159669,72.782629,1900-01-01 10:20:00,1900-01-01 10:25:00,4,2,0,0,3,1.0,1,1,26.0,1.5204704557283455,5.0,10,10,1,Good,26-35,Short
0x7c4,HYDRES18DEL03,32,4.1,17.450851,78.379347,17.480851,78.409347,1900-01-01 22:30:00,1900-01-01 22:45:00,3,2,0,0,3,1.0,1,1,28.0,4.610133887452835,15.0,22,22,0,Average,26-35,Medium
0x1d07,COIMBRES03DEL03,36,4.1,11.025083,77.015393,11.085083,77.075393,1900-01-01 20:35:00,1900-01-01 20:50:00,0,1,1,3,4,1.0,1,1,35.0,9.348068923522018,15.0,20,20,1,Average,36-45,Long
0x491a,MYSRES19DEL02,32,4.9,12.334022,76.618203,12.354022,76.638203,1900-01-01 11:35:00,1900-01-01 11:45:00,4,0,0,0,3,1.0,1,1,20.0,3.1089255711547725,10.0,11,11,0,Excellent,26-35,Medium
0x1b0d,HYDRES08DEL03,26,5.0,17.438263,78.397865,17.528263,78.487865,1900-01-01 18:50:00,1900-01-01 18:55:00,0,3,0,2,3,1.0,1,1,32.0,13.82977049957229,5.0,18,18,1,Excellent,26-35,Very Long
0x59ae,PUNERES13DEL02,30,4.6,18.56245,73.916619,18.58245,73.936619,1900-01-01 09:00:00,1900-01-01 09:15:00,0,2,0,2,3,0.0,1,1,20.0,3.064267071068136,15.0,9,9,1,Good,26-35,Medium
0x70a2,CHENRES12DEL01,32,4.6,12.972793,80.249982,13.012793,80.289982,1900-01-01 13:30:00,1900-01-01 13:45:00,0,0,1,3,4,1.0,1,1,30.0,6.2101379656240985,15.0,13,13,0,Good,26-35,Long
0x3aab,MYSRES01DEL01,35,4.0,12.311072,76.654878,12.351072,76.694878,1900-01-01 14:55:00,1900-01-01 15:10:00,6,0,1,2,4,1.0,1,1,33.0,6.21800119018663,15.0,14,15,0,Average,26-35,Long
0x8bc0,SURRES15DEL03,35,4.3,21.160522,72.771477,21.250522,72.861477,1900-01-01 23:20:00,1900-01-01 23:30:00,0,2,1,1,4,0.0,1,1,38.0,13.68204452608078,10.0,23,23,0,Average,26-35,Very Long
0x6531,SURRES08DEL01,20,4.8,21.173343,72.792731,21.183343,72.802731,1900-01-01 11:00:00,1900-01-01 11:10:00,2,2,2,2,4,1.0,1,1,19.0,1.5203573134022046,10.0,11,11,0,Excellent,18-25,Short
0xa30b,CHENRES11DEL01,37,4.8,13.064181,80.236442,13.104181,80.276442,1900-01-01 16:45:00,1900-01-01 16:55:00,0,3,0,1,3,1.0,1,3,26.0,6.209021101535612,10.0,16,16,0,Excellent,36-45,Long
0x395b,VADRES04DEL03,36,4.7,0.0,0.0,0.06,0.06,1900-01-01 20:15:00,1900-01-01 20:20:00,0,1,1,3,3,1.0,1,1,30.0,9.435201537430713,5.0,20,20,1,Good,36-45,Long
0x8b53,SURRES11DEL01,22,4.7,21.157735,72.768778,21.197735,72.808778,1900-01-01 12:10:00,1900-01-01 12:15:00,4,0,1,0,4,1.0,1,3,18.0,6.081440797008078,5.0,12,12,0,Good,18-25,Long
0xc444,DEHRES01DEL01,30,4.8,0.0,0.0,0.11,0.11,1900-01-01 23:40:00,1900-01-01 23:55:00,6,2,1,3,3,1.0,1,1,25.0,17.29786575291325,15.0,23,23,0,Excellent,26-35,Very Long
0xc042,AGRRES010DEL01,34,4.7,-27.163303,78.057044,27.233303,78.127044,1900-01-01 23:00:00,1900-01-01 23:05:00,2,2,1,1,4,0.0,1,1,15.0,6048.631240095335,5.0,23,23,0,Good,26-35,
0x4863,COIMBRES02DEL01,25,4.6,11.022477,76.995667,11.032477,77.005667,1900-01-01 10:25:00,1900-01-01 10:40:00,3,2,2,3,3,1.0,1,3,15.0,1.5580833985948437,15.0,10,10,1,Good,18-25,Short
0x6c38,RANCHIRES11DEL03,31,4.8,23.359194,85.325447,23.419194,85.385447,1900-01-01 23:10:00,1900-01-01 23:15:00,4,2,2,0,2,0.0,1,1,13.0,9.055855161965923,5.0,23,23,0,Excellent,26-35,Long
0x9a29,RANCHIRES04DEL01,33,4.7,23.359033,85.325347,23.469033,85.435347,1900-01-01 21:10:00,1900-01-01 21:20:00,1,1,1,3,4,1.0,1,1,49.0,16.600975700594585,10.0,21,21,1,Good,26-35,Very Long
0x655,HYDRES14DEL01,33,4.4,17.426228,78.407495,17.436228,78.417495,1900-01-01 08:30:00,1900-01-01 08:40:00,2,2,0,3,3,1.0,1,1,28.0,1.5368503798521727,10.0,8,8,1,Average,26-35,Short
0x4c88,MUMRES08DEL01,31,3.9,19.065838,72.832658,19.135838,72.902658,1900-01-01 23:40:00,1900-01-01 23:50:00,0,2,1,0,4,1.0,1,1,35.0,10.709003371535417,10.0,23,23,0,Average,26-35,Very Long
0x87e4,VADRES13DEL03,36,4.0,22.310237,73.158921,22.400237,73.248921,1900-01-01 20:40:00,1900-01-01 20:45:00,4,1,0,2,3,3.0,1,1,44.0,13.631343698142908,5.0,20,20,1,Average,36-45,Very Long
0x1ff1,MYSRES04DEL03,37,4.7,12.3085,76.665808,12.3385,76.695808,1900-01-01 22:35:00,1900-01-01 22:40:00,6,2,1,0,4,1.0,1,1,26.0,4.663566689152146,5.0,22,22,0,Good,36-45,Medium
0x3f8d,MUMRES06DEL03,25,4.8,19.055831,72.833984,19.115831,72.893984,1900-01-01 19:50:00,1900-01-01 20:05:00,0,1,2,3,3,1.0,1,1,22.0,9.179538450826046,15.0,19,20,1,Excellent,18-25,Long
0x1f0e,MYSRES12DEL03,36,4.9,12.284747,76.625861,12.344747,76.685861,1900-01-01 17:45:00,1900-01-01 17:55:00,4,3,1,1,3,0.0,1,1,17.0,9.32728515796102,10.0,17,17,0,Excellent,36-45,Long
0xd418,LUDHRES010DEL03,21,4.9,30.89286,75.822199,30.92286,75.852199,1900-01-01 18:10:00,1900-01-01 18:20:00,6,3,1,2,4,1.0,1,1,26.0,4.395420246829376,10.0,18,18,1,Excellent,18-25,Medium
0x48c7,CHENRES09DEL01,23,4.7,13.044694,80.26147,13.084694,80.30147,1900-01-01 16:55:00,1900-01-01 17:00:00,1,3,1,1,3,1.0,1,3,19.0,6.209259882041872,5.0,16,17,0,Good,18-25,Long
0x9395,JAPRES13DEL03,36,4.4,26.846156,75.8023,26.986156,75.9423,1900-01-01 23:35:00,1900-01-01 23:50:00,1,2,0,3,3,1.0,1,1,37.0,20.857115324129595,15.0,23,23,0,Average,36-45,Very Long
0xab33,BANGRES08DEL02,27,4.9,12.906229,77.596791,12.986229,77.676791,1900-01-01 23:25:00,1900-01-01 23:40:00,1,2,2,1,4,0.0,1,1,20.0,12.421407858787804,15.0,23,23,0,Excellent,26-35,Very Long
0xc918,AURGRES14DEL03,28,5.0,19.875016,75.322405,19.965016,75.412405,1900-01-01 22:35:00,1900-01-01 22:45:00,6,2,0,3,3,0.0,1,3,15.0,13.73594217639692,10.0,22,22,0,Excellent,26-35,Very Long
0x279f,MUMRES13DEL03,27,4.2,19.178321,72.834715,19.268321,72.924715,1900-01-01 20:30:00,1900-01-01 20:35:00,3,1,0,0,3,1.0,1,1,33.0,13.763896210757977,5.0,20,20,1,Average,26-35,Very Long
0x8456,CHENRES19DEL01,22,4.7,12.986047,80.218114,13.096047,80.328114,1900-01-01 20:10:00,1900-01-01 20:20:00,3,1,2,3,4,0.0,1,3,15.0,17.076258901183188,10.0,20,20,1,Good,18-25,Very Long
0x4314,CHENRES05DEL02,25,4.9,13.058616,80.264151,13.138616,80.344151,1900-01-01 21:45:00,1900-01-01 21:50:00,1,1,0,0,3,2.0,1,1,43.0,12.417687564200063,5.0,21,21,1,Excellent,18-25,Very Long
0x8de9,SURRES14DEL03,21,4.9,21.157729,72.768726,21.247729,72.858726,1900-01-01 23:20:00,1900-01-01 23:30:00,1,2,2,0,4,1.0,1,4,21.0,13.682164847733755,10.0,23,23,0,Excellent,18-25,Very Long
0xb59b,MUMRES010DEL01,28,4.5,19.003517,72.82765,19.073517,72.89765,1900-01-01 17:10:00,1900-01-01 17:20:00,4,3,0,1,3,1.0,1,3,25.0,10.710903359654202,10.0,17,17,0,Good,26-35,Very Long
0x47af,VADRES04DEL03,20,4.7,0.0,0.0,0.03,0.03,1900-01-01 18:25:00,1900-01-01 18:35:00,1,3,2,0,3,0.0,1,3,17.0,4.717601092054723,10.0,18,18,1,Good,18-25,Medium
0x26d4,HYDRES05DEL03,32,4.9,17.433809,78.386744,17.523809,78.476744,1900-01-01 23:55:00,1900-01-01 00:10:00,2,2,1,0,4,1.0,1,1,24.0,13.829931792649827,15.0,23,0,0,Excellent,26-35,Very Long
0x9bf9,PUNERES19DEL01,32,4.4,18.563934,73.915367,18.603935,73.955367,1900-01-01 16:00:00,1900-01-01 16:05:00,2,3,0,1,3,1.0,1,1,37.0,6.12841937845769,5.0,16,16,0,Average,26-35,Long
0xde16,ALHRES09DEL01,27,4.8,0.0,0.0,0.01,0.01,1900-01-01 08:10:00,1900-01-01 08:20:00,4,2,1,2,3,0.0,1,1,15.0,1.5725337292863206,10.0,8,8,1,Excellent,26-35,Short
0xaabd,JAPRES010DEL03,22,4.7,26.921411,75.793604,26.981411,75.853604,1900-01-01 23:35:00,1900-01-01 23:40:00,6,2,1,0,3,0.0,1,3,17.0,8.93752787352923,5.0,23,23,0,Good,18-25,Long
0x6bfb,MUMRES15DEL01,38,4.6,19.176269,72.836721,19.216269,72.876721,1900-01-01 12:45:00,1900-01-01 12:55:00,3,0,2,3,4,1.0,1,1,26.0,6.117761953594232,10.0,12,12,0,Good,36-45,Long
0xcdb6,AURGRES03DEL01,26,4.6,19.874733,75.353942,19.984733,75.463942,1900-01-01 18:35:00,1900-01-01 18:50:00,6,3,1,0,3,1.0,1,1,25.0,16.787888950840177,15.0,18,18,1,Good,26-35,Very Long
0xa667,CHENRES14DEL01,38,4.5,13.026279,80.174568,13.036279,80.184568,1900-01-01 10:20:00,1900-01-01 10:25:00,6,2,1,2,3,1.0,1,3,20.0,1.5524171512659315,5.0,10,10,1,Good,36-45,Short
0x819d,VADRES20DEL01,20,4.9,22.311358,73.164798,22.421358,73.274798,1900-01-01 17:25:00,1900-01-01 17:35:00,1,3,0,2,3,1.0,1,1,42.0,16.659917302375394,10.0,17,17,0,Excellent,18-25,Very Long
0x29ab,HYDRES16DEL01,35,4.6,17.440827,78.393391,17.550827,78.503391,1900-01-01 18:15:00,1900-01-01 18:30:00,6,3,2,2,4,1.0,1,1,26.0,16.90249592854745,15.0,18,18,1,Good,26-35,Very Long
0xa20a,PUNERES13DEL03,21,4.7,18.56245,73.916619,18.65245,74.006619,1900-01-01 23:45:00,1900-01-01 23:55:00,1,2,2,1,4,0.0,1,1,28.0,13.787860239172547,10.0,23,23,0,Good,18-25,Very Long
0xafd4,COIMBRES19DEL02,27,4.6,11.022298,76.998349,11.042298,77.018349,1900-01-01 11:30:00,1900-01-01 11:40:00,4,0,2,0,2,0.0,1,1,16.0,3.1161417126181274,10.0,11,11,0,Good,26-35,Medium
0x4300,VADRES07DEL02,36,4.0,0.0,0.0,0.02,0.02,1900-01-01 10:25:00,1900-01-01 10:35:00,6,2,0,0,3,0.0,1,1,33.0,3.145067434621583,10.0,10,10,1,Average,36-45,Medium
0xd989,KOLRES04DEL03,25,4.6,22.538731,88.364878,22.598731,88.424878,1900-01-01 17:40:00,1900-01-01 17:50:00,3,3,0,1,3,0.0,1,1,23.0,9.081116432461174,10.0,17,17,0,Good,18-25,Long
0x33a0,JAPRES06DEL03,29,4.5,26.911927,75.797282,27.001927,75.887282,1900-01-01 19:00:00,1900-01-01 19:10:00,1,3,0,1,3,1.0,1,1,37.0,13.406000552536867,10.0,19,19,1,Good,26-35,Very Long
0x43ba,HYDRES04DEL03,21,4.6,17.411028,78.329645,17.441028,78.359645,1900-01-01 18:55:00,1900-01-01 19:00:00,3,3,0,2,3,1.0,1,1,22.0,4.610613705052656,5.0,18,19,1,Good,18-25,Medium
0x9415,HYDRES07DEL01,32,4.7,17.424114,78.347554,17.534114,78.457554,1900-01-01 22:50:00,1900-01-01 23:05:00,1,2,0,2,3,1.0,1,1,41.0,16.903235903519843,15.0,22,23,0,Good,26-35,Very Long
0x9d2b,SURRES14DEL01,30,5.0,21.157729,72.768726,21.197729,72.808726,1900-01-01 14:50:00,1900-01-01 15:05:00,1,0,1,3,3,1.0,1,1,28.0,6.081440911759753,15.0,14,15,0,Excellent,26-35,Long
0x8a91,VADRES06DEL03,37,4.7,22.31279,73.170283,22.37279,73.230283,1900-01-01 21:10:00,1900-01-01 21:20:00,0,1,0,2,3,0.0,1,1,25.0,9.08793706801597,10.0,21,21,1,Good,36-45,Long
0x3e9b,JAPRES08DEL03,34,4.9,26.910262,75.783013,26.940262,75.813013,1900-01-01 20:20:00,1900-01-01 20:25:00,4,1,0,2,3,1.0,1,1,25.0,4.469223038792308,5.0,20,20,1,Excellent,26-35,Medium
0x5aa4,BANGRES12DEL01,25,4.5,12.939496,77.625999,12.979496,77.665999,1900-01-01 14:25:00,1900-01-01 14:30:00,6,0,1,3,4,1.0,1,3,16.0,6.210543032489626,5.0,14,14,0,Good,18-25,Long
0x326e,MYSRES17DEL01,21,4.7,12.326356,76.619103,12.436356,76.729103,1900-01-01 18:50:00,1900-01-01 19:05:00,0,3,0,3,3,0.0,1,1,35.0,17.097896810816284,15.0,18,19,1,Good,18-25,Very Long
0x711a,JAPRES07DEL02,21,5.0,26.766536,75.837333,26.846536,75.917333,1900-01-01 23:10:00,1900-01-01 23:20:00,0,2,1,0,3,0.0,1,1,25.0,11.923472540743209,10.0,23,23,0,Excellent,18-25,Very Long
0xa2f8,MYSRES14DEL03,31,4.0,0.0,0.0,0.06,0.06,1900-01-01 17:50:00,1900-01-01 18:05:00,2,3,0,1,3,0.0,1,1,34.0,9.435201537430713,15.0,17,18,0,Average,26-35,Long
0xc082,ALHRES11DEL03,34,4.8,-0.0,0.0,0.06,0.06,1900-01-01 18:40:00,1900-01-01 18:50:00,4,3,1,3,4,0.0,1,1,18.0,9.435201537430713,10.0,18,18,1,Excellent,26-35,Long
0xcef2,LUDHRES010DEL03,38,4.1,30.89286,75.822199,31.03286,75.962199,1900-01-01 20:45:00,1900-01-01 20:50:00,1,1,2,3,4,1.0,1,4,41.0,20.506954885363346,5.0,20,20,1,Average,36-45,Very Long
0xa077,PUNERES02DEL01,29,4.9,18.55144,73.804855,18.62144,73.874855,1900-01-01 19:40:00,1900-01-01 19:55:00,1,1,0,2,3,2.0,1,1,45.0,10.724517748046024,15.0,19,19,1,Excellent,26-35,Very Long
0x5d7a,JAPRES09DEL01,20,5.0,26.911378,75.789034,26.981378,75.859034,1900-01-01 19:00:00,1900-01-01 19:15:00,4,3,0,3,3,1.0,1,1,22.0,10.42732189063304,15.0,19,19,1,Excellent,18-25,Very Long
0xd4df,KOLRES20DEL02,20,4.7,22.514119,88.362504,22.594119,88.442504,1900-01-01 22:30:00,1900-01-01 22:45:00,4,2,0,1,3,1.0,1,3,28.0,12.108745430933551,15.0,22,22,0,Good,18-25,Very Long
0x163c,MYSRES17DEL01,38,4.8,12.326356,76.619103,12.366356,76.659103,1900-01-01 17:00:00,1900-01-01 17:05:00,4,3,2,2,2,1.0,1,1,17.0,6.217824017922212,5.0,17,17,0,Excellent,36-45,Long
0xa22e,INDORES20DEL02,22,5.0,22.732225,75.874765,22.782225,75.924765,1900-01-01 20:35:00,1900-01-01 20:40:00,4,1,2,2,4,0.0,1,3,11.0,7.5628176900723,5.0,20,20,1,Excellent,18-25,Long
0x53e7,PUNERES06DEL02,24,4.8,18.546258,73.904337,18.676258,74.034337,1900-01-01 19:55:00,1900-01-01 20:05:00,6,1,1,2,3,1.0,1,1,26.0,19.915585713443292,10.0,19,20,1,Excellent,18-25,Very Long
0xdfa1,KNPRES19DEL03,37,4.5,26.49095,80.318656,26.55095,80.378656,1900-01-01 22:35:00,1900-01-01 22:40:00,3,2,0,3,3,1.0,1,1,24.0,8.952548604467738,5.0,22,22,0,Good,36-45,Long
0x665b,COIMBRES06DEL03,23,5.0,11.021278,76.995017,11.111278,77.085017,1900-01-01 17:20:00,1900-01-01 17:35:00,1,3,2,0,4,0.0,1,3,34.0,14.02184017066065,15.0,17,17,0,Excellent,18-25,Very Long
0x2048,CHENRES18DEL01,27,4.6,12.981615,80.231598,13.021615,80.271598,1900-01-01 15:50:00,1900-01-01 15:55:00,0,3,0,3,3,1.0,1,1,22.0,6.210030477135088,5.0,15,15,0,Good,26-35,Long
0x96c3,PUNERES15DEL01,23,4.9,18.636215,73.751081,18.706215,73.821081,1900-01-01 18:25:00,1900-01-01 18:30:00,0,3,2,3,3,2.0,1,1,36.0,10.721987300671117,5.0,18,18,1,Excellent,18-25,Very Long
0x6e6f,JAPRES15DEL01,23,5.0,26.891191,75.802083,27.001191,75.912083,1900-01-01 21:00:00,1900-01-01 21:10:00,0,1,2,1,4,1.0,1,1,44.0,16.385802266862793,10.0,21,21,1,Excellent,18-25,Very Long
0x4c17,CHENRES02DEL02,37,4.8,13.086438,80.220672,13.106438,80.240672,1900-01-01 08:25:00,1900-01-01 08:35:00,4,2,1,1,3,1.0,1,1,18.0,3.1044353971266565,10.0,8,8,1,Excellent,36-45,Medium
0xb2b,INDORES14DEL02,21,4.9,22.761593,75.886362,22.841593,75.966362,1900-01-01 18:50:00,1900-01-01 18:55:00,4,3,2,3,3,0.0,1,1,19.0,12.098699936279859,5.0,18,18,1,Excellent,18-25,Very Long
0xd010,AGRRES09DEL03,32,4.0,0.0,0.0,0.03,0.03,1900-01-01 21:30:00,1900-01-01 21:45:00,2,1,0,0,3,1.0,1,1,46.0,4.717601092054723,15.0,21,21,1,Average,26-35,Medium
0xcda0,ALHRES18DEL02,31,4.3,25.450317,81.831681,25.470317,81.851681,1900-01-01 12:00:00,1900-01-01 12:10:00,6,0,0,0,3,1.0,2,1,48.0,2.9962426790626724,10.0,12,12,0,Average,26-35,Medium
0x8376,MYSRES19DEL03,37,4.5,12.334022,76.618203,12.364022,76.648203,1900-01-01 23:00:00,1900-01-01 23:10:00,1,2,1,2,4,1.0,1,1,16.0,4.663344843093785,10.0,23,23,0,Good,36-45,Medium
0x8dcd,CHENRES05DEL02,34,4.5,13.058616,80.264151,13.108616,80.314151,1900-01-01 20:40:00,1900-01-01 20:50:00,6,1,2,3,3,0.0,1,1,26.0,7.761284984440735,10.0,20,20,1,Good,26-35,Long
0xa652,INDORES17DEL03,26,3.9,22.761226,75.887522,22.791226,75.917522,1900-01-01 20:35:00,1900-01-01 20:40:00,4,1,0,2,3,0.0,1,1,46.0,4.537400479091801,5.0,20,20,1,Average,26-35,Medium
0xafd7,PUNERES17DEL03,31,4.9,18.530963,73.828972,18.560963,73.858972,1900-01-01 23:50:00,1900-01-01 00:05:00,6,2,1,3,4,1.0,1,1,23.0,4.596738270616882,15.0,23,0,0,Excellent,26-35,Medium
0x40a7,JAPRES12DEL03,28,4.9,26.902908,75.792934,26.932908,75.822934,1900-01-01 18:55:00,1900-01-01 19:05:00,2,3,2,0,3,1.0,1,1,27.0,4.469352052738077,10.0,18,19,1,Excellent,26-35,Medium
0xa03a,SURRES02DEL01,32,3.8,21.186608,72.794136,21.296608,72.904136,1900-01-01 19:35:00,1900-01-01 19:40:00,6,1,2,1,3,0.0,1,1,31.0,16.72059667667709,5.0,19,19,1,Average,26-35,Very Long
0x6c6,RANCHIRES08DEL01,34,4.8,23.353783,85.326967,23.423783,85.396967,1900-01-01 23:10:00,1900-01-01 23:20:00,1,2,2,2,3,0.0,1,1,28.0,10.565179206181444,10.0,23,23,0,Excellent,26-35,Very Long
0x1a29,MUMRES20DEL01,27,4.4,19.103249,72.846749,19.173249,72.916749,1900-01-01 17:30:00,1900-01-01 17:35:00,3,3,0,0,3,1.0,1,1,33.0,10.707860128480876,5.0,17,17,0,Average,26-35,Very Long
0x535e,SURRES02DEL01,27,4.6,21.186608,72.794136,21.196608,72.804136,1900-01-01 10:55:00,1900-01-01 11:00:00,6,2,2,1,4,0.0,1,1,12.0,1.5202938690324594,5.0,10,11,1,Good,26-35,Short
0xb1a5,BANGRES14DEL01,23,5.0,12.949934,77.699386,13.059934,77.809386,1900-01-01 18:30:00,1900-01-01 18:35:00,1,3,1,0,4,1.0,1,1,30.0,17.07747121287486,5.0,18,18,1,Excellent,18-25,Very Long
0x46e7,CHENRES16DEL02,28,4.1,13.049645,80.242268,13.129645,80.322268,1900-01-01 19:50:00,1900-01-01 19:55:00,1,1,1,0,4,1.0,1,1,44.0,12.4179077297463,5.0,19,19,1,Average,26-35,Very Long
0x30df,INDORES09DEL03,25,4.9,22.725835,75.887648,22.815835,75.977648,1900-01-01 20:30:00,1900-01-01 20:35:00,6,1,2,3,4,1.0,1,1,28.0,13.61244755449679,5.0,20,20,1,Excellent,18-25,Very Long
0xa189,SURRES04DEL01,37,4.8,21.173493,72.801953,21.243493,72.871953,1900-01-01 20:55:00,1900-01-01 21:05:00,3,1,0,2,3,2.0,1,3,37.0,10.641490945494409,10.0,20,21,1,Excellent,36-45,Very Long
0x1420,SURRES01DEL02,20,4.9,21.186438,72.794115,21.236438,72.844115,1900-01-01 22:00:00,1900-01-01 22:10:00,2,1,2,2,3,0.0,1,3,16.0,7.600994631258686,10.0,22,22,0,Excellent,18-25,Long
0x5d92,PUNERES09DEL03,24,4.7,18.536562,73.896485,18.626562,73.986485,1900-01-01 21:20:00,1900-01-01 21:35:00,6,1,0,0,3,0.0,1,1,38.0,13.788852089943367,15.0,21,21,1,Good,18-25,Very Long
0xd8dc,AURGRES14DEL01,28,4.5,19.875016,75.322405,19.985016,75.432405,1900-01-01 22:40:00,1900-01-01 22:45:00,0,2,2,3,3,1.0,1,1,28.0,16.787874845260117,5.0,22,22,0,Good,26-35,Very Long
0x81e9,HYDRES19DEL03,33,4.5,17.458998,78.500366,17.518998,78.560366,1900-01-01 17:50:00,1900-01-01 17:55:00,4,3,0,0,3,1.0,1,1,24.0,9.219708856174128,5.0,17,17,0,Good,26-35,Long
0x91cf,BANGRES18DEL01,37,4.7,12.913041,77.683237,12.983041,77.753237,1900-01-01 18:35:00,1900-01-01 18:45:00,4,3,0,1,3,0.0,1,1,39.0,10.86869350467311,10.0,18,18,1,Good,36-45,Very Long
0xb352,MYSRES14DEL03,21,4.6,0.0,0.0,0.03,0.03,1900-01-01 21:10:00,1900-01-01 21:15:00,4,1,1,3,3,1.0,1,1,11.0,4.717601092054723,5.0,21,21,1,Good,18-25,Medium
0x7c7,VADRES02DEL03,25,4.6,0.0,0.0,0.06,0.06,1900-01-01 23:50:00,1900-01-01 00:00:00,0,2,0,3,3,1.0,1,1,21.0,9.435201537430713,10.0,23,0,0,Good,18-25,Long
0xe13,INDORES08DEL03,28,5.0,22.725748,75.898497,22.815748,75.988497,1900-01-01 00:00:00,1900-01-01 00:15:00,6,2,2,0,2,0.0,1,1,11.0,13.612451541411557,15.0,0,0,0,Excellent,26-35,Very Long
0x1a6c,JAPRES11DEL03,27,4.5,26.90294,75.793007,26.99294,75.883007,1900-01-01 21:40:00,1900-01-01 21:45:00,6,1,2,0,4,1.0,1,1,26.0,13.406473968860336,5.0,21,21,1,Good,26-35,Very Long
0x3f7d,BANGRES010DEL02,36,4.8,12.933298,77.614293,12.983298,77.664293,1900-01-01 23:35:00,1900-01-01 23:40:00,6,2,1,3,3,0.0,1,1,22.0,7.763196932715946,5.0,23,23,0,Excellent,36-45,Long
0x20a1,SURRES12DEL03,35,4.2,21.183434,72.814492,21.243434,72.874492,1900-01-01 00:00:00,1900-01-01 00:05:00,6,2,0,1,3,0.0,1,3,24.0,9.121136119359766,5.0,0,0,0,Average,26-35,Long
0xa027,CHENRES08DEL01,20,4.6,13.022394,80.242439,13.092394,80.312439,1900-01-01 19:15:00,1900-01-01 19:20:00,6,1,0,2,3,1.0,1,3,30.0,10.866360907886408,5.0,19,19,1,Good,18-25,Very Long
0x317c,BANGRES17DEL03,25,4.9,12.972532,77.608179,13.002532,77.638179,1900-01-01 23:35:00,1900-01-01 23:45:00,6,2,2,1,4,1.0,1,1,17.0,4.657651549280329,10.0,23,23,0,Excellent,18-25,Medium
0x7597,INDORES06DEL02,35,4.0,22.728163,75.884212,22.778163,75.934212,1900-01-01 20:25:00,1900-01-01 20:30:00,0,1,1,0,4,1.0,1,1,37.0,7.562921044749782,5.0,20,20,1,Average,26-35,Long
0xc086,GOARES010DEL03,20,4.7,-15.546594,73.760431,15.606594,73.820431,1900-01-01 20:00:00,1900-01-01 20:10:00,0,1,2,1,3,1.0,1,1,29.0,3464.0827200599765,10.0,20,20,1,Good,18-25,
0x2363,MUMRES16DEL01,33,4.1,19.120083,72.907385,19.190083,72.977385,1900-01-01 19:35:00,1900-01-01 19:45:00,4,1,0,1,3,1.0,1,1,41.0,10.707345040408097,10.0,19,19,1,Average,26-35,Very Long
0x8720,VADRES11DEL03,39,4.4,22.308096,73.167753,22.338096,73.197753,1900-01-01 17:15:00,1900-01-01 17:25:00,2,3,0,3,3,1.0,1,1,31.0,4.544264509631538,10.0,17,17,0,Average,36-45,Medium
0x71b6,SURRES15DEL03,36,4.3,21.160522,72.771477,21.220522,72.831477,1900-01-01 21:00:00,1900-01-01 21:15:00,2,1,2,1,2,0.0,1,1,32.0,9.121794088990223,15.0,21,21,1,Average,36-45,Long
0xc5dd,AURGRES06DEL01,22,4.4,19.874449,75.360232,19.984449,75.470232,1900-01-01 17:15:00,1900-01-01 17:25:00,1,3,1,3,3,0.0,1,1,39.0,16.787903106086187,10.0,17,17,0,Average,18-25,Very Long
0xbd64,INDORES010DEL01,36,4.8,22.75004,75.902847,22.76004,75.912847,1900-01-01 08:20:00,1900-01-01 08:30:00,2,2,1,3,3,1.0,1,3,27.0,1.5125746930783428,10.0,8,8,1,Excellent,36-45,Short
0xab82,VADRES16DEL01,28,4.3,0.0,0.0,0.04,0.04,1900-01-01 15:00:00,1900-01-01 15:05:00,3,0,0,2,3,1.0,1,1,31.0,6.290134677634678,5.0,15,15,0,Average,26-35,Long
0x4181,HYDRES06DEL03,39,4.6,17.455894,78.375467,17.545894,78.465467,1900-01-01 17:25:00,1900-01-01 17:35:00,2,3,2,3,3,1.0,1,1,30.0,13.82913165629175,10.0,17,17,0,Good,36-45,Very Long
0xcb99,GOARES05DEL02,37,4.7,0.0,0.0,0.05,0.05,1900-01-01 22:55:00,1900-01-01 23:10:00,1,2,1,1,4,0.0,1,1,15.0,7.8626681674103684,15.0,22,23,0,Good,36-45,Long
0x4f16,VADRES16DEL03,30,4.9,0.0,0.0,0.09,0.09,1900-01-01 19:35:00,1900-01-01 19:40:00,1,1,0,0,3,1.0,2,1,53.0,14.15280068944862,5.0,19,19,1,Excellent,26-35,Very Long
0xdb73,DEHRES06DEL03,39,4.0,30.361281,78.068022,30.421281,78.128022,1900-01-01 19:25:00,1900-01-01 19:30:00,0,1,1,3,3,1.0,1,1,37.0,8.810838587370053,5.0,19,19,1,Average,36-45,Long
0x3319,SURRES20DEL03,25,4.9,21.15276,72.778059,21.24276,72.868059,1900-01-01 22:45:00,1900-01-01 22:50:00,2,2,0,2,3,0.0,1,1,19.0,13.68237887648496,5.0,22,22,0,Excellent,18-25,Very Long
0xc3a8,KNPRES19DEL03,25,4.8,26.49095,80.318656,26.55095,80.378656,1900-01-01 22:10:00,1900-01-01 22:15:00,1,2,2,1,4,1.0,1,3,14.0,8.952548604467738,5.0,22,22,0,Excellent,18-25,Long
0xcead,LUDHRES15DEL03,26,4.5,30.899584,75.809346,30.929584,75.839346,1900-01-01 19:50:00,1900-01-01 20:00:00,2,1,2,3,2,0.0,1,3,19.0,4.395289295392975,10.0,19,20,1,Good,26-35,Medium
0xc649,KOLRES13DEL03,22,4.9,22.553227,88.353273,22.613227,88.413273,1900-01-01 20:35:00,1900-01-01 20:45:00,1,1,1,2,3,1.0,1,1,25.0,9.080676816810893,10.0,20,20,1,Excellent,18-25,Long
0x65a,BANGRES02DEL01,27,5.0,12.970221,77.645396,13.010221,77.685396,1900-01-01 16:25:00,1900-01-01 16:40:00,2,3,0,2,3,1.0,1,1,26.0,6.210169290102755,15.0,16,16,0,Excellent,26-35,Long
0xbfe3,ALHRES20DEL02,38,4.7,25.454697,81.834492,25.504697,81.884492,1900-01-01 22:15:00,1900-01-01 22:20:00,2,2,1,2,3,1.0,1,1,29.0,7.490064599571275,5.0,22,22,0,Good,36-45,Long
0xa23d,VADRES03DEL03,22,4.4,22.32,73.17,22.38,73.23,1900-01-01 00:00:00,1900-01-01 00:10:00,2,2,0,0,3,1.0,1,1,27.0,9.087720328091443,10.0,0,0,0,Average,18-25,Long
0xac1f,SURRES17DEL02,29,4.6,21.149569,72.772697,21.279569,72.902697,1900-01-01 23:00:00,1900-01-01 23:05:00,3,2,1,1,3,1.0,1,1,16.0,19.762388480864143,5.0,23,23,0,Good,26-35,Very Long
0x2210,RANCHIRES06DEL02,37,4.4,23.357804,85.325146,23.487804,85.455146,1900-01-01 23:35:00,1900-01-01 23:50:00,1,2,0,3,3,1.0,1,1,44.0,19.618739348801018,15.0,23,23,0,Average,36-45,Very Long
0x698d,MUMRES18DEL01,29,4.6,19.1093,72.825451,19.1793,72.895451,1900-01-01 18:45:00,1900-01-01 18:55:00,1,3,0,2,3,0.0,1,1,32.0,10.707675026486205,10.0,18,18,1,Good,26-35,Very Long
0x6d71,JAPRES08DEL03,37,4.8,26.910262,75.783013,27.050262,75.923013,1900-01-01 22:10:00,1900-01-01 22:20:00,6,2,0,1,3,1.0,1,1,27.0,20.851862908260973,10.0,22,22,0,Excellent,36-45,Very Long
0x34c2,COIMBRES18DEL02,37,4.6,11.02091,76.940432,11.07091,76.990432,1900-01-01 18:10:00,1900-01-01 18:25:00,6,3,0,3,3,1.0,1,1,30.0,7.790177003822013,15.0,18,18,1,Good,36-45,Long
0xc89c,BHPRES04DEL01,35,4.6,23.184992,77.417227,23.294992,77.527227,1900-01-01 18:30:00,1900-01-01 18:40:00,0,3,0,2,3,1.0,1,1,36.0,16.610926485281333,10.0,18,18,1,Good,26-35,Very Long
0x7784,HYDRES02DEL02,33,4.9,17.41233,78.449654,17.49233,78.529654,1900-01-01 23:00:00,1900-01-01 23:15:00,6,2,1,0,3,0.0,1,3,18.0,12.294124530423586,15.0,23,23,0,Excellent,26-35,Very Long
0x500c,RANCHIRES17DEL02,26,4.7,23.374878,85.335739,23.454878,85.415739,1900-01-01 18:35:00,1900-01-01 18:45:00,2,3,1,3,4,1.0,1,1,23.0,12.073402311815224,10.0,18,18,1,Good,26-35,Very Long
0xb477,JAPRES20DEL02,25,4.6,26.956431,75.776649,27.086431,75.906649,1900-01-01 21:50:00,1900-01-01 22:05:00,0,1,1,0,3,0.0,1,1,38.0,19.359307695550992,15.0,21,22,1,Good,18-25,Very Long
0x9545,VADRES06DEL03,26,4.0,22.31279,73.170283,22.34279,73.200283,1900-01-01 21:40:00,1900-01-01 21:45:00,1,1,1,0,3,1.0,1,1,33.0,4.544194013501194,5.0,21,21,1,Average,26-35,Medium
0x54ec,MYSRES03DEL01,35,4.2,12.299524,76.64262,12.369524,76.71262,1900-01-01 20:15:00,1900-01-01 20:20:00,3,1,2,1,3,1.0,1,1,44.0,10.881431823102778,5.0,20,20,1,Average,26-35,Very Long
0x4cee,COIMBRES12DEL02,24,4.5,11.000762,76.981876,11.080762,77.061876,1900-01-01 21:20:00,1900-01-01 21:25:00,1,1,0,3,3,3.0,2,1,49.0,12.464390099643042,5.0,21,21,1,Good,18-25,Very Long
0xc3ab,AGRRES04DEL02,30,4.9,27.195928,77.998092,27.325928,78.128092,1900-01-01 19:40:00,1900-01-01 19:45:00,2,1,2,0,3,1.0,1,1,27.0,19.340983552936382,5.0,19,19,1,Excellent,26-35,Very Long
0xb48,RANCHIRES18DEL02,24,4.1,23.351489,85.324253,23.371489,85.344253,1900-01-01 09:40:00,1900-01-01 09:50:00,2,2,0,0,3,1.0,1,1,26.0,3.0189069957366157,10.0,9,9,1,Average,18-25,Medium
0xab86,CHENRES010DEL03,39,4.1,13.066762,80.251865,13.126762,80.311865,1900-01-01 17:30:00,1900-01-01 17:40:00,6,3,2,0,4,1.0,1,1,31.0,9.313300003113902,10.0,17,17,0,Average,36-45,Long
0x552f,PUNERES17DEL02,26,5.0,18.530963,73.828972,18.660963,73.958972,1900-01-01 17:45:00,1900-01-01 17:50:00,3,3,1,0,3,1.0,1,1,21.0,19.916432533839362,5.0,17,17,0,Excellent,26-35,Very Long
0xbed1,JAPRES04DEL01,23,4.7,26.902328,75.794257,26.972328,75.864257,1900-01-01 22:00:00,1900-01-01 22:10:00,0,1,1,3,3,1.0,1,3,38.0,10.42769256917753,10.0,22,22,0,Good,18-25,Very Long
0x43f7,COIMBRES20DEL02,24,4.9,10.994136,76.963303,11.124136,77.093303,1900-01-01 21:45:00,1900-01-01 21:50:00,6,1,2,3,4,1.0,1,1,20.0,20.254010036496762,5.0,21,21,1,Excellent,18-25,Very Long
0xb6be,COIMBRES03DEL02,33,4.9,11.025083,77.015393,11.075083,77.065393,1900-01-01 22:45:00,1900-01-01 22:50:00,1,2,1,3,3,1.0,1,1,18.0,7.790122649763986,5.0,22,22,0,Excellent,26-35,Long
0xd668,ALHRES14DEL01,35,4.9,25.459775,81.834841,25.569775,81.944841,1900-01-01 17:55:00,1900-01-01 18:10:00,0,3,1,0,3,1.0,1,3,42.0,16.47598057072457,15.0,17,18,0,Excellent,26-35,Very Long
0x2175,RANCHIRES05DEL03,25,4.6,23.355164,85.324097,23.415164,85.384097,1900-01-01 23:15:00,1900-01-01 23:25:00,4,2,0,0,3,0.0,1,1,16.0,9.055981117924203,10.0,23,23,0,Good,18-25,Long
0x9d96,BANGRES20DEL03,35,4.6,12.972161,77.596014,13.002161,77.626014,1900-01-01 17:15:00,1900-01-01 17:20:00,1,3,0,0,3,1.0,1,1,32.0,4.6576549370601725,5.0,17,17,0,Good,26-35,Medium
0xb78b,COIMBRES04DEL01,25,4.2,11.024839,77.007003,11.064839,77.047003,1900-01-01 12:40:00,1900-01-01 12:45:00,4,0,0,1,3,3.0,1,1,43.0,6.232152800668749,5.0,12,12,0,Average,18-25,Long
0x1f25,MYSRES17DEL03,39,4.8,12.326356,76.619103,12.386356,76.679103,1900-01-01 23:30:00,1900-01-01 23:35:00,6,2,1,3,4,1.0,1,1,23.0,9.326561838121483,5.0,23,23,0,Excellent,36-45,Long
0xd9ea,BHPRES010DEL03,38,4.9,23.266261,77.379605,23.296261,77.409605,1900-01-01 21:00:00,1900-01-01 21:05:00,2,1,2,2,4,2.0,1,1,34.0,4.529611222928802,5.0,21,21,1,Excellent,36-45,Medium
0x89ac,BANGRES01DEL02,21,5.0,12.933284,77.615428,12.983284,77.665428,1900-01-01 17:10:00,1900-01-01 17:25:00,4,3,2,3,3,0.0,1,3,11.0,7.7631971453288875,15.0,17,17,0,Excellent,18-25,Long
0x372c,CHENRES07DEL03,28,4.5,13.081878,80.248519,13.141878,80.308519,1900-01-01 20:45:00,1900-01-01 20:55:00,0,1,2,0,3,0.0,1,1,23.0,9.313021564639982,10.0,20,20,1,Good,26-35,Long
0x6dae,BANGRES19DEL02,30,4.7,12.914264,77.6784,12.934264,77.6984,1900-01-01 09:15:00,1900-01-01 09:30:00,3,2,2,2,4,1.0,1,3,20.0,3.1054853062814938,15.0,9,9,1,Good,26-35,Medium
0x7d70,VADRES18DEL01,31,4.9,0.0,0.0,0.07,0.07,1900-01-01 23:20:00,1900-01-01 23:25:00,2,2,2,1,4,1.0,1,1,25.0,11.007734763744619,5.0,23,23,0,Excellent,26-35,Very Long
0xa438,MYSRES05DEL01,33,4.7,12.323978,76.627961,12.393978,76.697961,1900-01-01 19:35:00,1900-01-01 19:50:00,4,1,2,3,4,0.0,1,3,20.0,10.88093543843387,15.0,19,19,1,Good,26-35,Very Long
0x8ba7,JAPRES07DEL01,24,4.8,26.766536,75.837333,26.776536,75.847333,1900-01-01 09:35:00,1900-01-01 09:50:00,6,2,1,3,4,0.0,1,1,14.0,1.4906380442411205,15.0,9,9,1,Excellent,18-25,Short
0xd9ca,AURGRES12DEL03,26,4.5,19.879631,75.323403,19.939631,75.383403,1900-01-01 21:40:00,1900-01-01 21:45:00,6,1,1,3,4,1.0,1,3,19.0,9.157577302527251,5.0,21,21,1,Good,26-35,Long
0x635e,COIMBRES07DEL01,27,4.6,10.96185,76.971082,11.03185,77.041082,1900-01-01 22:20:00,1900-01-01 22:25:00,2,2,2,0,4,0.0,1,1,11.0,10.907140151568116,5.0,22,22,0,Good,26-35,Very Long
0x97d2,JAPRES11DEL02,30,4.8,26.90294,75.793007,26.98294,75.873007,1900-01-01 22:35:00,1900-01-01 22:40:00,1,2,2,1,2,0.0,1,1,27.0,11.917100051488791,5.0,22,22,0,Excellent,26-35,Very Long
0x6b52,RANCHIRES08DEL01,38,4.7,23.353783,85.326967,23.363783,85.336967,1900-01-01 11:20:00,1900-01-01 11:30:00,1,0,1,2,4,2.0,2,1,39.0,1.509467584367178,10.0,11,11,0,Good,36-45,Short
0x34a9,INDORES16DEL03,33,4.9,22.744648,75.894377,22.834648,75.984377,1900-01-01 23:15:00,1900-01-01 23:20:00,6,2,0,0,3,1.0,1,1,22.0,13.611585111772158,5.0,23,23,0,Excellent,26-35,Very Long
0x3174,CHENRES11DEL03,36,4.9,13.064181,80.236442,13.094181,80.266442,1900-01-01 21:10:00,1900-01-01 21:25:00,3,1,1,0,4,0.0,1,1,30.0,4.656811824870756,15.0,21,21,1,Excellent,36-45,Medium
0xd868,DEHRES010DEL01,27,4.8,30.328174,78.049117,30.438174,78.159117,1900-01-01 19:00:00,1900-01-01 19:05:00,3,3,2,0,2,0.0,1,3,17.0,16.153774202105296,5.0,19,19,1,Excellent,26-35,Very Long
0xd9f0,DEHRES11DEL01,21,4.7,0.0,0.0,0.04,0.04,1900-01-01 13:00:00,1900-01-01 13:05:00,1,0,2,1,4,1.0,1,1,30.0,6.290134677634678,5.0,13,13,0,Good,18-25,Long
0x6aa6,CHENRES07DEL01,23,4.9,13.081878,80.248519,13.091878,80.258519,1900-01-01 12:00:00,1900-01-01 12:05:00,6,0,1,2,4,1.0,1,1,24.0,1.5522470243420694,5.0,12,12,0,Excellent,18-25,Short
0xced9,GOARES010DEL02,27,4.7,15.546594,73.760431,15.566594,73.780431,1900-01-01 09:55:00,1900-01-01 10:10:00,2,2,2,2,4,1.0,3,3,10.0,3.087996686128697,15.0,9,10,1,Good,26-35,Medium
0xb2b3,RANCHIRES06DEL03,32,4.7,23.357804,85.325146,23.387804,85.355146,1900-01-01 17:20:00,1900-01-01 17:30:00,1,3,0,1,3,1.0,1,1,25.0,4.528183776759067,10.0,17,17,0,Good,26-35,Medium
0x5901,HYDRES05DEL01,21,4.7,17.433809,78.386744,17.503809,78.456744,1900-01-01 18:20:00,1900-01-01 18:30:00,2,3,2,2,3,1.0,1,3,22.0,10.756895455613911,10.0,18,18,1,Good,18-25,Very Long
0x5a61,BANGRES13DEL03,36,4.6,12.935662,77.61413,12.995662,77.67413,1900-01-01 19:35:00,1900-01-01 19:45:00,6,1,1,3,4,1.0,1,1,27.0,9.315702005351538,10.0,19,19,1,Good,36-45,Long
0x9a90,HYDRES03DEL01,34,5.0,17.422819,78.449578,17.432819,78.459578,1900-01-01 11:45:00,1900-01-01 11:50:00,6,0,0,0,3,1.0,1,3,37.0,1.536864059415262,5.0,11,11,0,Excellent,26-35,Short
0x5dc2,JAPRES09DEL02,32,4.7,26.911378,75.789034,26.991378,75.869034,1900-01-01 21:55:00,1900-01-01 22:10:00,4,1,2,3,4,1.0,1,3,16.0,11.916705005077658,15.0,21,22,1,Good,26-35,Very Long
0x9e32,MYSRES11DEL03,25,4.8,12.323225,76.630028,12.353225,76.660028,1900-01-01 22:35:00,1900-01-01 22:50:00,3,2,1,2,3,1.0,1,1,11.0,4.663438748149054,15.0,22,22,0,Excellent,18-25,Medium
0x32a7,BANGRES08DEL02,36,4.0,12.906229,77.596791,12.986229,77.676791,1900-01-01 20:00:00,1900-01-01 20:10:00,6,1,0,0,3,1.0,1,1,52.0,12.421407858787804,10.0,20,20,1,Average,36-45,Very Long
0x41e4,COIMBRES20DEL02,24,4.6,10.994136,76.963303,11.044136,77.013303,1900-01-01 17:15:00,1900-01-01 17:30:00,0,3,0,3,3,1.0,1,1,24.0,7.790525266841046,15.0,17,17,0,Good,18-25,Long
0x574f,BANGRES05DEL02,28,4.8,12.970324,77.645748,12.990324,77.665748,1900-01-01 10:40:00,1900-01-01 10:55:00,4,2,2,2,2,1.0,1,1,23.0,3.105144913226864,15.0,10,10,1,Excellent,26-35,Medium
0x51e2,JAPRES18DEL03,31,4.7,26.913987,75.752891,27.053987,75.892891,1900-01-01 23:25:00,1900-01-01 23:40:00,3,2,0,2,3,1.0,1,1,20.0,20.851557402660557,15.0,23,23,0,Good,26-35,Very Long
0x6823,RANCHIRES13DEL02,32,4.8,23.374989,85.335486,23.424989,85.385486,1900-01-01 22:35:00,1900-01-01 22:40:00,4,2,0,1,3,1.0,1,1,27.0,7.54626481457244,5.0,22,22,0,Excellent,26-35,Long
0x459f,MYSRES15DEL02,23,4.5,12.352058,76.60665,12.402058,76.65665,1900-01-01 21:10:00,1900-01-01 21:25:00,4,1,1,2,4,1.0,1,1,15.0,7.771834302405086,15.0,21,21,1,Good,18-25,Long
0x746a,SURRES20DEL02,34,4.3,21.15276,72.778059,21.17276,72.798059,1900-01-01 09:30:00,1900-01-01 09:35:00,2,2,0,0,3,1.0,1,1,30.0,3.0408635912257624,5.0,9,9,1,Average,26-35,Medium
0x2d0d,COIMBRES04DEL01,39,4.6,11.024839,77.007003,11.094839,77.077003,1900-01-01 20:55:00,1900-01-01 21:10:00,1,1,0,2,3,1.0,1,1,43.0,10.905993510336609,15.0,20,21,1,Good,36-45,Very Long
0x6428,PUNERES03DEL01,33,4.8,18.554382,73.798206,18.624382,73.868206,1900-01-01 23:10:00,1900-01-01 23:25:00,3,2,1,0,3,0.0,1,3,15.0,10.724430107278945,15.0,23,23,0,Excellent,26-35,Very Long
0x4a14,VADRES16DEL02,27,4.6,0.0,0.0,0.08,0.08,1900-01-01 20:45:00,1900-01-01 21:00:00,3,1,2,3,4,1.0,1,1,19.0,12.58026782240096,15.0,20,21,1,Good,26-35,Very Long
0x8ffd,CHENRES15DEL01,31,4.6,13.026286,80.275235,13.066286,80.315235,1900-01-01 16:45:00,1900-01-01 16:50:00,6,3,2,3,3,1.0,1,3,26.0,6.209485128886319,5.0,16,16,0,Good,26-35,Long
0xbcfb,INDORES05DEL03,31,5.0,22.727021,75.884167,22.757021,75.914167,1900-01-01 19:10:00,1900-01-01 19:25:00,0,1,1,3,3,1.0,1,1,25.0,4.537922749289298,15.0,19,19,1,Excellent,26-35,Medium
0x284b,JAPRES04DEL01,27,4.7,26.902328,75.794257,27.012328,75.904257,1900-01-01 22:35:00,1900-01-01 22:50:00,6,2,1,1,4,1.0,1,3,17.0,16.38508523506451,15.0,22,22,0,Good,26-35,Very Long
0xa89a,INDORES19DEL01,33,4.8,22.745536,75.893106,22.815536,75.963106,1900-01-01 22:45:00,1900-01-01 23:00:00,3,2,2,3,4,1.0,1,1,28.0,10.587113705075847,15.0,22,23,0,Excellent,26-35,Very Long
0xa47c,MUMRES19DEL01,33,3.8,19.131141,72.813074,19.241141,72.923074,1900-01-01 23:35:00,1900-01-01 23:45:00,0,2,1,0,4,1.0,1,1,36.0,16.824331819052116,10.0,23,23,0,Average,26-35,Very Long
0xa163,MUMRES15DEL01,26,4.4,19.176269,72.836721,19.216269,72.876721,1900-01-01 14:35:00,1900-01-01 14:40:00,4,0,0,0,3,1.0,1,1,40.0,6.117761953594232,5.0,14,14,0,Average,26-35,Long
0x4a57,CHENRES17DEL03,33,4.9,13.045479,80.23311,13.075479,80.26311,1900-01-01 18:30:00,1900-01-01 18:45:00,3,3,1,3,4,1.0,1,1,29.0,4.656983638230307,15.0,18,18,1,Excellent,26-35,Medium
0x17c0,MYSRES13DEL02,28,4.5,12.310972,76.659264,12.440972,76.789264,1900-01-01 18:10:00,1900-01-01 18:25:00,2,3,2,0,3,1.0,1,3,18.0,20.206808074128567,15.0,18,18,1,Good,26-35,Very Long
0x5b72,INDORES03DEL01,21,4.5,22.751857,75.866699,22.791857,75.906699,1900-01-01 12:30:00,1900-01-01 12:45:00,4,0,0,3,3,2.0,2,1,52.0,6.049956259946466,15.0,12,12,0,Good,18-25,Long
0xc1b4,KOCRES12DEL03,30,4.7,9.988483,76.295211,10.048483,76.355211,1900-01-01 17:40:00,1900-01-01 17:45:00,1,3,2,2,3,0.0,1,1,18.0,9.363543018983561,5.0,17,17,0,Good,26-35,Long
0x9450,PUNERES14DEL03,38,4.6,18.516216,73.842527,18.576216,73.902527,1900-01-01 23:55:00,1900-01-01 00:00:00,3,2,1,3,3,0.0,1,1,20.0,9.193469879776632,5.0,23,0,0,Good,36-45,Long
0x7fc4,INDORES05DEL02,25,4.6,22.727021,75.884167,22.747021,75.904167,1900-01-01 12:00:00,1900-01-01 12:05:00,1,0,2,2,4,1.0,1,1,20.0,3.025332706173566,5.0,12,12,0,Good,18-25,Medium
0x5d13,VADRES19DEL01,29,4.7,22.311844,73.165081,22.381844,73.235081,1900-01-01 20:25:00,1900-01-01 20:40:00,3,1,1,3,3,0.0,1,1,22.0,10.602450942886513,15.0,20,20,1,Good,26-35,Very Long
0x69d7,INDORES16DEL02,22,4.6,22.744648,75.894377,22.874648,76.024377,1900-01-01 21:35:00,1900-01-01 21:45:00,6,1,1,1,4,0.0,1,1,27.0,19.659851482292062,10.0,21,21,1,Good,18-25,Very Long
0xd2bf,AGRRES17DEL01,36,4.8,27.157772,78.04725,27.167772,78.05725,1900-01-01 08:20:00,1900-01-01 08:25:00,2,2,2,2,4,0.0,1,1,24.0,1.488347124650747,5.0,8,8,1,Excellent,36-45,Short
0xa2c1,INDORES12DEL03,33,5.0,22.74806,75.8934,22.77806,75.9234,1900-01-01 18:55:00,1900-01-01 19:05:00,2,3,0,0,3,1.0,1,1,34.0,4.537601588065108,10.0,18,19,1,Excellent,26-35,Medium
0x8c69,PUNERES07DEL03,35,4.7,18.546947,73.900626,18.576947,73.930626,1900-01-01 20:55:00,1900-01-01 21:05:00,6,1,0,3,3,0.0,1,1,41.0,4.596534542243907,10.0,20,21,1,Good,26-35,Medium
0x54d6,JAPRES010DEL01,35,4.0,26.921411,75.793604,26.961411,75.833604,1900-01-01 12:40:00,1900-01-01 12:50:00,0,0,1,1,3,1.0,1,1,37.0,5.958586130823786,10.0,12,12,0,Average,26-35,Long
0x506e,BANGRES04DEL01,24,4.6,12.98041,77.640489,13.09041,77.750489,1900-01-01 20:10:00,1900-01-01 20:25:00,4,1,1,2,3,1.0,1,1,23.0,17.07644834661623,15.0,20,20,1,Good,18-25,Very Long
0x482b,JAPRES06DEL01,31,4.5,26.911927,75.797282,26.921927,75.807282,1900-01-01 09:35:00,1900-01-01 09:50:00,0,2,0,0,3,0.0,1,3,23.0,1.489789766813,15.0,9,9,1,Good,26-35,Short
0xca59,KOCRES15DEL02,24,4.9,10.027364,76.308258,10.157364,76.438258,1900-01-01 20:45:00,1900-01-01 21:00:00,4,1,2,3,4,1.0,1,3,22.0,20.285391243059973,15.0,20,21,1,Excellent,18-25,Very Long
0xcd77,LUDHRES06DEL02,32,4.9,30.895204,75.822103,31.025204,75.952103,1900-01-01 19:20:00,1900-01-01 19:25:00,1,1,0,1,3,1.0,1,1,42.0,19.042397449611613,5.0,19,19,1,Excellent,26-35,Very Long
0xcfe,HYDRES02DEL02,30,4.7,17.41233,78.449654,17.46233,78.499654,1900-01-01 23:45:00,1900-01-01 23:55:00,0,2,2,3,4,1.0,1,4,14.0,7.684129284114672,10.0,23,23,0,Good,26-35,Long
0x9187,CHENRES05DEL01,38,3.6,13.058616,80.264151,13.128616,80.334151,1900-01-01 22:55:00,1900-01-01 23:10:00,0,2,1,0,4,0.0,1,1,37.0,10.865584127340643,15.0,22,23,0,Average,36-45,Very Long
0x2088,VADRES19DEL02,33,4.3,22.311844,73.165081,22.331844,73.185081,1900-01-01 08:20:00,1900-01-01 08:30:00,6,2,0,0,3,0.0,1,1,27.0,3.0295222215900934,10.0,8,8,1,Average,26-35,Medium
0x1334,BANGRES16DEL01,26,4.7,13.029198,77.570997,13.069198,77.610997,1900-01-01 13:55:00,1900-01-01 14:10:00,2,0,2,2,2,1.0,1,1,28.0,6.209449516823057,15.0,13,14,0,Good,26-35,Long
0xb4e3,PUNERES010DEL02,24,4.7,18.539299,73.897902,18.619299,73.977902,1900-01-01 23:10:00,1900-01-01 23:20:00,2,2,2,2,3,0.0,1,3,16.0,12.256834609677016,10.0,23,23,0,Good,18-25,Very Long
0x215a,PUNERES11DEL01,27,4.9,18.533811,73.899315,18.603811,73.969315,1900-01-01 21:35:00,1900-01-01 21:40:00,4,1,0,3,3,1.0,1,1,24.0,10.72504264384306,5.0,21,21,1,Excellent,26-35,Very Long
0x9ed9,MYSRES18DEL03,33,4.6,12.337928,76.617889,12.427928,76.707889,1900-01-01 23:00:00,1900-01-01 23:10:00,4,2,1,0,4,0.0,1,3,23.0,13.989147573068443,10.0,23,23,0,Good,26-35,Very Long
0xbe14,COIMBRES12DEL03,25,4.6,11.000762,76.981876,11.030762,77.011876,1900-01-01 18:50:00,1900-01-01 19:05:00,3,3,1,0,4,1.0,1,1,25.0,4.674341511234465,15.0,18,19,1,Good,18-25,Medium
0xe92,JAPRES02DEL03,34,4.6,26.914142,75.805704,27.054142,75.945704,1900-01-01 20:50:00,1900-01-01 21:05:00,4,1,2,2,4,1.0,1,1,30.0,20.85154468962371,15.0,20,21,1,Good,26-35,Very Long
0xd065,DEHRES13DEL02,27,4.1,30.366322,78.070453,30.496322,78.200453,1900-01-01 20:45:00,1900-01-01 21:00:00,1,1,2,1,4,0.0,1,3,40.0,19.08680741329132,15.0,20,21,1,Average,26-35,Very Long
0x1220,MYSRES01DEL01,37,4.9,12.311072,76.654878,12.321072,76.664878,1900-01-01 08:40:00,1900-01-01 08:50:00,3,2,2,1,4,1.0,1,3,24.0,1.5545437335214782,10.0,8,8,1,Excellent,36-45,Short
0x28aa,RANCHIRES02DEL03,31,4.9,0.0,0.0,0.06,0.06,1900-01-01 20:15:00,1900-01-01 20:30:00,3,1,1,1,3,1.0,1,1,29.0,9.435201537430713,15.0,20,20,1,Excellent,26-35,Long
0xe019,KOCRES03DEL02,27,4.5,10.020683,76.310631,10.100683,76.390631,1900-01-01 18:35:00,1900-01-01 18:45:00,6,3,2,3,2,1.0,1,1,25.0,12.483922393843775,10.0,18,18,1,Good,26-35,Very Long
0x6eb1,VADRES13DEL02,32,4.9,22.310237,73.158921,22.360237,73.208921,1900-01-01 22:20:00,1900-01-01 22:25:00,6,2,2,3,4,1.0,1,3,20.0,7.573470125639189,5.0,22,22,0,Excellent,26-35,Long
0x5e9b,MYSRES01DEL01,39,3.8,12.311072,76.654878,12.381072,76.724878,1900-01-01 20:20:00,1900-01-01 20:25:00,6,1,1,3,3,2.0,1,1,44.0,10.881197531246407,5.0,20,20,1,Average,36-45,Very Long
0x349d,INDORES05DEL02,23,4.9,22.727021,75.884167,22.857021,76.014167,1900-01-01 17:40:00,1900-01-01 17:50:00,4,3,0,0,3,1.0,1,1,24.0,19.661019603214875,10.0,17,17,0,Excellent,18-25,Very Long
0x53a4,JAPRES08DEL03,31,4.7,26.910262,75.783013,26.940262,75.813013,1900-01-01 18:45:00,1900-01-01 18:55:00,0,3,2,1,4,1.0,1,1,16.0,4.469223038792308,10.0,18,18,1,Good,26-35,Medium
0x335a,SURRES12DEL01,27,4.4,21.183434,72.814492,21.253434,72.884492,1900-01-01 20:30:00,1900-01-01 20:40:00,0,1,1,1,3,2.0,1,1,42.0,10.641157729337541,10.0,20,20,1,Average,26-35,Very Long
0x92ce,INDORES02DEL03,27,4.8,22.651847,75.881991,22.681847,75.911991,1900-01-01 20:25:00,1900-01-01 20:30:00,2,1,1,2,3,0.0,1,3,18.0,4.539068203248639,5.0,20,20,1,Excellent,26-35,Medium
0x3626,COIMBRES16DEL03,39,4.8,11.010375,76.95295,11.100375,77.04295,1900-01-01 19:50:00,1900-01-01 20:00:00,4,1,2,0,4,1.0,1,1,25.0,14.022096082518878,10.0,19,20,1,Excellent,36-45,Very Long
0x9843,COIMBRES07DEL03,39,4.9,10.96185,76.971082,11.05185,77.061082,1900-01-01 18:55:00,1900-01-01 19:00:00,4,3,1,3,4,0.0,1,1,19.0,14.023232083084483,5.0,18,19,1,Excellent,36-45,Very Long
0x7f00,MYSRES01DEL03,38,4.7,12.311072,76.654878,12.371072,76.714878,1900-01-01 22:40:00,1900-01-01 22:45:00,4,2,2,0,2,0.0,1,1,11.0,9.326827803405624,5.0,22,22,0,Good,36-45,Long
0x24a0,CHENRES18DEL01,26,4.7,12.981615,80.231598,12.991615,80.241598,1900-01-01 09:45:00,1900-01-01 10:00:00,3,2,1,1,4,0.0,1,1,15.0,1.55255331684981,15.0,9,10,1,Good,26-35,Short
0xbd95,CHENRES09DEL02,32,3.7,13.044694,80.26147,13.124694,80.34147,1900-01-01 20:00:00,1900-01-01 20:15:00,2,1,2,2,4,1.0,1,1,35.0,12.418029175076608,15.0,20,20,1,Average,26-35,Very Long
0xab88,VADRES11DEL02,27,4.2,22.308096,73.167753,22.438096,73.297753,1900-01-01 19:30:00,1900-01-01 19:40:00,6,1,0,1,3,1.0,1,1,34.0,19.688553005364493,10.0,19,19,1,Average,26-35,Very Long
0xb4af,SURRES05DEL03,35,4.5,21.175104,72.804342,21.235104,72.864342,1900-01-01 18:45:00,1900-01-01 19:00:00,2,3,0,1,3,0.0,1,1,26.0,9.121375406203297,15.0,18,19,1,Good,26-35,Long
0x7a4e,MUMRES08DEL01,34,4.7,19.065838,72.832658,19.135838,72.902658,1900-01-01 21:30:00,1900-01-01 21:40:00,6,1,0,0,3,2.0,1,1,37.0,10.709003371535417,10.0,21,21,1,Good,26-35,Very Long
0x5599,JAPRES09DEL02,31,4.2,26.911378,75.789034,26.931378,75.809034,1900-01-01 08:50:00,1900-01-01 09:05:00,3,2,0,0,3,0.0,1,1,33.0,2.979527470384624,15.0,8,9,1,Average,26-35,Medium
0xde32,AURGRES16DEL01,35,4.7,0.0,0.0,0.04,0.04,1900-01-01 13:20:00,1900-01-01 13:25:00,0,0,0,0,3,1.0,1,1,33.0,6.290134677634678,5.0,13,13,0,Good,26-35,Long
0x4804,JAPRES09DEL02,28,5.0,26.911378,75.789034,26.931378,75.809034,1900-01-01 12:00:00,1900-01-01 12:10:00,3,0,2,1,3,0.0,1,1,21.0,2.979527470384624,10.0,12,12,0,Excellent,26-35,Medium
0x6daa,RANCHIRES12DEL02,20,4.8,0.0,0.0,0.08,0.08,1900-01-01 22:15:00,1900-01-01 22:25:00,3,2,2,0,4,1.0,1,1,18.0,12.58026782240096,10.0,22,22,0,Excellent,18-25,Very Long
0x8d31,SURRES09DEL01,35,4.6,21.175975,72.795503,21.285975,72.905503,1900-01-01 21:10:00,1900-01-01 21:25:00,1,1,0,3,3,1.0,1,1,45.0,16.72115728076054,15.0,21,21,1,Good,26-35,Very Long
0xad7f,MYSRES010DEL03,20,4.6,12.321214,76.621094,12.411214,76.711094,1900-01-01 18:10:00,1900-01-01 18:20:00,4,3,1,1,3,1.0,1,3,18.0,13.989584724635527,10.0,18,18,1,Good,18-25,Very Long
0xa83f,MUMRES010DEL02,22,4.7,19.003517,72.82765,19.083517,72.90765,1900-01-01 17:50:00,1900-01-01 18:05:00,2,3,2,1,2,1.0,1,1,21.0,12.24085827411391,15.0,17,18,0,Good,18-25,Very Long
0x9e57,BANGRES17DEL02,22,4.6,12.972532,77.608179,13.052532,77.688179,1900-01-01 21:45:00,1900-01-01 22:00:00,6,1,1,0,4,1.0,1,3,16.0,12.419794286435744,15.0,21,22,1,Good,18-25,Very Long
0x5405,MUMRES15DEL01,30,5.0,19.176269,72.836721,19.216269,72.876721,1900-01-01 14:20:00,1900-01-01 14:25:00,0,0,0,0,3,1.0,1,1,27.0,6.117761953594232,5.0,14,14,0,Excellent,26-35,Long
0xc0f7,LUDHRES19DEL01,24,4.7,-30.902872,75.826808,30.972872,75.896808,1900-01-01 22:35:00,1900-01-01 22:45:00,0,2,1,2,3,1.0,1,3,20.0,6880.2727815132275,10.0,22,22,0,Good,18-25,
0x5779,BANGRES17DEL01,21,4.7,12.972532,77.608179,13.082532,77.718179,1900-01-01 18:50:00,1900-01-01 19:05:00,6,3,2,1,2,1.0,1,3,19.0,17.076712975302453,15.0,18,19,1,Good,18-25,Very Long
0x3425,VADRES15DEL02,23,4.9,0.0,0.0,0.13,0.13,1900-01-01 22:15:00,1900-01-01 22:25:00,1,2,2,2,4,1.0,1,1,23.0,20.44292976252901,10.0,22,22,0,Excellent,18-25,Very Long
0x62ce,CHENRES13DEL02,21,4.1,13.027018,80.254791,13.107018,80.334791,1900-01-01 20:55:00,1900-01-01 21:00:00,6,1,0,3,3,1.0,1,3,33.0,12.418462399627495,5.0,20,21,1,Average,18-25,Very Long
0xd170,KOLRES15DEL03,27,4.8,22.552672,88.352885,22.582672,88.382885,1900-01-01 17:50:00,1900-01-01 17:55:00,3,3,1,3,4,1.0,1,4,22.0,4.5405743887312955,5.0,17,17,0,Excellent,26-35,Medium
0x761f,CHENRES03DEL01,29,2.5,13.091809,80.219104,13.201809,80.329104,1900-01-01 22:40:00,1900-01-01 22:55:00,4,2,1,3,3,2.0,1,1,35.0,17.07269000033606,15.0,22,22,0,Average,26-35,Very Long
0x3b60,INDORES13DEL01,35,4.2,22.745049,75.892471,22.855049,76.002471,1900-01-01 17:20:00,1900-01-01 17:30:00,3,3,2,2,4,1.0,1,1,35.0,16.63579806090435,10.0,17,17,0,Average,26-35,Very Long
0x30a1,HYDRES20DEL03,22,4.9,17.483216,78.552111,17.573216,78.642111,1900-01-01 20:30:00,1900-01-01 20:40:00,3,1,2,0,4,0.0,1,1,16.0,13.828140500409722,10.0,20,20,1,Excellent,18-25,Very Long
0x2b88,BANGRES04DEL01,29,4.7,12.98041,77.640489,13.09041,77.750489,1900-01-01 20:40:00,1900-01-01 20:45:00,3,1,0,3,3,1.0,1,3,26.0,17.07644834661623,5.0,20,20,1,Good,26-35,Very Long
0x29e5,INDORES03DEL01,21,4.9,22.751857,75.866699,22.761857,75.876699,1900-01-01 08:50:00,1900-01-01 08:55:00,2,2,1,0,4,1.0,1,1,19.0,1.5125654463644045,5.0,8,8,1,Excellent,18-25,Short
0xc57f,GOARES09DEL02,39,4.9,15.303897,73.914336,15.353897,73.964336,1900-01-01 23:25:00,1900-01-01 23:35:00,6,2,2,3,4,0.0,1,3,24.0,7.724074530277346,10.0,23,23,0,Excellent,36-45,Long
0x8ceb,PUNERES04DEL01,25,4.6,18.51421,73.838429,18.55421,73.878429,1900-01-01 12:50:00,1900-01-01 13:00:00,1,0,2,2,4,1.0,1,3,23.0,6.12918392293498,10.0,12,13,0,Good,18-25,Long
0xa235,SURRES010DEL03,22,4.6,21.17106,72.789292,21.26106,72.879292,1900-01-01 23:25:00,1900-01-01 23:35:00,4,2,0,2,3,1.0,1,3,28.0,13.681590426854767,10.0,23,23,0,Good,18-25,Very Long
0x7b1d,JAPRES08DEL02,30,4.9,26.910262,75.783013,26.930262,75.803013,1900-01-01 10:45:00,1900-01-01 11:00:00,1,2,1,2,4,1.0,1,3,15.0,2.9795405223586338,15.0,10,11,1,Excellent,26-35,Medium
0x7f5c,MUMRES02DEL01,28,4.8,19.221315,72.862381,19.331315,72.972381,1900-01-01 23:40:00,1900-01-01 23:55:00,0,2,2,1,4,1.0,1,1,28.0,16.81997876421149,15.0,23,23,0,Excellent,26-35,Very Long
0x43e3,INDORES16DEL02,39,4.4,22.744648,75.894377,22.824648,75.974377,1900-01-01 17:50:00,1900-01-01 18:00:00,1,3,1,3,3,1.0,1,1,41.0,12.099390766641623,10.0,17,18,0,Average,36-45,Very Long
0x20d6,COIMBRES07DEL01,21,4.3,10.96185,76.971082,11.07185,77.081082,1900-01-01 21:20:00,1900-01-01 21:25:00,1,1,2,0,2,1.0,1,1,32.0,17.13921974225849,5.0,21,21,1,Average,18-25,Very Long
0xc59a,LUDHRES12DEL03,26,4.6,30.893244,75.821817,30.983244,75.911817,1900-01-01 17:35:00,1900-01-01 17:45:00,4,3,0,2,3,1.0,1,1,29.0,13.184483852766967,10.0,17,17,0,Good,26-35,Very Long
0x1ae3,VADRES13DEL02,25,4.8,22.310237,73.158921,22.440237,73.288921,1900-01-01 19:35:00,1900-01-01 19:40:00,4,1,1,3,3,0.0,1,3,11.0,19.68841340777118,5.0,19,19,1,Excellent,18-25,Very Long
0xc686,KOLRES12DEL02,31,4.5,22.551084,88.354127,22.571084,88.374127,1900-01-01 09:20:00,1900-01-01 09:35:00,1,2,1,0,4,0.0,1,1,16.0,3.02711617518989,15.0,9,9,1,Good,26-35,Medium
0x71a1,BANGRES18DEL01,22,4.6,12.913041,77.683237,12.953041,77.723237,1900-01-01 13:00:00,1900-01-01 13:15:00,0,0,0,0,3,1.0,1,3,24.0,6.21086415606354,15.0,13,13,0,Good,18-25,Long
0xa0a1,MYSRES04DEL02,33,4.1,12.3085,76.665808,12.3285,76.685808,1900-01-01 09:20:00,1900-01-01 09:30:00,6,2,0,2,3,1.0,1,1,34.0,3.109073410946993,10.0,9,9,1,Average,26-35,Medium
0x8d85,RANCHIRES16DEL02,38,4.6,23.371292,85.327872,23.501292,85.457872,1900-01-01 17:30:00,1900-01-01 17:35:00,2,3,1,3,4,0.0,1,3,22.0,19.617824561450774,5.0,17,17,0,Good,36-45,Very Long
0x4d1d,BANGRES16DEL02,29,4.8,13.029198,77.570997,13.109198,77.650997,1900-01-01 19:20:00,1900-01-01 19:35:00,3,1,2,2,4,0.0,1,3,27.0,12.418408999826822,15.0,19,19,1,Excellent,26-35,Very Long
0x519b,MUMRES06DEL01,24,4.6,19.055831,72.833984,19.095831,72.873984,1900-01-01 14:35:00,1900-01-01 14:40:00,4,0,1,1,3,1.0,1,1,13.0,6.1198667120156145,5.0,14,14,0,Good,18-25,Long
0x1308,HYDRES12DEL02,27,4.9,17.429585,78.392621,17.479585,78.442621,1900-01-01 00:00:00,1900-01-01 00:10:00,0,2,2,0,4,1.0,1,1,19.0,7.683782781592617,10.0,0,0,0,Excellent,26-35,Long
0xe147,LUDHRES13DEL01,39,4.7,30.893234,75.82172,30.933234,75.86172,1900-01-01 15:15:00,1900-01-01 15:20:00,4,3,2,0,4,1.0,1,1,21.0,5.8604207331306855,5.0,15,15,0,Good,36-45,Long
0x67f4,HYDRES06DEL01,33,4.6,17.455894,78.375467,17.465894,78.385467,1900-01-01 09:30:00,1900-01-01 09:35:00,1,2,2,3,2,1.0,1,3,18.0,1.5367312329664098,5.0,9,9,1,Good,26-35,Short
0x76fc,CHENRES17DEL01,20,4.6,13.045479,80.23311,13.155479,80.34311,1900-01-01 22:55:00,1900-01-01 23:00:00,2,2,2,1,4,1.0,1,1,12.0,17.074256778794595,5.0,22,23,0,Good,18-25,Very Long
0xb473,COIMBRES02DEL03,28,4.4,11.022477,76.995667,11.112477,77.085667,1900-01-01 17:10:00,1900-01-01 17:25:00,3,3,0,1,3,1.0,1,1,39.0,14.021812013196106,15.0,17,17,0,Average,26-35,Very Long
0x68eb,RANCHIRES17DEL01,35,4.7,23.374878,85.335739,23.484878,85.445739,1900-01-01 23:15:00,1900-01-01 23:30:00,0,2,2,1,2,1.0,1,1,27.0,16.600066636057477,15.0,23,23,0,Good,26-35,Very Long
0xde2b,KOLRES08DEL02,20,4.5,22.53796,88.349843,22.55796,88.369843,1900-01-01 08:20:00,1900-01-01 08:35:00,3,2,1,3,3,0.0,1,1,14.0,3.0272487359269546,15.0,8,8,1,Good,18-25,Medium
0x5a1f,SURRES05DEL01,28,4.6,21.175104,72.804342,21.185104,72.814342,1900-01-01 08:20:00,1900-01-01 08:30:00,3,2,2,3,4,0.0,1,1,16.0,1.5203488928264928,10.0,8,8,1,Good,26-35,Short
0xfa8,MUMRES20DEL03,37,4.0,19.103249,72.846749,19.163249,72.906749,1900-01-01 23:15:00,1900-01-01 23:30:00,3,2,0,2,3,1.0,1,1,25.0,9.178296996538572,15.0,23,23,0,Average,36-45,Long
0x6712,CHENRES02DEL01,33,4.8,13.086438,80.220672,13.156439,80.290672,1900-01-01 23:55:00,1900-01-01 00:10:00,2,2,0,2,3,1.0,1,1,24.0,10.865065738215941,15.0,23,0,0,Excellent,26-35,Very Long
0xad55,JAPRES17DEL02,20,4.9,26.892312,75.806896,27.022313,75.936896,1900-01-01 23:30:00,1900-01-01 23:35:00,2,2,1,0,3,0.0,1,1,11.0,19.36427479298585,5.0,23,23,0,Excellent,18-25,Very Long
0xbbac,MYSRES17DEL02,20,4.8,12.326356,76.619103,12.376356,76.669103,1900-01-01 18:25:00,1900-01-01 18:35:00,6,3,2,2,4,1.0,1,1,26.0,7.772207463584183,10.0,18,18,1,Excellent,18-25,Long
0xd1bd,KOCRES010DEL02,27,4.4,10.035573,76.336958,10.165573,76.466958,1900-01-01 20:35:00,1900-01-01 20:45:00,2,1,0,3,3,0.0,1,1,37.0,20.285136523122805,10.0,20,20,1,Average,26-35,Very Long
0x235d,RANCHIRES04DEL02,28,4.6,23.359033,85.325347,23.409033,85.375347,1900-01-01 20:35:00,1900-01-01 20:40:00,6,1,0,1,3,1.0,1,1,28.0,7.546680469081603,5.0,20,20,1,Good,26-35,Long
0xad5e,CHENRES19DEL02,33,4.5,12.986047,80.218114,13.116047,80.348114,1900-01-01 17:45:00,1900-01-01 17:55:00,3,3,2,3,3,1.0,1,1,26.0,20.180635114114718,10.0,17,17,0,Good,26-35,Very Long
0xa5f2,VADRES010DEL03,28,4.9,22.310329,73.169083,22.400329,73.259083,1900-01-01 22:30:00,1900-01-01 22:45:00,1,2,0,0,3,1.0,1,1,22.0,13.631339548300275,15.0,22,22,0,Excellent,26-35,Very Long
0xaddf,CHENRES19DEL02,27,4.7,12.986047,80.218114,13.006047,80.238114,1900-01-01 08:25:00,1900-01-01 08:30:00,2,2,2,1,4,0.0,1,3,11.0,3.105049191152739,5.0,8,8,1,Good,26-35,Medium
0xaa40,MYSRES16DEL01,28,4.6,12.316967,76.603067,12.356967,76.643067,1900-01-01 14:45:00,1900-01-01 14:50:00,2,0,1,0,3,0.0,1,1,11.0,6.2179328802641525,5.0,14,14,0,Good,26-35,Long
0x1009,INDORES09DEL02,32,4.9,22.725835,75.887648,22.855835,76.017648,1900-01-01 22:30:00,1900-01-01 22:45:00,2,2,0,0,3,1.0,1,3,22.0,19.661098170299198,15.0,22,22,0,Excellent,26-35,Very Long
0x329e,MUMRES19DEL02,32,4.5,19.131141,72.813074,19.26114,72.943074,1900-01-01 18:25:00,1900-01-01 18:35:00,2,3,1,0,4,1.0,1,1,20.0,19.882650147415998,10.0,18,18,1,Good,26-35,Very Long
0x87bd,CHENRES01DEL02,38,4.8,13.005801,80.250744,13.055801,80.300744,1900-01-01 18:20:00,1900-01-01 18:30:00,0,3,2,0,2,1.0,1,4,15.0,7.762092914972186,10.0,18,18,1,Excellent,36-45,Long
0x1c44,HYDRES16DEL03,27,4.6,17.440827,78.393391,17.500827,78.453391,1900-01-01 21:00:00,1900-01-01 21:05:00,2,1,1,2,3,1.0,1,3,23.0,9.22014751541987,5.0,21,21,1,Good,26-35,Long
0x77f1,CHENRES02DEL01,27,4.7,13.086438,80.220672,13.126439,80.260672,1900-01-01 13:20:00,1900-01-01 13:30:00,4,0,2,1,3,1.0,1,1,19.0,6.208827615119002,10.0,13,13,0,Good,26-35,Long
0xb4f6,INDORES19DEL03,26,4.1,22.745536,75.893106,22.775536,75.923106,1900-01-01 21:30:00,1900-01-01 21:35:00,0,1,1,3,4,0.0,1,3,32.0,4.537640130462667,5.0,21,21,1,Average,26-35,Medium
0xc4df,KOCRES14DEL03,32,4.6,10.027014,76.308053,10.087014,76.368053,1900-01-01 17:20:00,1900-01-01 17:25:00,6,3,0,0,3,1.0,1,1,36.0,9.362994333550702,5.0,17,17,0,Good,26-35,Long
0xde4d,AURGRES19DEL02,37,4.4,19.866969,75.318894,19.946969,75.398894,1900-01-01 22:20:00,1900-01-01 22:30:00,1,2,1,1,3,0.0,1,1,32.0,12.210199165539148,10.0,22,22,0,Average,36-45,Very Long
0xc65f,KOLRES09DEL02,39,4.9,22.515082,88.36783,22.565082,88.41783,1900-01-01 18:35:00,1900-01-01 18:45:00,3,3,1,3,3,0.0,1,1,32.0,7.568320537709234,10.0,18,18,1,Excellent,36-45,Long
0x7ed9,VADRES05DEL03,38,4.9,22.310526,73.170937,22.400526,73.260937,1900-01-01 20:00:00,1900-01-01 20:05:00,3,1,1,3,4,1.0,1,1,26.0,13.631330662170873,5.0,20,20,1,Excellent,36-45,Very Long
0x2252,COIMBRES03DEL01,24,4.9,11.025083,77.015393,11.065083,77.055393,1900-01-01 12:20:00,1900-01-01 12:30:00,0,0,0,3,3,1.0,1,3,25.0,6.232150258829198,10.0,12,12,0,Excellent,18-25,Long
0xae03,MYSRES19DEL03,26,5.0,12.334022,76.618203,12.364022,76.648203,1900-01-01 23:40:00,1900-01-01 23:55:00,3,2,1,1,4,1.0,1,3,16.0,4.663344843093785,15.0,23,23,0,Excellent,26-35,Medium
0x3529,SURRES04DEL02,36,4.7,21.173493,72.801953,21.193493,72.821953,1900-01-01 08:50:00,1900-01-01 09:00:00,3,2,1,2,3,1.0,1,3,21.0,3.0406653633176113,10.0,8,9,1,Good,36-45,Medium
0xd2a6,LUDHRES05DEL02,27,4.8,30.905562,75.832841,31.035562,75.962841,1900-01-01 23:45:00,1900-01-01 23:55:00,2,2,2,3,3,1.0,1,3,16.0,19.041522215513627,10.0,23,23,0,Excellent,26-35,Very Long
0x9a21,JAPRES01DEL02,38,4.6,26.90519,75.810753,26.98519,75.890753,1900-01-01 00:00:00,1900-01-01 00:05:00,2,2,1,0,3,1.0,1,1,24.0,11.916994721599234,5.0,0,0,0,Good,36-45,Very Long
0x6532,VADRES15DEL03,29,4.6,0.0,0.0,0.09,0.09,1900-01-01 18:55:00,1900-01-01 19:00:00,0,3,1,0,3,0.0,1,3,35.0,14.15280068944862,5.0,18,19,1,Good,26-35,Very Long
0x912f,BANGRES19DEL03,32,4.8,12.914264,77.6784,12.944264,77.7084,1900-01-01 20:10:00,1900-01-01 20:20:00,4,1,2,2,4,1.0,1,3,17.0,4.65818248829983,10.0,20,20,1,Excellent,26-35,Medium
0xdec1,AURGRES07DEL03,26,4.6,19.875908,75.358888,19.905908,75.388888,1900-01-01 23:55:00,1900-01-01 00:05:00,1,2,1,2,4,0.0,1,3,19.0,4.579042936877916,10.0,23,0,0,Good,26-35,Medium
0xae7d,JAPRES14DEL01,30,4.2,26.88842,75.800689,26.99842,75.910689,1900-01-01 20:55:00,1900-01-01 21:05:00,2,1,1,2,3,1.0,1,1,43.0,16.38598063528554,10.0,20,21,1,Average,26-35,Very Long
0x9417,BANGRES16DEL03,33,4.8,13.029198,77.570997,13.059198,77.600997,1900-01-01 18:15:00,1900-01-01 18:25:00,4,3,2,0,3,1.0,1,3,21.0,4.65713301884333,10.0,18,18,1,Excellent,26-35,Medium
0xaad1,INDORES09DEL01,23,4.7,22.725835,75.887648,22.795835,75.957648,1900-01-01 17:15:00,1900-01-01 17:30:00,3,3,0,0,3,2.0,1,1,36.0,10.587815903448679,15.0,17,17,0,Good,18-25,Very Long
0x5c5d,INDORES02DEL01,22,4.6,22.651847,75.881991,22.721847,75.951991,1900-01-01 22:50:00,1900-01-01 23:00:00,1,2,2,3,4,1.0,1,1,27.0,10.590448391072325,10.0,22,23,0,Good,18-25,Very Long
0x994a,HYDRES05DEL02,36,5.0,17.433809,78.386744,17.563809,78.516744,1900-01-01 19:15:00,1900-01-01 19:20:00,6,1,0,1,3,1.0,1,1,49.0,19.975520086221444,5.0,19,19,1,Excellent,36-45,Very Long
0x2219,HYDRES08DEL02,30,5.0,17.438263,78.397865,17.568263,78.527865,1900-01-01 18:40:00,1900-01-01 18:55:00,0,3,0,3,3,1.0,1,1,37.0,19.975286862388522,15.0,18,18,1,Excellent,26-35,Very Long
0x331a,RANCHIRES04DEL03,21,4.3,23.359033,85.325347,23.389033,85.355347,1900-01-01 21:25:00,1900-01-01 21:30:00,2,1,0,3,3,1.0,1,3,38.0,4.528164580408178,5.0,21,21,1,Average,18-25,Medium
0x2380,SURRES19DEL02,30,4.7,21.149669,72.772629,21.169669,72.792629,1900-01-01 10:50:00,1900-01-01 10:55:00,4,2,2,0,2,0.0,1,1,12.0,3.0408931296411703,5.0,10,10,1,Good,26-35,Medium
0xbf66,KNPRES08DEL01,36,4.9,0.0,0.0,0.04,0.04,1900-01-01 13:00:00,1900-01-01 13:10:00,1,0,0,2,3,1.0,1,1,27.0,6.290134677634678,10.0,13,13,0,Excellent,36-45,Long
0x3069,RANCHIRES11DEL03,21,4.6,23.359194,85.325447,23.389194,85.355447,1900-01-01 19:45:00,1900-01-01 20:00:00,1,1,0,0,3,1.0,1,1,21.0,4.528162065607132,15.0,19,20,1,Good,18-25,Medium
0xd325,KNPRES13DEL01,27,4.2,26.481547,80.299775,26.591547,80.409775,1900-01-01 20:15:00,1900-01-01 20:20:00,0,1,2,1,2,0.0,1,1,38.0,16.41201262107611,5.0,20,20,1,Average,26-35,Very Long
0x93b7,SURRES19DEL01,25,4.6,21.149669,72.772629,21.219669,72.842629,1900-01-01 23:10:00,1900-01-01 23:15:00,3,2,2,0,3,1.0,1,3,19.0,10.64228895373868,5.0,23,23,0,Good,18-25,Very Long
0x6eba,HYDRES12DEL03,29,4.6,17.429585,78.392621,17.519585,78.482621,1900-01-01 17:15:00,1900-01-01 17:25:00,1,3,0,2,3,1.0,1,1,38.0,13.830084721845328,10.0,17,17,0,Good,26-35,Very Long
0x5e41,SURRES05DEL03,36,4.5,21.175104,72.804342,21.265104,72.894342,1900-01-01 18:55:00,1900-01-01 19:00:00,6,3,1,1,3,1.0,1,3,22.0,13.681416111912892,5.0,18,19,1,Good,36-45,Very Long
0x9063,MYSRES19DEL01,38,4.8,12.334022,76.618203,12.344022,76.628203,1900-01-01 09:10:00,1900-01-01 09:15:00,1,2,1,1,3,1.0,1,3,17.0,1.5544772821910615,5.0,9,9,1,Excellent,36-45,Short
0x326f,MUMRES02DEL01,38,4.6,19.221315,72.862381,19.261315,72.902381,1900-01-01 15:10:00,1900-01-01 15:15:00,6,3,2,2,4,1.0,1,1,33.0,6.116971669682334,5.0,15,15,0,Good,36-45,Long
0x3b4d,JAPRES15DEL02,38,4.6,26.891191,75.802083,26.941191,75.852083,1900-01-01 21:55:00,1900-01-01 22:10:00,0,1,0,0,3,1.0,1,3,32.0,7.4489701519330795,15.0,21,22,1,Good,36-45,Long
0x9671,SURRES07DEL02,29,4.8,21.170798,72.790489,21.300798,72.920489,1900-01-01 21:00:00,1900-01-01 21:10:00,3,1,2,1,4,1.0,1,1,29.0,19.76106632827125,10.0,21,21,1,Excellent,26-35,Very Long
0x3ba9,INDORES09DEL03,31,4.5,22.725835,75.887648,22.815835,75.977648,1900-01-01 21:20:00,1900-01-01 21:30:00,4,1,2,2,4,1.0,1,1,24.0,13.61244755449679,10.0,21,21,1,Good,26-35,Very Long
0x56fc,MUMRES13DEL02,27,4.9,19.178321,72.834715,19.308321,72.964715,1900-01-01 18:35:00,1900-01-01 18:45:00,1,3,0,3,3,0.0,1,1,37.0,19.880040740546,10.0,18,18,1,Excellent,26-35,Very Long
0x8ecd,COIMBRES010DEL02,20,4.9,11.003008,76.97544,11.133009,77.10544,1900-01-01 23:40:00,1900-01-01 23:50:00,1,2,0,1,3,0.0,1,1,24.0,20.25378851608599,10.0,23,23,0,Excellent,18-25,Very Long
0x202d,PUNERES08DEL02,29,4.5,18.53408,73.89852,18.61408,73.97852,1900-01-01 20:00:00,1900-01-01 20:05:00,0,1,0,0,3,1.0,2,3,47.0,12.25701219409813,5.0,20,20,1,Good,26-35,Very Long
0xb5bc,VADRES19DEL01,33,4.0,22.311844,73.165081,22.351844,73.205081,1900-01-01 13:55:00,1900-01-01 14:05:00,2,0,0,2,3,1.0,1,1,32.0,6.058844117462931,10.0,13,14,0,Average,26-35,Long
0x6629,HYDRES01DEL02,27,4.8,17.410371,78.437225,17.490371,78.517225,1900-01-01 20:45:00,1900-01-01 21:00:00,4,1,2,2,4,0.0,1,1,21.0,12.294187491090895,15.0,20,21,1,Excellent,26-35,Very Long
0xc33f,DEHRES17DEL01,30,4.9,30.327968,78.046106,30.437968,78.156106,1900-01-01 23:50:00,1900-01-01 23:55:00,2,2,2,1,4,1.0,1,1,17.0,16.153788730846898,5.0,23,23,0,Excellent,26-35,Very Long
0x1551,INDORES010DEL02,20,4.9,22.75004,75.902847,22.88004,76.032847,1900-01-01 23:50:00,1900-01-01 23:55:00,0,2,0,0,3,1.0,1,1,24.0,19.659494006263994,5.0,23,23,0,Excellent,18-25,Very Long
0x30f4,RANCHIRES13DEL03,22,4.7,23.374989,85.335486,23.464989,85.425486,1900-01-01 20:40:00,1900-01-01 20:45:00,1,1,1,2,4,2.0,2,1,39.0,13.582337494192412,5.0,20,20,1,Good,18-25,Very Long
0xa6a9,MYSRES12DEL02,36,5.0,12.284747,76.625861,12.364747,76.705861,1900-01-01 22:55:00,1900-01-01 23:05:00,6,2,1,3,3,1.0,1,1,23.0,12.436148456121032,10.0,22,23,0,Excellent,36-45,Very Long
0x9095,COIMBRES12DEL01,34,5.0,11.000762,76.981876,11.070762,77.051876,1900-01-01 19:25:00,1900-01-01 19:35:00,1,1,1,3,4,0.0,1,1,40.0,10.906432552887628,10.0,19,19,1,Excellent,26-35,Very Long
0x62af,HYDRES18DEL01,24,4.8,17.450851,78.379347,17.490851,78.419347,1900-01-01 12:45:00,1900-01-01 12:55:00,3,0,0,1,3,1.0,1,1,24.0,6.146764727341459,10.0,12,12,0,Excellent,18-25,Long
0xaacc,PUNERES16DEL02,30,4.7,18.536718,73.830327,18.586718,73.880327,1900-01-01 20:10:00,1900-01-01 20:25:00,6,1,0,3,3,2.0,1,1,44.0,7.660895664241821,15.0,20,20,1,Good,26-35,Long
0x143c,RANCHIRES11DEL01,37,4.6,23.359194,85.325447,23.369194,85.335447,1900-01-01 10:40:00,1900-01-01 10:55:00,1,2,2,2,3,1.0,1,3,17.0,1.509439424217718,15.0,10,10,1,Good,36-45,Short
0xbae8,MUMRES07DEL01,20,4.8,19.091458,72.827808,19.101458,72.837808,1900-01-01 11:35:00,1900-01-01 11:50:00,0,0,0,0,3,0.0,1,1,27.0,1.5298767913547426,15.0,11,11,0,Excellent,18-25,Short
0x2918,MYSRES09DEL02,32,4.5,12.323194,76.630583,12.453194,76.760583,1900-01-01 22:35:00,1900-01-01 22:50:00,6,2,0,0,3,0.0,1,1,28.0,20.20634606758301,15.0,22,22,0,Good,26-35,Very Long
0xb40e,COIMBRES08DEL01,29,4.7,11.001852,76.976268,11.111852,77.086268,1900-01-01 20:35:00,1900-01-01 20:40:00,6,1,1,3,3,1.0,1,3,24.0,17.138074588551884,5.0,20,20,1,Good,26-35,Very Long
0xc848,BHPRES15DEL03,27,4.3,23.234249,77.434007,23.264249,77.464007,1900-01-01 21:45:00,1900-01-01 21:50:00,2,1,0,3,3,1.0,1,1,35.0,4.530109268846602,5.0,21,21,1,Average,26-35,Medium
0x967e,HYDRES16DEL01,22,4.9,17.440827,78.393391,17.450827,78.403391,1900-01-01 10:55:00,1900-01-01 11:10:00,0,2,1,2,4,1.0,1,1,12.0,1.5367917694809952,15.0,10,11,1,Excellent,18-25,Short
0x1013,COIMBRES03DEL01,28,4.9,11.025083,77.015393,11.135083,77.125393,1900-01-01 19:45:00,1900-01-01 20:00:00,3,1,0,2,3,1.0,1,1,26.0,17.137407700371956,15.0,19,20,1,Excellent,26-35,Very Long
0x640d,MYSRES09DEL02,20,4.8,12.323194,76.630583,12.373194,76.680583,1900-01-01 23:10:00,1900-01-01 23:25:00,3,2,2,3,4,0.0,1,3,10.0,7.772253320446165,15.0,23,23,0,Excellent,18-25,Long
0x152e,VADRES02DEL02,25,5.0,0.0,0.0,0.13,0.13,1900-01-01 19:50:00,1900-01-01 20:00:00,3,1,1,3,4,1.0,1,3,27.0,20.44292976252901,10.0,19,20,1,Excellent,18-25,Very Long
0x3208,JAPRES20DEL03,20,4.7,26.956431,75.776649,27.046431,75.866649,1900-01-01 22:55:00,1900-01-01 23:05:00,0,2,1,2,4,1.0,1,3,29.0,13.403654333869838,10.0,22,23,0,Good,18-25,Very Long
0x5971,RANCHIRES05DEL02,27,4.8,23.355164,85.324097,23.375164,85.344097,1900-01-01 11:20:00,1900-01-01 11:30:00,3,0,2,1,4,1.0,1,3,17.0,3.0188687420087144,10.0,11,11,0,Excellent,26-35,Medium
0x857f,JAPRES08DEL02,39,5.0,26.910262,75.783013,27.040262,75.913013,1900-01-01 21:55:00,1900-01-01 22:05:00,0,1,0,1,3,3.0,1,2,53.0,19.362825446415226,10.0,21,22,1,Excellent,36-45,Very Long
0xdfb6,KNPRES16DEL01,32,4.7,26.482581,80.315628,26.552581,80.385628,1900-01-01 18:50:00,1900-01-01 19:05:00,2,3,2,2,4,1.0,1,1,22.0,10.44477615516592,15.0,18,19,1,Good,26-35,Very Long
0xc222,GOARES16DEL02,31,4.5,15.498603,73.826911,15.548603,73.876911,1900-01-01 23:45:00,1900-01-01 23:55:00,2,2,0,0,3,0.0,1,1,25.0,7.720586657032256,10.0,23,23,0,Good,26-35,Long
0x6625,MYSRES08DEL01,24,4.4,12.297954,76.665169,12.367954,76.735169,1900-01-01 17:45:00,1900-01-01 18:00:00,2,3,0,3,3,0.0,1,1,35.0,10.881463659821872,15.0,17,18,0,Average,18-25,Very Long
0xc60f,AURGRES15DEL02,33,4.3,19.878028,75.317475,20.008028,75.447475,1900-01-01 19:10:00,1900-01-01 19:15:00,0,1,2,1,2,0.0,1,1,41.0,19.839448163880707,5.0,19,19,1,Average,26-35,Very Long
0x333d,RANCHIRES04DEL03,24,4.7,23.359033,85.325347,23.449033,85.415347,1900-01-01 22:20:00,1900-01-01 22:25:00,1,2,0,2,3,1.0,1,4,21.0,13.58308621493501,5.0,22,22,0,Good,18-25,Very Long
0x1404,BANGRES11DEL02,37,4.7,12.934365,77.616155,12.984365,77.666155,1900-01-01 18:45:00,1900-01-01 18:50:00,3,3,1,3,3,1.0,1,3,25.0,7.763180727989779,5.0,18,18,1,Good,36-45,Long
0xc4e,PUNERES17DEL03,21,4.6,18.530963,73.828972,18.590963,73.888972,1900-01-01 19:25:00,1900-01-01 19:35:00,4,1,2,3,3,0.0,1,3,17.0,9.193093962702912,10.0,19,19,1,Good,18-25,Long
0x419c,RANCHIRES06DEL01,28,4.7,23.357804,85.325146,23.397804,85.365146,1900-01-01 12:40:00,1900-01-01 12:55:00,2,0,0,3,3,0.0,1,3,38.0,6.037474189824093,15.0,12,12,0,Good,26-35,Long
0x25fe,RANCHIRES18DEL01,39,4.1,23.351489,85.324253,23.461489,85.434253,1900-01-01 21:40:00,1900-01-01 21:55:00,3,1,0,0,3,1.0,1,1,47.0,16.601408334261674,15.0,21,21,1,Average,36-45,Very Long
0x42a8,RANCHIRES07DEL01,31,4.6,23.359407,85.325055,23.399407,85.365055,1900-01-01 15:25:00,1900-01-01 15:35:00,0,3,2,3,4,1.0,1,1,17.0,6.037440799484659,10.0,15,15,0,Good,26-35,Long
0x9d17,PUNERES16DEL01,38,4.6,18.536718,73.830327,18.646718,73.940327,1900-01-01 23:25:00,1900-01-01 23:30:00,4,2,1,3,3,0.0,1,1,26.0,16.85256546543028,5.0,23,23,0,Good,36-45,Very Long
0xc511,DEHRES06DEL02,26,4.7,30.361281,78.068022,30.441281,78.148022,1900-01-01 17:10:00,1900-01-01 17:15:00,1,3,2,3,4,0.0,1,1,35.0,11.74727128400586,5.0,17,17,0,Good,26-35,Very Long
0x42c1,PUNERES15DEL01,28,5.0,18.636215,73.751081,18.646215,73.761081,1900-01-01 09:15:00,1900-01-01 09:30:00,0,2,0,1,3,1.0,1,1,19.0,1.5318406299867455,15.0,9,9,1,Excellent,26-35,Short
0xc423,KNPRES18DEL02,39,4.8,26.474133,80.3481,26.494133,80.3681,1900-01-01 10:55:00,1900-01-01 11:10:00,1,2,1,2,3,1.0,1,3,18.0,2.984608225622922,15.0,10,11,1,Excellent,36-45,Medium
0x7776,MYSRES11DEL01,20,4.9,12.323225,76.630028,12.363225,76.670028,1900-01-01 14:00:00,1900-01-01 14:10:00,6,0,0,1,3,1.0,1,1,31.0,6.217860329667253,10.0,14,14,0,Excellent,18-25,Long
0x3f06,MUMRES04DEL02,31,4.8,19.254567,72.848923,19.274567,72.868923,1900-01-01 09:00:00,1900-01-01 09:05:00,6,2,2,3,4,1.0,1,1,20.0,3.0582815752499948,5.0,9,9,1,Excellent,26-35,Medium
0xc195,KNPRES15DEL03,36,4.9,26.482419,80.320939,26.512419,80.350939,1900-01-01 17:10:00,1900-01-01 17:15:00,2,3,0,3,3,1.0,1,1,39.0,4.4766822068479915,5.0,17,17,0,Excellent,36-45,Medium
0x2083,BANGRES07DEL03,29,4.6,12.978453,77.643685,13.008453,77.673685,1900-01-01 18:15:00,1900-01-01 18:25:00,0,3,2,0,4,0.0,1,3,14.0,4.657597469270872,10.0,18,18,1,Good,26-35,Medium
0xdeb7,AGRRES03DEL03,30,4.5,27.160832,78.011608,27.220832,78.071608,1900-01-01 17:25:00,1900-01-01 17:40:00,4,3,1,1,3,1.0,1,1,23.0,8.929090496038414,15.0,17,17,0,Good,26-35,Long
0x2bfd,PUNERES010DEL02,30,4.2,18.539299,73.897902,18.559299,73.917902,1900-01-01 10:15:00,1900-01-01 10:20:00,2,2,0,1,3,0.0,1,3,26.0,3.0644638558352577,5.0,10,10,1,Average,26-35,Medium
0x811c,MUMRES17DEL01,21,4.7,19.121999,72.908493,19.231999,73.018493,1900-01-01 22:55:00,1900-01-01 23:00:00,2,2,0,1,3,1.0,1,1,15.0,16.824772113250837,5.0,22,23,0,Good,18-25,Very Long
0x7939,SURRES16DEL01,38,4.5,21.160437,72.774209,21.270437,72.884209,1900-01-01 21:35:00,1900-01-01 21:40:00,2,1,1,0,3,1.0,1,1,43.0,16.721976048741215,5.0,21,21,1,Good,36-45,Very Long
0xbc89,SURRES17DEL01,32,4.8,21.149569,72.772697,21.189569,72.812697,1900-01-01 15:25:00,1900-01-01 15:30:00,3,3,0,2,3,1.0,1,1,28.0,6.081596950437154,5.0,15,15,0,Excellent,26-35,Long
0x7e2f,RANCHIRES17DEL01,31,5.0,23.374878,85.335739,23.384878,85.345739,1900-01-01 10:45:00,1900-01-01 10:55:00,4,2,1,1,4,1.0,1,3,13.0,1.5093577696337532,10.0,10,10,1,Excellent,26-35,Short
0x5be6,MYSRES13DEL02,22,4.5,12.310972,76.659264,12.390972,76.739264,1900-01-01 20:40:00,1900-01-01 20:55:00,1,1,0,3,3,1.0,1,1,47.0,12.435540495461442,15.0,20,20,1,Good,18-25,Very Long
0x9b8e,HYDRES12DEL03,25,4.8,17.429585,78.392621,17.519585,78.482621,1900-01-01 20:20:00,1900-01-01 20:35:00,6,1,1,1,3,0.0,1,3,18.0,13.830084721845328,15.0,20,20,1,Excellent,18-25,Very Long
0xd147,BHPRES19DEL02,31,4.6,0.0,0.0,0.02,0.02,1900-01-01 11:30:00,1900-01-01 11:40:00,4,0,2,1,2,0.0,1,1,17.0,3.145067434621583,10.0,11,11,0,Good,26-35,Medium
0x6733,BANGRES12DEL01,36,4.2,12.939496,77.625999,12.949496,77.635999,1900-01-01 09:15:00,1900-01-01 09:30:00,6,2,0,1,3,0.0,1,1,30.0,1.5526813140972442,15.0,9,9,1,Average,36-45,Short
0xc418,GOARES14DEL03,20,4.7,15.157944,73.950889,15.217944,74.010889,1900-01-01 22:45:00,1900-01-01 22:55:00,0,2,1,3,3,0.0,1,3,11.0,9.271888389475569,10.0,22,22,0,Good,18-25,Long
0x3bc8,VADRES010DEL03,30,4.8,22.310329,73.169083,22.370329,73.229083,1900-01-01 20:10:00,1900-01-01 20:15:00,1,1,2,3,4,1.0,1,1,35.0,9.088011034370513,5.0,20,20,1,Excellent,26-35,Long
0x8a6f,JAPRES14DEL02,36,4.8,26.88842,75.800689,26.93842,75.850689,1900-01-01 22:30:00,1900-01-01 22:35:00,6,2,1,0,3,1.0,1,1,26.0,7.449051156906713,5.0,22,22,0,Excellent,36-45,Long
0x20c6,RANCHIRES18DEL01,27,4.7,23.351489,85.324253,23.391489,85.364253,1900-01-01 16:10:00,1900-01-01 16:15:00,4,3,0,3,3,0.0,1,1,21.0,6.037605711784208,5.0,16,16,0,Good,26-35,Long
0xc91a,AURGRES18DEL03,33,3.9,19.888716,75.321461,19.978716,75.411461,1900-01-01 21:50:00,1900-01-01 22:00:00,2,1,1,2,4,1.0,1,1,43.0,13.735383556628708,10.0,21,22,1,Average,26-35,Very Long
0x4679,MUMRES07DEL02,31,4.9,19.091458,72.827808,19.221458,72.957808,1900-01-01 23:40:00,1900-01-01 23:55:00,4,2,0,1,3,0.0,1,1,21.0,19.884989093916975,15.0,23,23,0,Excellent,26-35,Very Long
0x843b,COIMBRES06DEL02,37,3.8,11.021278,76.995017,11.151278,77.125017,1900-01-01 20:20:00,1900-01-01 20:35:00,3,1,1,1,3,1.0,1,1,32.0,20.253088868519526,15.0,20,20,1,Average,36-45,Very Long
0x2591,INDORES06DEL02,31,4.9,22.728163,75.884212,22.778163,75.934212,1900-01-01 21:15:00,1900-01-01 21:30:00,6,1,1,3,4,0.0,1,1,31.0,7.562921044749782,15.0,21,21,1,Excellent,26-35,Long
0x4063,PUNERES13DEL03,30,4.4,18.56245,73.916619,18.62245,73.976619,1900-01-01 19:25:00,1900-01-01 19:40:00,0,1,0,2,3,1.0,1,1,32.0,9.192290417405088,15.0,19,19,1,Average,26-35,Long
0x6435,COIMBRES07DEL03,27,4.0,10.96185,76.971082,10.99185,77.001082,1900-01-01 19:50:00,1900-01-01 20:05:00,1,1,1,1,4,2.0,1,1,34.0,4.674644234401863,15.0,19,20,1,Average,26-35,Medium
0xaf8a,SURRES13DEL02,39,4.1,21.170096,72.789122,21.300096,72.919122,1900-01-01 22:00:00,1900-01-01 22:05:00,6,1,0,1,3,1.0,1,3,37.0,19.761110067714096,5.0,22,22,0,Average,36-45,Very Long
0x88c6,MUMRES05DEL02,36,4.9,18.927584,72.832585,18.947584,72.852585,1900-01-01 08:45:00,1900-01-01 08:55:00,6,2,1,3,3,1.0,1,3,22.0,3.0611340136861775,10.0,8,8,1,Excellent,36-45,Medium
0x19a2,RANCHIRES06DEL03,23,5.0,23.357804,85.325146,23.417804,85.385146,1900-01-01 17:10:00,1900-01-01 17:25:00,3,3,0,0,3,1.0,1,1,26.0,9.055898607912091,15.0,17,17,0,Excellent,18-25,Long
0x72ef,CHENRES15DEL03,35,5.0,13.026286,80.275235,13.056286,80.305235,1900-01-01 22:45:00,1900-01-01 23:00:00,3,2,1,3,4,1.0,1,1,21.0,4.657159718107683,15.0,22,23,0,Excellent,26-35,Medium
0xf39,MYSRES01DEL01,24,4.8,12.311072,76.654878,12.321072,76.664878,1900-01-01 10:25:00,1900-01-01 10:30:00,6,2,2,2,4,0.0,1,1,14.0,1.5545437335214782,5.0,10,10,1,Excellent,18-25,Short
0x94b6,BANGRES08DEL02,31,4.5,12.906229,77.596791,12.986229,77.676791,1900-01-01 22:30:00,1900-01-01 22:40:00,0,2,1,0,4,1.0,1,1,36.0,12.421407858787804,10.0,22,22,0,Good,26-35,Very Long
0x2f16,RANCHIRES05DEL03,26,4.8,23.355164,85.324097,23.445164,85.414097,1900-01-01 22:45:00,1900-01-01 22:50:00,4,2,0,3,3,1.0,1,1,29.0,13.583267699065033,5.0,22,22,0,Excellent,26-35,Very Long
0x4ba0,MUMRES03DEL01,39,4.8,19.22384,72.841347,19.26384,72.881347,1900-01-01 13:40:00,1900-01-01 13:45:00,4,0,0,0,3,1.0,1,1,23.0,6.116927321899057,5.0,13,13,0,Excellent,36-45,Long
0xcb52,AURGRES15DEL03,21,4.4,19.878028,75.317475,19.908028,75.347475,1900-01-01 22:55:00,1900-01-01 23:05:00,2,2,0,3,3,1.0,1,1,27.0,4.5790141674924385,10.0,22,23,0,Average,18-25,Medium
0x7b35,VADRES08DEL01,31,4.6,0.0,0.0,0.07,0.07,1900-01-01 20:45:00,1900-01-01 20:50:00,4,1,1,0,4,0.0,1,1,18.0,11.007734763744619,5.0,20,20,1,Good,26-35,Very Long
0x76e,PUNERES05DEL02,30,4.7,18.543626,73.905101,18.563626,73.925101,1900-01-01 08:55:00,1900-01-01 09:00:00,3,2,2,2,3,1.0,1,3,15.0,3.0644270930248725,5.0,8,9,1,Good,26-35,Medium
0x6156,JAPRES010DEL03,35,4.9,26.921411,75.793604,27.011411,75.883604,1900-01-01 21:30:00,1900-01-01 21:45:00,1,1,2,1,4,1.0,1,1,43.0,13.405500819756533,15.0,21,21,1,Excellent,26-35,Very Long
0x4ae7,SURRES02DEL03,28,4.9,21.186608,72.794136,21.216608,72.824136,1900-01-01 18:55:00,1900-01-01 19:10:00,0,3,1,2,3,0.0,1,3,12.0,4.560738018710785,15.0,18,19,1,Excellent,26-35,Medium
0x8a2b,CHENRES18DEL03,22,4.9,12.981615,80.231598,13.041615,80.291598,1900-01-01 20:15:00,1900-01-01 20:25:00,0,1,0,1,3,0.0,1,1,26.0,9.314862687658115,10.0,20,20,1,Excellent,18-25,Long
0x9198,RANCHIRES14DEL03,32,4.7,0.0,0.0,0.09,0.09,1900-01-01 19:25:00,1900-01-01 19:40:00,1,1,0,2,3,1.0,1,1,47.0,14.15280068944862,15.0,19,19,1,Good,26-35,Very Long
0xca74,AGRRES09DEL01,30,4.5,0.0,0.0,0.01,0.01,1900-01-01 08:50:00,1900-01-01 09:05:00,3,2,1,1,3,1.0,1,1,26.0,1.5725337292863206,15.0,8,9,1,Good,26-35,Short
0x4bea,MYSRES11DEL01,31,3.5,12.323225,76.630028,12.393225,76.700028,1900-01-01 21:30:00,1900-01-01 21:40:00,6,1,2,0,2,1.0,1,1,32.0,10.88095073745098,10.0,21,21,1,Average,26-35,Very Long
0xd744,ALHRES16DEL03,23,4.9,25.450377,81.834236,25.590377,81.974236,1900-01-01 22:35:00,1900-01-01 22:45:00,1,2,0,0,3,0.0,1,3,22.0,20.9689888507192,10.0,22,22,0,Excellent,18-25,Very Long
0xd81e,LUDHRES06DEL02,22,4.7,30.895204,75.822103,30.945204,75.872103,1900-01-01 18:35:00,1900-01-01 18:45:00,2,3,1,2,4,1.0,1,1,22.0,7.325299567377126,10.0,18,18,1,Good,18-25,Long
0xca4b,BHPRES08DEL02,32,4.9,23.232537,77.429845,23.282537,77.479845,1900-01-01 17:10:00,1900-01-01 17:15:00,6,3,2,2,3,0.0,1,1,27.0,7.549967178616325,5.0,17,17,0,Excellent,26-35,Long
0x9d58,BANGRES13DEL03,34,4.4,12.935662,77.61413,12.965662,77.64413,1900-01-01 18:10:00,1900-01-01 18:25:00,0,3,0,1,3,1.0,1,1,34.0,4.657987774595948,15.0,18,18,1,Average,26-35,Medium
0xa892,INDORES07DEL03,36,4.9,22.722634,75.886959,22.782634,75.946959,1900-01-01 22:10:00,1900-01-01 22:15:00,4,2,2,2,2,1.0,1,1,18.0,9.075521306663484,5.0,22,22,0,Excellent,36-45,Long
0x34f4,COIMBRES15DEL02,28,4.6,11.006686,76.951736,11.056686,77.001736,1900-01-01 19:15:00,1900-01-01 19:30:00,0,1,2,3,4,0.0,1,1,21.0,7.79036212453358,15.0,19,19,1,Good,26-35,Long
0x3f86,MYSRES13DEL01,21,4.9,12.310972,76.659264,12.420972,76.769264,1900-01-01 20:50:00,1900-01-01 20:55:00,3,1,2,1,4,1.0,1,1,21.0,17.09838855662463,5.0,20,20,1,Excellent,18-25,Very Long
0x4cbf,HYDRES03DEL01,27,4.8,17.422819,78.449578,17.532819,78.559578,1900-01-01 23:40:00,1900-01-01 23:45:00,3,2,2,0,3,1.0,1,3,15.0,16.9032932130662,5.0,23,23,0,Excellent,26-35,Very Long
0x9a6e,HYDRES19DEL02,37,4.6,17.458998,78.500366,17.478998,78.520366,1900-01-01 09:50:00,1900-01-01 10:00:00,6,2,2,2,2,1.0,1,1,22.0,3.0733972976360437,10.0,9,10,1,Good,36-45,Medium
0x1ac7,SURRES14DEL02,20,4.6,21.157729,72.768726,21.237729,72.848726,1900-01-01 20:40:00,1900-01-01 20:45:00,3,1,1,2,4,1.0,1,3,16.0,12.162115936702182,5.0,20,20,1,Good,18-25,Very Long
0x373b,VADRES02DEL01,28,4.1,0.0,0.0,0.04,0.04,1900-01-01 14:50:00,1900-01-01 15:00:00,4,0,0,0,3,3.0,2,2,53.0,6.290134677634678,10.0,14,15,0,Average,26-35,Long
0x98ea,INDORES05DEL03,36,5.0,22.727021,75.884167,22.817021,75.974167,1900-01-01 19:25:00,1900-01-01 19:40:00,2,1,2,2,3,1.0,1,1,27.0,13.612393202818852,15.0,19,19,1,Excellent,36-45,Very Long
0x3b81,VADRES01DEL01,36,4.9,22.307898,73.167788,22.377898,73.237788,1900-01-01 21:25:00,1900-01-01 21:35:00,0,1,0,1,3,1.0,1,1,44.0,10.602589325657691,10.0,21,21,1,Excellent,36-45,Very Long
0x5a3f,MYSRES12DEL02,34,4.7,12.284747,76.625861,12.364747,76.705861,1900-01-01 23:35:00,1900-01-01 23:45:00,4,2,0,3,3,1.0,1,1,30.0,12.436148456121032,10.0,23,23,0,Good,26-35,Very Long
0x78ef,INDORES14DEL01,31,4.0,22.761593,75.886362,22.801593,75.926362,1900-01-01 16:35:00,1900-01-01 16:50:00,3,3,1,1,3,1.0,1,1,31.0,6.04975791889521,15.0,16,16,0,Average,26-35,Long
0xa312,BANGRES05DEL01,38,4.8,12.970324,77.645748,13.080324,77.755748,1900-01-01 21:35:00,1900-01-01 21:50:00,3,1,0,3,3,2.0,1,1,39.0,17.0767871164594,15.0,21,21,1,Excellent,36-45,Very Long
0x73d2,BANGRES01DEL03,22,4.9,12.933284,77.615428,12.993284,77.675428,1900-01-01 21:00:00,1900-01-01 21:05:00,2,1,1,2,3,1.0,1,3,23.0,9.315745361545886,5.0,21,21,1,Excellent,18-25,Long
0xab7a,JAPRES02DEL02,35,4.1,26.914142,75.805704,27.044142,75.935704,1900-01-01 20:30:00,1900-01-01 20:40:00,3,1,0,0,3,1.0,1,1,40.0,19.362530001074912,10.0,20,20,1,Average,26-35,Very Long
0x1846,PUNERES06DEL02,29,4.7,18.546258,73.904337,18.626258,73.984337,1900-01-01 19:15:00,1900-01-01 19:20:00,1,1,0,0,3,1.0,1,1,47.0,12.25659774869038,5.0,19,19,1,Good,26-35,Very Long
0x3f77,SURRES17DEL01,26,4.8,21.149569,72.772697,21.219569,72.842697,1900-01-01 21:55:00,1900-01-01 22:05:00,3,1,0,3,3,1.0,1,1,37.0,10.642292301678435,10.0,21,22,1,Excellent,26-35,Very Long
0x421a,RANCHIRES01DEL03,34,4.1,23.416792,85.316842,23.476792,85.376842,1900-01-01 21:00:00,1900-01-01 21:15:00,6,1,2,2,4,1.0,1,1,32.0,9.054052950169499,15.0,21,21,1,Average,26-35,Long
0xb143,RANCHIRES13DEL03,24,4.6,23.374989,85.335486,23.434989,85.395486,1900-01-01 22:35:00,1900-01-01 22:45:00,4,2,0,0,3,0.0,1,1,18.0,9.055361318453961,10.0,22,22,0,Good,18-25,Long
0x4858,BANGRES02DEL01,39,4.6,12.970221,77.645396,13.040221,77.715396,1900-01-01 18:35:00,1900-01-01 18:50:00,4,3,1,1,3,1.0,1,1,22.0,10.867476143445908,15.0,18,18,1,Good,36-45,Very Long
0xba58,CHENRES01DEL03,23,4.3,13.005801,80.250744,13.065801,80.310744,1900-01-01 22:15:00,1900-01-01 22:20:00,3,2,0,0,3,0.0,1,1,26.0,9.314419797615273,5.0,22,22,0,Average,18-25,Long
0x8118,JAPRES17DEL01,33,4.0,26.892312,75.806896,26.962312,75.876896,1900-01-01 17:10:00,1900-01-01 17:15:00,1,3,2,3,4,0.0,1,1,43.0,10.428102699087153,5.0,17,17,0,Average,26-35,Very Long
0xd49d,KNPRES12DEL03,26,5.0,26.492106,80.327797,26.522106,80.357797,1900-01-01 17:40:00,1900-01-01 17:50:00,2,3,0,1,3,1.0,1,1,27.0,4.476514374571238,10.0,17,17,0,Excellent,26-35,Medium
0x8a54,INDORES12DEL02,27,4.9,22.74806,75.8934,22.82806,75.9734,1900-01-01 23:55:00,1900-01-01 00:10:00,4,2,1,1,4,0.0,1,1,26.0,12.099251698246315,15.0,23,0,0,Excellent,26-35,Very Long
0xd618,KOCRES05DEL02,27,4.9,9.970717,76.285447,9.990717,76.305447,1900-01-01 08:40:00,1900-01-01 08:45:00,1,2,2,0,4,0.0,1,1,14.0,3.1213596766572995,5.0,8,8,1,Excellent,26-35,Medium
0xb3d3,MUMRES20DEL03,28,3.8,19.103249,72.846749,19.163249,72.906749,1900-01-01 19:50:00,1900-01-01 20:00:00,4,1,0,3,3,1.0,2,1,46.0,9.178296996538572,10.0,19,20,1,Average,26-35,Long
0x5c00,MYSRES09DEL02,38,4.6,12.323194,76.630583,12.343194,76.650583,1900-01-01 10:40:00,1900-01-01 10:45:00,3,2,1,3,4,1.0,1,1,26.0,3.1089883297657854,5.0,10,10,1,Good,36-45,Medium
0xac10,MUMRES010DEL03,24,4.9,19.003517,72.82765,19.093517,72.91765,1900-01-01 19:35:00,1900-01-01 19:45:00,6,1,2,0,4,1.0,1,3,28.0,13.77076958377127,10.0,19,19,1,Excellent,18-25,Very Long
0x20b8,RANCHIRES16DEL01,32,4.9,23.371292,85.327872,23.381292,85.337872,1900-01-01 09:40:00,1900-01-01 09:50:00,0,2,1,1,3,0.0,1,3,15.0,1.5093764432901144,10.0,9,9,1,Excellent,26-35,Short
0xcefc,ALHRES09DEL03,28,4.9,0.0,0.0,0.06,0.06,1900-01-01 22:30:00,1900-01-01 22:40:00,6,2,2,0,3,1.0,1,3,18.0,9.435201537430713,10.0,22,22,0,Excellent,26-35,Long
0xa204,RANCHIRES18DEL01,33,4.3,23.351489,85.324253,23.391489,85.364253,1900-01-01 12:15:00,1900-01-01 12:25:00,3,0,0,2,3,1.0,1,1,33.0,6.037605711784208,10.0,12,12,0,Average,26-35,Long
0xe38,JAPRES09DEL02,35,4.7,26.911378,75.789034,26.991378,75.869034,1900-01-01 21:00:00,1900-01-01 21:10:00,1,1,0,0,3,1.0,1,1,50.0,11.916705005077658,10.0,21,21,1,Good,26-35,Very Long
0xa28e,COIMBRES20DEL03,21,4.7,10.994136,76.963303,11.054136,77.023303,1900-01-01 19:15:00,1900-01-01 19:20:00,2,1,1,2,4,1.0,1,3,25.0,9.348552276072713,5.0,19,19,1,Good,18-25,Long
0x4229,INDORES06DEL01,38,4.3,22.728163,75.884212,22.838163,75.994212,1900-01-01 21:30:00,1900-01-01 21:45:00,6,1,0,3,3,2.0,1,1,53.0,16.636744591831217,15.0,21,21,1,Average,36-45,Very Long
0x793f,HYDRES16DEL02,37,4.9,17.440827,78.393391,17.490827,78.443391,1900-01-01 19:35:00,1900-01-01 19:40:00,4,1,0,2,3,1.0,1,1,27.0,7.683556858430526,5.0,19,19,1,Excellent,36-45,Long
0x4737,JAPRES11DEL03,31,4.8,26.90294,75.793007,26.93294,75.823007,1900-01-01 23:55:00,1900-01-01 00:10:00,1,2,2,2,4,1.0,1,1,16.0,4.469351491411031,15.0,23,0,0,Excellent,26-35,Medium
0x1620,INDORES04DEL01,27,5.0,22.753659,75.903365,22.793659,75.943365,1900-01-01 14:55:00,1900-01-01 15:10:00,0,0,0,2,3,1.0,1,1,29.0,6.049919555217586,15.0,14,15,0,Excellent,26-35,Long
0xc8ef,GOARES15DEL03,39,4.8,15.51315,73.78346,15.54315,73.81346,1900-01-01 22:45:00,1900-01-01 23:00:00,4,2,1,3,4,1.0,1,1,19.0,4.632302885852554,15.0,22,23,0,Excellent,36-45,Medium
0x3a65,SURRES03DEL02,36,4.1,21.186884,72.793616,21.266884,72.873616,1900-01-01 23:45:00,1900-01-01 23:55:00,1,2,0,1,3,1.0,1,1,39.0,12.160999124282084,10.0,23,23,0,Average,36-45,Very Long
0x91fc,INDORES06DEL02,39,4.9,22.728163,75.884212,22.808163,75.964212,1900-01-01 19:45:00,1900-01-01 19:55:00,4,1,1,3,3,1.0,1,1,22.0,12.100062421152574,10.0,19,19,1,Excellent,36-45,Very Long
0x913,PUNERES07DEL02,25,4.8,18.546947,73.900626,18.596947,73.950626,1900-01-01 18:10:00,1900-01-01 18:25:00,2,3,0,1,3,1.0,1,1,25.0,7.660678233235288,15.0,18,18,1,Excellent,18-25,Long
0x4e92,COIMBRES11DEL02,22,4.9,11.001753,76.986241,11.051753,77.036241,1900-01-01 17:10:00,1900-01-01 17:20:00,6,3,0,3,3,1.0,1,1,20.0,7.790426271963797,10.0,17,17,0,Excellent,18-25,Long
0x25aa,RANCHIRES17DEL02,32,4.9,23.374878,85.335739,23.424878,85.385739,1900-01-01 17:45:00,1900-01-01 18:00:00,1,3,0,3,3,1.0,1,1,28.0,7.546267706957737,15.0,17,18,0,Excellent,26-35,Long
0x37bb,SURRES03DEL01,30,4.7,21.186884,72.793616,21.256884,72.863616,1900-01-01 17:55:00,1900-01-01 18:05:00,6,3,0,0,3,0.0,1,1,44.0,10.641042055468692,10.0,17,18,0,Good,26-35,Very Long
0x2a28,JAPRES02DEL03,33,4.7,26.914142,75.805704,27.004142,75.895704,1900-01-01 21:55:00,1900-01-01 22:00:00,1,1,1,0,3,0.0,1,3,35.0,13.405883851779583,5.0,21,22,1,Good,26-35,Very Long
0x9d7b,JAPRES17DEL02,36,4.9,26.892312,75.806896,26.942312,75.856896,1900-01-01 21:15:00,1900-01-01 21:30:00,6,1,2,1,4,1.0,1,1,32.0,7.448937379729502,15.0,21,21,1,Excellent,36-45,Long
0x578c,MUMRES19DEL03,24,4.8,19.131141,72.813074,19.16114,72.843074,1900-01-01 18:55:00,1900-01-01 19:00:00,3,3,0,2,3,1.0,1,1,24.0,4.588898780683796,5.0,18,19,1,Excellent,18-25,Medium
0x3162,SURRES12DEL03,24,4.7,21.183434,72.814492,21.213434,72.844492,1900-01-01 18:10:00,1900-01-01 18:15:00,0,3,2,0,4,0.0,1,4,12.0,4.560783589287684,5.0,18,18,1,Good,18-25,Medium
0xd7ce,KOCRES01DEL03,37,4.2,9.979363,76.285001,10.039363,76.345001,1900-01-01 23:00:00,1900-01-01 23:15:00,6,2,0,0,3,0.0,1,1,34.0,9.363672588462148,15.0,23,23,0,Average,36-45,Long
0x15bc,MUMRES07DEL03,25,5.0,19.091458,72.827808,19.151458,72.887808,1900-01-01 19:55:00,1900-01-01 20:00:00,6,1,1,2,4,1.0,1,3,29.0,9.17860595704086,5.0,19,20,1,Excellent,18-25,Long
0x8564,VADRES13DEL02,21,4.5,22.310237,73.158921,22.330237,73.178921,1900-01-01 12:00:00,1900-01-01 12:15:00,1,0,1,3,4,0.0,1,1,29.0,3.0295383085102507,15.0,12,12,0,Good,18-25,Medium
0xbab8,COIMBRES12DEL02,21,4.6,11.000762,76.981876,11.050762,77.031876,1900-01-01 22:20:00,1900-01-01 22:25:00,1,2,0,0,3,0.0,1,1,24.0,7.790439155314363,5.0,22,22,0,Good,18-25,Long
0x3061,HYDRES17DEL03,26,4.8,17.451976,78.385883,17.541976,78.475883,1900-01-01 19:30:00,1900-01-01 19:35:00,0,1,0,3,3,1.0,1,1,37.0,13.829273672567021,5.0,19,19,1,Excellent,26-35,Very Long
0xb53c,JAPRES04DEL03,38,4.9,26.902328,75.794257,26.962328,75.854257,1900-01-01 00:00:00,1900-01-01 00:10:00,3,2,1,0,4,0.0,1,1,29.0,8.938197833558919,10.0,0,0,0,Excellent,36-45,Long
0xbdce,BANGRES04DEL03,33,3.8,12.98041,77.640489,13.07041,77.730489,1900-01-01 18:45:00,1900-01-01 18:50:00,3,3,1,2,3,2.0,1,3,37.0,13.97191478756942,5.0,18,18,1,Average,26-35,Very Long
0xac8e,PUNERES16DEL01,35,4.3,18.536718,73.830327,18.576718,73.870328,1900-01-01 16:40:00,1900-01-01 16:55:00,2,3,1,1,3,1.0,1,1,33.0,6.1288740968464825,15.0,16,16,0,Average,26-35,Long
0x1465,COIMBRES19DEL03,21,4.6,11.022298,76.998349,11.052298,77.028349,1900-01-01 20:35:00,1900-01-01 20:40:00,1,1,0,2,3,1.0,1,1,25.0,4.674173521866281,5.0,20,20,1,Good,18-25,Medium
0xb60,MUMRES010DEL03,27,4.6,19.003517,72.82765,19.033517,72.85765,1900-01-01 19:55:00,1900-01-01 20:00:00,1,1,0,0,3,0.0,1,4,20.0,4.590648124312415,5.0,19,20,1,Good,26-35,Medium
0x2b2a,SURRES09DEL03,33,4.7,21.175975,72.795503,21.205975,72.825503,1900-01-01 22:50:00,1900-01-01 23:00:00,3,2,1,2,4,1.0,1,1,25.0,4.560890658020926,10.0,22,23,0,Good,26-35,Medium
0x3b85,PUNERES05DEL03,25,4.6,18.543626,73.905101,18.603626,73.965101,1900-01-01 21:35:00,1900-01-01 21:45:00,0,1,0,1,3,1.0,1,1,27.0,9.192770952683546,10.0,21,21,1,Good,18-25,Long
0xc84a,AURGRES19DEL02,28,4.7,19.866969,75.318894,19.886969,75.338894,1900-01-01 10:25:00,1900-01-01 10:30:00,6,2,1,2,4,0.0,1,3,18.0,3.0528213653155487,5.0,10,10,1,Good,26-35,Medium
0x6fae,INDORES17DEL03,25,4.8,22.761226,75.887522,22.791226,75.917522,1900-01-01 21:55:00,1900-01-01 22:10:00,6,1,2,1,4,1.0,1,1,26.0,4.537400479091801,15.0,21,22,1,Excellent,18-25,Medium
0x8786,VADRES16DEL02,39,4.7,0.0,0.0,0.13,0.13,1900-01-01 23:15:00,1900-01-01 23:30:00,3,2,0,1,3,1.0,1,1,28.0,20.44292976252901,15.0,23,23,0,Good,36-45,Very Long
0x2420,RANCHIRES03DEL01,27,4.6,0.0,0.0,0.11,0.11,1900-01-01 17:25:00,1900-01-01 17:40:00,4,3,0,2,3,1.0,1,3,21.0,17.29786575291325,15.0,17,17,0,Good,26-35,Very Long
0x4efd,MUMRES08DEL03,23,4.7,19.065838,72.832658,19.125838,72.892658,1900-01-01 21:40:00,1900-01-01 21:45:00,4,1,2,0,2,1.0,1,1,14.0,9.179276688028636,5.0,21,21,1,Good,18-25,Long
0x33ad,BANGRES15DEL02,20,4.6,12.975377,77.696664,13.105377,77.826664,1900-01-01 23:40:00,1900-01-01 23:50:00,0,2,2,3,4,1.0,1,1,20.0,20.181059137197778,10.0,23,23,0,Good,18-25,Very Long
0x8b87,HYDRES08DEL02,37,4.5,17.438263,78.397865,17.518263,78.477865,1900-01-01 20:40:00,1900-01-01 20:50:00,3,1,1,3,3,1.0,1,1,36.0,12.293290453033773,10.0,20,20,1,Good,36-45,Very Long
0xa9f9,SURRES07DEL01,36,4.8,21.170798,72.790489,21.180798,72.800489,1900-01-01 08:40:00,1900-01-01 08:55:00,1,2,2,2,2,1.0,1,4,17.0,1.520369481743939,15.0,8,8,1,Excellent,36-45,Short
0x26a7,CHENRES03DEL02,39,5.0,13.091809,80.219104,13.141809,80.269104,1900-01-01 18:00:00,1900-01-01 18:15:00,0,3,2,2,4,0.0,1,1,15.0,7.760775621293676,15.0,18,18,1,Excellent,36-45,Long
0xd96d,ALHRES04DEL02,37,4.1,0.0,0.0,0.08,0.08,1900-01-01 19:40:00,1900-01-01 19:55:00,3,1,2,1,2,1.0,1,1,33.0,12.58026782240096,15.0,19,19,1,Average,36-45,Very Long
0x3a3a,BANGRES17DEL03,22,4.7,12.972532,77.608179,13.002532,77.638179,1900-01-01 22:10:00,1900-01-01 22:15:00,2,2,1,1,4,0.0,1,3,10.0,4.657651549280329,5.0,22,22,0,Good,18-25,Medium
0x3642,MUMRES16DEL02,20,4.8,19.120083,72.907385,19.200083,72.987385,1900-01-01 18:15:00,1900-01-01 18:30:00,3,3,2,3,4,1.0,1,1,28.0,12.236790662986138,15.0,18,18,1,Excellent,18-25,Very Long
0x7a8,JAPRES16DEL01,29,4.8,26.849596,75.800512,26.889596,75.840512,1900-01-01 16:55:00,1900-01-01 17:00:00,3,3,2,1,4,0.0,1,3,20.0,5.960265171500215,5.0,16,17,0,Excellent,26-35,Long
0x4323,MYSRES02DEL02,38,5.0,12.304569,76.643622,12.354569,76.693622,1900-01-01 22:35:00,1900-01-01 22:40:00,2,2,2,1,3,0.0,1,1,22.0,7.7725232004434295,5.0,22,22,0,Excellent,36-45,Long
0x792d,COIMBRES05DEL02,33,4.8,11.022169,76.999594,11.072169,77.049594,1900-01-01 19:50:00,1900-01-01 20:05:00,4,1,1,3,3,1.0,1,3,15.0,7.790160607220383,15.0,19,20,1,Excellent,26-35,Long
0xa79,MYSRES010DEL01,37,4.5,12.321214,76.621094,12.431214,76.731094,1900-01-01 19:15:00,1900-01-01 19:20:00,0,1,0,1,3,1.0,1,1,48.0,17.09806123890409,5.0,19,19,1,Good,36-45,Very Long
0x9c05,SURRES07DEL02,38,4.8,21.170798,72.790489,21.190798,72.810489,1900-01-01 09:00:00,1900-01-01 09:10:00,6,2,2,1,2,1.0,1,3,20.0,3.0406911398037053,10.0,9,9,1,Excellent,36-45,Medium
0xb1a6,RANCHIRES19DEL02,30,4.6,23.333017,85.3172,23.383017,85.3672,1900-01-01 18:35:00,1900-01-01 18:45:00,0,3,1,1,4,1.0,1,1,18.0,7.547357671334388,10.0,18,18,1,Good,26-35,Long
0xccf,PUNERES18DEL02,29,5.0,18.593481,73.785901,18.673481,73.865901,1900-01-01 20:35:00,1900-01-01 20:50:00,4,1,2,0,3,0.0,1,1,23.0,12.254988311075596,15.0,20,20,1,Excellent,26-35,Very Long
0x3ab8,PUNERES05DEL01,22,4.6,18.543626,73.905101,18.553626,73.915101,1900-01-01 11:40:00,1900-01-01 11:55:00,1,0,2,1,4,1.0,1,3,30.0,1.532234790495708,15.0,11,11,0,Good,18-25,Short
0xa3e8,HYDRES13DEL03,23,4.6,17.431477,78.40035,17.521477,78.49035,1900-01-01 19:55:00,1900-01-01 20:00:00,4,1,0,3,3,2.0,1,1,33.0,13.830016226508704,5.0,19,20,1,Good,18-25,Very Long
0x8283,VADRES04DEL03,24,4.5,0.0,0.0,0.03,0.03,1900-01-01 22:25:00,1900-01-01 22:35:00,1,2,2,0,2,1.0,1,3,10.0,4.717601092054723,10.0,22,22,0,Good,18-25,Medium
0x2674,SURRES15DEL01,21,4.7,21.160522,72.771477,21.200522,72.811477,1900-01-01 15:25:00,1900-01-01 15:30:00,2,3,1,1,4,1.0,1,1,20.0,6.081387490813416,5.0,15,15,0,Good,18-25,Long
0xb7a5,MUMRES20DEL03,35,4.5,19.103249,72.846749,19.193249,72.936749,1900-01-01 20:00:00,1900-01-01 20:15:00,3,1,2,1,4,1.0,1,1,27.0,13.76685500858734,15.0,20,20,1,Good,26-35,Very Long
0x4a13,RANCHIRES12DEL01,39,4.6,0.0,0.0,0.01,0.01,1900-01-01 10:30:00,1900-01-01 10:45:00,3,2,1,0,3,1.0,1,1,23.0,1.5725337292863206,15.0,10,10,1,Good,36-45,Short
0x91f4,RANCHIRES06DEL02,34,4.8,23.357804,85.325146,23.487804,85.455146,1900-01-01 19:20:00,1900-01-01 19:35:00,4,1,2,1,4,1.0,1,1,30.0,19.618739348801018,15.0,19,19,1,Excellent,26-35,Very Long
0xda83,GOARES16DEL03,26,4.5,15.498603,73.826911,15.558603,73.886911,1900-01-01 17:40:00,1900-01-01 17:50:00,1,3,0,0,3,1.0,1,3,29.0,9.264595774312454,10.0,17,17,0,Good,26-35,Long
0x66c0,RANCHIRES05DEL02,28,4.5,23.355164,85.324097,23.435164,85.404097,1900-01-01 18:45:00,1900-01-01 19:00:00,0,3,0,1,3,1.0,1,1,30.0,12.074224380435524,15.0,18,19,1,Good,26-35,Very Long
0x66d6,CHENRES17DEL01,28,3.3,13.045479,80.23311,13.115479,80.30311,1900-01-01 22:20:00,1900-01-01 22:25:00,4,2,2,0,4,0.0,1,1,42.0,10.86586608780909,5.0,22,22,0,Average,26-35,Very Long
0xc0d2,ALHRES15DEL02,36,4.5,-25.449872,81.836167,25.499872,81.886167,1900-01-01 20:00:00,1900-01-01 20:15:00,1,1,0,0,3,1.0,1,1,30.0,5665.355592510088,15.0,20,20,1,Good,36-45,
0xd52c,BHPRES12DEL03,31,4.3,0.0,0.0,0.09,0.09,1900-01-01 19:00:00,1900-01-01 19:15:00,1,3,2,2,3,2.0,2,1,44.0,14.15280068944862,15.0,19,19,1,Average,26-35,Very Long
0x579c,MYSRES07DEL02,21,4.5,12.325461,76.632278,12.455461,76.762278,1900-01-01 19:50:00,1900-01-01 19:55:00,1,1,0,3,3,1.0,1,1,38.0,20.206260324074304,5.0,19,19,1,Good,18-25,Very Long
0x4994,MUMRES11DEL01,28,4.7,18.994237,72.825553,19.064237,72.895553,1900-01-01 23:50:00,1900-01-01 23:55:00,2,2,1,2,3,1.0,1,3,19.0,10.711185800959658,5.0,23,23,0,Good,26-35,Very Long
0xc342,KNPRES15DEL01,29,5.0,26.482419,80.320939,26.522419,80.360939,1900-01-01 13:00:00,1900-01-01 13:10:00,1,0,2,1,4,1.0,1,1,28.0,5.9687940679837075,10.0,13,13,0,Excellent,26-35,Long
0x208a,CHENRES18DEL03,22,5.0,12.981615,80.231598,13.041615,80.291598,1900-01-01 20:40:00,1900-01-01 20:50:00,6,1,0,0,3,1.0,1,1,35.0,9.314862687658115,10.0,20,20,1,Excellent,18-25,Long
0x1479,PUNERES11DEL02,33,4.5,18.533811,73.899315,18.663811,74.029315,1900-01-01 19:35:00,1900-01-01 19:40:00,0,1,0,3,3,1.0,1,1,53.0,19.916274899797408,5.0,19,19,1,Good,26-35,Very Long
0x3a87,SURRES010DEL02,24,4.9,21.17106,72.789292,21.22106,72.839292,1900-01-01 22:55:00,1900-01-01 23:05:00,4,2,2,0,4,0.0,1,1,17.0,7.601362669750945,10.0,22,23,0,Excellent,18-25,Long
0xbbb3,MYSRES010DEL02,39,4.1,12.321214,76.621094,12.371214,76.671094,1900-01-01 18:15:00,1900-01-01 18:25:00,3,3,0,1,3,1.0,1,1,34.0,7.772282029629311,10.0,18,18,1,Average,36-45,Long
0x774c,JAPRES05DEL02,29,5.0,26.905287,75.794592,26.985287,75.874592,1900-01-01 22:45:00,1900-01-01 23:00:00,1,2,2,2,4,0.0,1,1,20.0,11.916990180554908,15.0,22,23,0,Excellent,26-35,Very Long
0x4d89,SURRES18DEL01,33,4.1,21.149834,72.778666,21.219834,72.848666,1900-01-01 20:50:00,1900-01-01 21:05:00,2,1,1,2,3,1.0,1,3,38.0,10.642283429605715,15.0,20,21,1,Average,26-35,Very Long
0x2059,PUNERES14DEL02,28,4.6,18.516216,73.842527,18.566216,73.892527,1900-01-01 17:10:00,1900-01-01 17:15:00,1,3,1,1,4,1.0,1,1,17.0,7.661331134220826,5.0,17,17,0,Good,26-35,Long
0x1c66,JAPRES09DEL02,29,4.2,26.911378,75.789034,26.961378,75.839034,1900-01-01 21:40:00,1900-01-01 21:45:00,1,1,1,0,3,1.0,1,1,32.0,7.448379823536196,5.0,21,21,1,Average,26-35,Long
0x8ff9,HYDRES15DEL03,22,4.9,17.45971,78.368855,17.48971,78.398855,1900-01-01 19:55:00,1900-01-01 20:05:00,3,1,2,2,4,1.0,1,1,21.0,4.610027010711368,10.0,19,20,1,Excellent,18-25,Medium
0xc599,BHPRES14DEL01,29,4.8,0.0,0.0,0.07,0.07,1900-01-01 19:45:00,1900-01-01 20:00:00,2,1,0,3,3,1.0,1,3,30.0,11.007734763744619,15.0,19,20,1,Excellent,26-35,Very Long
0x4e71,MUMRES11DEL01,32,4.6,18.994237,72.825553,19.034237,72.865553,1900-01-01 15:40:00,1900-01-01 15:45:00,3,3,1,1,3,1.0,1,1,27.0,6.120938502923837,5.0,15,15,0,Good,26-35,Long
0x85fc,BANGRES12DEL03,21,3.7,12.939496,77.625999,12.999496,77.685999,1900-01-01 21:50:00,1900-01-01 22:00:00,4,1,0,1,3,1.0,2,1,41.0,9.31563208704705,10.0,21,22,1,Average,18-25,Long
0x2465,CHENRES19DEL02,21,4.2,12.986047,80.218114,13.116047,80.348114,1900-01-01 18:00:00,1900-01-01 18:10:00,0,3,2,2,2,1.0,1,1,35.0,20.180635114114718,10.0,18,18,1,Average,18-25,Very Long
0xcfad,KOLRES14DEL02,25,4.0,22.552996,88.35231,22.602996,88.40231,1900-01-01 23:55:00,1900-01-01 00:00:00,3,2,0,2,3,0.0,1,1,23.0,7.567362984077063,5.0,23,0,0,Average,18-25,Long
0x8184,RANCHIRES08DEL03,24,4.6,23.353783,85.326967,23.383783,85.356967,1900-01-01 19:10:00,1900-01-01 19:25:00,3,1,1,3,4,0.0,1,1,19.0,4.5282465767387095,15.0,19,19,1,Good,18-25,Medium
0x95d0,SURRES11DEL01,29,4.6,21.157735,72.768778,21.197735,72.808778,1900-01-01 12:15:00,1900-01-01 12:20:00,2,0,1,2,4,1.0,1,1,18.0,6.081440797008078,5.0,12,12,0,Good,26-35,Long
0x36a2,BANGRES01DEL02,35,4.6,12.933284,77.615428,12.953284,77.635428,1900-01-01 11:45:00,1900-01-01 12:00:00,6,0,0,2,3,1.0,1,1,47.0,3.1053699758611546,15.0,11,12,0,Good,26-35,Medium
0x7f25,INDORES20DEL03,21,4.8,22.732225,75.874765,22.822225,75.964765,1900-01-01 20:50:00,1900-01-01 20:55:00,3,1,1,3,3,1.0,1,1,29.0,13.612154686696366,5.0,20,20,1,Excellent,18-25,Very Long
0xfbd,MYSRES11DEL02,20,4.8,12.323225,76.630028,12.453225,76.760028,1900-01-01 23:15:00,1900-01-01 23:20:00,3,2,0,1,3,1.0,1,1,16.0,20.20634489518928,5.0,23,23,0,Excellent,18-25,Very Long
0xbb41,BANGRES20DEL03,24,4.1,12.972161,77.596014,13.032161,77.656014,1900-01-01 22:10:00,1900-01-01 22:25:00,6,2,0,0,3,1.0,1,1,27.0,9.315035594044879,15.0,22,22,0,Average,18-25,Long
0xd248,BHPRES01DEL02,26,4.5,23.211529,77.419399,23.261529,77.469399,1900-01-01 21:35:00,1900-01-01 21:40:00,1,1,0,1,3,1.0,1,1,20.0,7.550511557032551,5.0,21,21,1,Good,26-35,Long
0xc326,GOARES17DEL02,30,4.3,15.496162,73.825364,15.576162,73.905364,1900-01-01 21:15:00,1900-01-01 21:30:00,2,1,0,3,3,1.0,1,1,35.0,12.35257604047054,15.0,21,21,1,Average,26-35,Very Long
0x6709,JAPRES20DEL02,22,4.4,26.956431,75.776649,27.086431,75.906649,1900-01-01 17:10:00,1900-01-01 17:20:00,0,3,2,3,4,1.0,1,1,35.0,19.359307695550992,10.0,17,17,0,Average,18-25,Very Long
0x3a23,RANCHIRES19DEL03,33,4.5,23.333017,85.3172,23.363017,85.3472,1900-01-01 17:50:00,1900-01-01 17:55:00,4,3,2,0,3,0.0,1,1,21.0,4.528570754218756,5.0,17,17,0,Good,26-35,Medium
0x2b5b,MUMRES02DEL01,31,4.6,19.221315,72.862381,19.291315,72.932381,1900-01-01 23:55:00,1900-01-01 00:05:00,0,2,2,0,2,1.0,1,3,25.0,10.704238934519317,10.0,23,0,0,Good,26-35,Very Long
0xa15d,COIMBRES09DEL03,37,4.0,11.008638,76.984311,11.038638,77.014311,1900-01-01 18:20:00,1900-01-01 18:35:00,3,3,1,3,4,0.0,1,1,32.0,4.674280112157379,15.0,18,18,1,Average,36-45,Medium
0xbfeb,KOCRES12DEL01,29,4.3,9.988483,76.295211,9.998483,76.305211,1900-01-01 11:45:00,1900-01-01 11:55:00,4,0,0,2,3,1.0,2,3,48.0,1.5606496923639468,10.0,11,11,0,Average,26-35,Short
0x7e36,SURRES15DEL03,33,4.7,21.160522,72.771477,21.250522,72.861477,1900-01-01 18:25:00,1900-01-01 18:35:00,2,3,2,3,4,0.0,1,1,24.0,13.68204452608078,10.0,18,18,1,Good,26-35,Very Long
0x30fa,JAPRES14DEL01,22,4.8,26.88842,75.800689,26.99842,75.910689,1900-01-01 18:25:00,1900-01-01 18:35:00,4,3,1,1,3,1.0,1,1,19.0,16.38598063528554,10.0,18,18,1,Excellent,18-25,Very Long
0x9c67,PUNERES03DEL03,25,4.9,18.554382,73.798206,18.584382,73.828206,1900-01-01 18:35:00,1900-01-01 18:50:00,0,3,2,0,4,0.0,1,3,10.0,4.596439723177665,15.0,18,18,1,Excellent,18-25,Medium
0xa575,BANGRES17DEL01,32,4.7,12.972532,77.608179,12.982532,77.618179,1900-01-01 10:10:00,1900-01-01 10:20:00,1,2,2,1,3,1.0,1,4,16.0,1.5525809531926802,10.0,10,10,1,Good,26-35,Short
0x71ad,PUNERES11DEL01,23,4.9,18.533811,73.899315,18.603811,73.969315,1900-01-01 17:50:00,1900-01-01 18:00:00,0,3,2,1,2,1.0,1,1,30.0,10.72504264384306,10.0,17,18,0,Excellent,18-25,Very Long
0x33d3,COIMBRES02DEL03,20,4.8,11.022477,76.995667,11.112477,77.085667,1900-01-01 23:50:00,1900-01-01 00:00:00,1,2,2,3,3,1.0,1,3,20.0,14.021812013196106,10.0,23,0,0,Excellent,18-25,Very Long
0x1352,PUNERES010DEL03,29,4.6,18.539299,73.897902,18.569299,73.927902,1900-01-01 17:10:00,1900-01-01 17:25:00,6,3,0,0,3,1.0,1,1,17.0,4.59663204175947,15.0,17,17,0,Good,26-35,Medium
0x991a,MYSRES18DEL02,23,4.6,12.337928,76.617889,12.357928,76.637889,1900-01-01 10:15:00,1900-01-01 10:30:00,0,2,1,1,3,0.0,1,1,12.0,3.1089029191679383,15.0,10,10,1,Good,18-25,Medium
0x9805,MUMRES15DEL01,25,4.2,19.176269,72.836721,19.286269,72.946721,1900-01-01 21:40:00,1900-01-01 21:45:00,1,1,1,2,4,1.0,1,1,43.0,16.822155609317257,5.0,21,21,1,Average,18-25,Very Long
0x8b45,COIMBRES15DEL02,37,4.8,11.006686,76.951736,11.086686,77.031736,1900-01-01 23:30:00,1900-01-01 23:45:00,4,2,1,3,3,1.0,1,1,20.0,12.46426668801362,15.0,23,23,0,Excellent,36-45,Very Long
0x9d4f,JAPRES11DEL02,35,4.7,26.90294,75.793007,26.98294,75.873007,1900-01-01 22:00:00,1900-01-01 22:15:00,3,1,0,2,3,1.0,1,1,36.0,11.917100051488791,15.0,22,22,0,Good,26-35,Very Long
0xc460,DEHRES07DEL02,34,3.3,30.362686,78.06889,30.492686,78.19889,1900-01-01 22:50:00,1900-01-01 23:00:00,4,2,0,2,3,1.0,1,1,32.0,19.087110814122536,10.0,22,23,0,Average,26-35,Very Long
0x9c7d,JAPRES14DEL03,32,4.7,26.88842,75.800689,26.94842,75.860689,1900-01-01 21:55:00,1900-01-01 22:05:00,2,1,2,0,4,1.0,1,1,27.0,8.938685874463816,10.0,21,22,1,Good,26-35,Long
0xdf7a,LUDHRES09DEL01,38,4.0,30.885814,75.786976,30.925814,75.826976,1900-01-01 13:25:00,1900-01-01 13:30:00,2,0,1,1,4,1.0,1,1,31.0,5.8606134005008785,5.0,13,13,0,Average,36-45,Long
0xc97c,KNPRES14DEL02,21,4.7,26.463504,80.372929,26.483504,80.392929,1900-01-01 10:35:00,1900-01-01 10:40:00,1,2,1,2,4,0.0,1,3,11.0,2.9847309073623927,5.0,10,10,1,Good,18-25,Medium
0xbbc8,PUNERES010DEL03,36,4.9,18.539299,73.897902,18.629299,73.987902,1900-01-01 20:20:00,1900-01-01 20:30:00,4,1,0,3,3,1.0,1,1,36.0,13.788747286078188,10.0,20,20,1,Excellent,36-45,Very Long
0x8ea9,CHENRES02DEL02,27,5.0,13.086438,80.220672,13.166438,80.300672,1900-01-01 20:25:00,1900-01-01 20:40:00,4,1,1,0,3,1.0,1,4,15.0,12.417003842687146,15.0,20,20,1,Excellent,26-35,Very Long
0x7101,HYDRES04DEL03,27,5.0,17.411028,78.329645,17.471028,78.389645,1900-01-01 19:15:00,1900-01-01 19:30:00,4,1,1,2,4,1.0,1,1,19.0,9.220865975037842,15.0,19,19,1,Excellent,26-35,Long
0x5c3d,BANGRES09DEL02,29,4.8,12.934179,77.615797,13.014179,77.695797,1900-01-01 18:40:00,1900-01-01 18:55:00,2,3,1,0,3,1.0,1,3,26.0,12.420728618905603,15.0,18,18,1,Excellent,26-35,Very Long
0x35e4,SURRES01DEL02,23,4.6,21.186438,72.794115,21.266438,72.874115,1900-01-01 22:30:00,1900-01-01 22:40:00,0,2,1,1,4,1.0,1,3,20.0,12.1610162189127,10.0,22,22,0,Good,18-25,Very Long
0xb3f4,COIMBRES16DEL01,34,4.2,11.010375,76.95295,11.050375,76.99295,1900-01-01 15:15:00,1900-01-01 15:25:00,3,3,2,3,2,1.0,1,1,32.0,6.232303380306801,10.0,15,15,0,Average,26-35,Long
0x2268,SURRES13DEL01,37,4.3,21.170096,72.789122,21.210096,72.829122,1900-01-01 12:45:00,1900-01-01 13:00:00,1,0,2,0,4,1.0,1,1,36.0,6.081204324626466,15.0,12,13,0,Average,36-45,Long
0xd50d,DEHRES03DEL01,20,4.9,30.335259,78.053162,30.445259,78.163162,1900-01-01 17:30:00,1900-01-01 17:40:00,3,3,2,1,4,1.0,1,1,26.0,16.15327446861657,10.0,17,17,0,Excellent,18-25,Very Long
0xe02f,DEHRES03DEL03,37,4.2,30.335259,78.053162,30.395259,78.113162,1900-01-01 17:40:00,1900-01-01 17:55:00,2,3,2,0,4,1.0,1,1,31.0,8.811839531569467,15.0,17,17,0,Average,36-45,Long
0x95bb,MUMRES010DEL03,36,4.7,19.003517,72.82765,19.033517,72.85765,1900-01-01 23:00:00,1900-01-01 23:15:00,4,2,0,2,3,1.0,1,1,25.0,4.590648124312415,15.0,23,23,0,Good,36-45,Medium
0x800c,COIMBRES02DEL03,27,5.0,11.022477,76.995667,11.052477,77.025667,1900-01-01 18:20:00,1900-01-01 18:30:00,1,3,1,0,4,0.0,1,1,10.0,4.674172124263269,10.0,18,18,1,Excellent,26-35,Medium
0x88a5,MYSRES03DEL03,33,4.6,12.299524,76.64262,12.329524,76.67262,1900-01-01 22:25:00,1900-01-01 22:40:00,2,2,1,1,3,0.0,1,1,26.0,4.66364460686909,15.0,22,22,0,Good,26-35,Medium
0xaae0,CHENRES16DEL01,33,4.6,13.049645,80.242268,13.119645,80.312268,1900-01-01 17:10:00,1900-01-01 17:15:00,1,3,0,0,3,1.0,1,1,38.0,10.865776701899678,5.0,17,17,0,Good,26-35,Very Long
0x88c7,SURRES04DEL02,28,4.6,21.173493,72.801953,21.193493,72.821953,1900-01-01 10:10:00,1900-01-01 10:15:00,3,2,2,2,4,1.0,1,1,13.0,3.0406653633176113,5.0,10,10,1,Good,26-35,Medium
0x4022,RANCHIRES17DEL02,38,4.7,23.374878,85.335739,23.454878,85.415739,1900-01-01 21:00:00,1900-01-01 21:05:00,0,1,0,1,3,2.0,2,1,42.0,12.073402311815224,5.0,21,21,1,Good,36-45,Very Long
0x63bb,RANCHIRES03DEL03,36,4.8,0.0,0.0,0.06,0.06,1900-01-01 21:30:00,1900-01-01 21:40:00,4,1,0,0,3,1.0,1,1,28.0,9.435201537430713,10.0,21,21,1,Excellent,36-45,Long
0x357f,JAPRES010DEL02,31,4.7,26.921411,75.793604,26.941411,75.813604,1900-01-01 08:55:00,1900-01-01 09:00:00,1,2,1,2,3,0.0,1,1,15.0,2.979410112022739,5.0,8,9,1,Good,26-35,Medium
0x7d97,BANGRES01DEL02,22,5.0,12.933284,77.615428,12.953284,77.635428,1900-01-01 11:25:00,1900-01-01 11:40:00,0,0,2,2,4,0.0,1,1,25.0,3.1053699758611546,15.0,11,11,0,Excellent,18-25,Medium
0x2d70,SURRES02DEL02,34,4.9,21.186608,72.794136,21.206608,72.814136,1900-01-01 10:25:00,1900-01-01 10:40:00,4,2,1,3,4,0.0,1,3,19.0,3.040539883060508,15.0,10,10,1,Excellent,26-35,Medium
0x57a4,INDORES17DEL02,20,4.5,22.761226,75.887522,22.811226,75.937522,1900-01-01 18:35:00,1900-01-01 18:45:00,4,3,1,3,3,1.0,1,1,10.0,7.5620793211870625,10.0,18,18,1,Good,18-25,Long
0x28ad,JAPRES010DEL02,24,4.6,26.921411,75.793604,27.001411,75.873604,1900-01-01 23:55:00,1900-01-01 00:05:00,0,2,1,3,3,1.0,1,1,28.0,11.91623515721786,10.0,23,0,0,Good,18-25,Very Long
0x48d3,RANCHIRES02DEL01,39,4.9,0.0,0.0,0.04,0.04,1900-01-01 13:10:00,1900-01-01 13:20:00,2,0,0,0,3,1.0,1,1,32.0,6.290134677634678,10.0,13,13,0,Excellent,36-45,Long
0xc5f1,KOLRES12DEL01,24,4.7,22.551084,88.354127,22.621084,88.424127,1900-01-01 20:40:00,1900-01-01 20:45:00,3,1,2,1,2,1.0,1,1,19.0,10.594021701600404,5.0,20,20,1,Good,18-25,Very Long
0xe141,AGRRES13DEL02,39,5.0,27.159795,78.04299,27.289795,78.17299,1900-01-01 21:25:00,1900-01-01 21:30:00,1,1,0,0,3,1.0,1,1,45.0,19.343756283259093,5.0,21,21,1,Excellent,36-45,Very Long
0xa095,BANGRES17DEL03,22,4.6,12.972532,77.608179,13.062532,77.698179,1900-01-01 17:15:00,1900-01-01 17:25:00,0,3,2,0,4,0.0,1,1,25.0,13.972131143083212,10.0,17,17,0,Good,18-25,Very Long
0xc874,GOARES08DEL02,38,4.8,15.556561,73.763633,15.576561,73.783633,1900-01-01 09:55:00,1900-01-01 10:00:00,1,2,1,1,4,1.0,1,4,17.0,3.087924681704674,5.0,9,10,1,Excellent,36-45,Medium
0xa79a,JAPRES06DEL01,30,4.9,26.911927,75.797282,26.981927,75.867282,1900-01-01 22:25:00,1900-01-01 22:40:00,3,2,2,3,4,0.0,1,1,22.0,10.427299400994952,15.0,22,22,0,Excellent,26-35,Very Long
0xd506,DEHRES11DEL02,23,4.5,0.0,0.0,0.13,0.13,1900-01-01 23:50:00,1900-01-01 00:05:00,0,2,2,2,3,1.0,1,1,26.0,20.44292976252901,15.0,23,0,0,Good,18-25,Very Long
0xb8e0,BANGRES13DEL02,28,4.7,12.935662,77.61413,13.065662,77.74413,1900-01-01 20:40:00,1900-01-01 20:50:00,6,1,2,2,4,1.0,1,1,27.0,20.18263448829367,10.0,20,20,1,Good,26-35,Very Long
0xce13,KOLRES05DEL01,21,4.7,22.527893,88.368628,22.597893,88.438628,1900-01-01 19:40:00,1900-01-01 19:45:00,6,1,1,1,3,1.0,1,1,22.0,10.59484217901128,5.0,19,19,1,Good,18-25,Very Long
0x4405,RANCHIRES14DEL03,20,4.8,0.0,0.0,0.03,0.03,1900-01-01 19:10:00,1900-01-01 19:15:00,1,1,0,1,3,1.0,1,1,29.0,4.717601092054723,5.0,19,19,1,Excellent,18-25,Medium
0xa10e,SURRES07DEL02,22,4.6,21.170798,72.790489,21.220798,72.840489,1900-01-01 23:25:00,1900-01-01 23:35:00,1,2,2,2,4,0.0,1,1,11.0,7.60136893811491,10.0,23,23,0,Good,18-25,Long
0xee9,RANCHIRES010DEL01,34,4.6,23.354422,85.3329,23.464422,85.4429,1900-01-01 23:50:00,1900-01-01 23:55:00,4,2,2,3,4,0.0,1,1,19.0,16.601240146481178,5.0,23,23,0,Good,26-35,Very Long
0x8f4c,JAPRES06DEL02,27,4.8,26.911927,75.797282,26.961927,75.847282,1900-01-01 18:35:00,1900-01-01 18:50:00,6,3,0,0,3,1.0,1,1,17.0,7.448363764234237,15.0,18,18,1,Excellent,26-35,Long
0x35b6,PUNERES13DEL03,26,4.6,18.56245,73.916619,18.62245,73.976619,1900-01-01 19:55:00,1900-01-01 20:05:00,0,1,1,3,3,0.0,1,1,24.0,9.192290417405088,10.0,19,20,1,Good,26-35,Long
0x753a,RANCHIRES07DEL03,29,4.9,23.359407,85.325055,23.449407,85.415055,1900-01-01 19:45:00,1900-01-01 20:00:00,1,1,0,1,3,1.0,1,3,46.0,13.583068670275285,15.0,19,20,1,Excellent,26-35,Very Long
0x19d5,INDORES13DEL01,33,4.4,22.745049,75.892471,22.785049,75.932471,1900-01-01 12:40:00,1900-01-01 12:50:00,2,0,0,2,3,1.0,1,3,48.0,6.050094908857936,10.0,12,12,0,Average,26-35,Long
0x76a2,HYDRES03DEL01,33,4.1,17.422819,78.449578,17.432819,78.459578,1900-01-01 11:30:00,1900-01-01 11:35:00,0,0,1,1,4,1.0,1,1,31.0,1.536864059415262,5.0,11,11,0,Average,26-35,Short
0x777a,MYSRES010DEL03,27,4.9,12.321214,76.621094,12.381214,76.681094,1900-01-01 20:10:00,1900-01-01 20:25:00,6,1,2,3,3,1.0,1,1,27.0,9.326651352175272,15.0,20,20,1,Excellent,26-35,Long
0x68af,CHENRES15DEL01,22,4.7,13.026286,80.275235,13.066286,80.315235,1900-01-01 12:20:00,1900-01-01 12:30:00,0,0,0,0,3,0.0,1,1,21.0,6.209485128886319,10.0,12,12,0,Good,18-25,Long
0xa2c2,COIMBRES02DEL01,30,4.8,11.022477,76.995667,11.092477,77.065667,1900-01-01 20:20:00,1900-01-01 20:35:00,1,1,2,0,4,2.0,1,1,42.0,10.906036622245482,15.0,20,20,1,Excellent,26-35,Very Long
0x1324,HYDRES18DEL02,36,4.7,17.450851,78.379347,17.530851,78.459347,1900-01-01 22:10:00,1900-01-01 22:20:00,4,2,1,2,3,1.0,1,1,25.0,12.292885177860324,10.0,22,22,0,Good,36-45,Very Long
0x6fc4,BANGRES05DEL02,30,4.2,12.970324,77.645748,12.990324,77.665748,1900-01-01 10:10:00,1900-01-01 10:20:00,2,2,0,3,3,0.0,1,1,28.0,3.105144913226864,10.0,10,10,1,Average,26-35,Medium
0xb6f8,SURRES09DEL01,32,4.9,21.175975,72.795503,21.285975,72.905503,1900-01-01 21:15:00,1900-01-01 21:20:00,6,1,0,3,3,1.0,1,1,38.0,16.72115728076054,5.0,21,21,1,Excellent,26-35,Very Long
0x3279,PUNERES08DEL01,23,4.7,18.53408,73.89852,18.57408,73.93852,1900-01-01 12:10:00,1900-01-01 12:15:00,2,0,2,0,3,1.0,1,1,28.0,6.128846407056886,5.0,12,12,0,Good,18-25,Long
0x43bb,RANCHIRES13DEL01,37,5.0,23.374989,85.335486,23.384989,85.345486,1900-01-01 10:25:00,1900-01-01 10:30:00,1,2,1,2,3,1.0,1,3,15.0,1.5093571915760948,5.0,10,10,1,Excellent,36-45,Short
0xce7a,KOLRES04DEL02,35,4.6,22.538731,88.364878,22.618731,88.444878,1900-01-01 18:00:00,1900-01-01 18:05:00,4,3,2,0,4,0.0,1,1,17.0,12.10775059211474,5.0,18,18,1,Good,26-35,Very Long
0x6097,MYSRES19DEL02,27,4.6,12.334022,76.618203,12.464022,76.748203,1900-01-01 19:00:00,1900-01-01 19:15:00,2,3,2,1,2,1.0,1,1,20.0,20.20593639018606,15.0,19,19,1,Good,26-35,Very Long
0x91ae,MUMRES09DEL02,36,4.7,18.994049,72.825203,19.014049,72.845203,1900-01-01 09:35:00,1900-01-01 09:40:00,1,2,0,2,3,0.0,1,1,22.0,3.060557773040758,5.0,9,9,1,Good,36-45,Medium
0xbd17,MYSRES010DEL03,21,4.5,12.321214,76.621094,12.381214,76.681094,1900-01-01 19:40:00,1900-01-01 19:50:00,1,1,2,0,3,0.0,1,1,21.0,9.326651352175272,10.0,19,19,1,Good,18-25,Long
0xdc47,DEHRES03DEL01,21,4.1,30.335259,78.053162,30.445259,78.163162,1900-01-01 17:55:00,1900-01-01 18:00:00,0,3,1,3,4,1.0,1,1,33.0,16.15327446861657,5.0,17,18,0,Average,18-25,Very Long
0xa365,CHENRES16DEL03,30,4.6,13.049645,80.242268,13.079645,80.272268,1900-01-01 23:50:00,1900-01-01 00:00:00,1,2,1,3,3,0.0,1,1,19.0,4.65694538594946,10.0,23,0,0,Good,26-35,Medium
0x6b94,CHENRES14DEL01,30,5.0,13.026279,80.174568,13.036279,80.184568,1900-01-01 10:45:00,1900-01-01 10:50:00,1,2,2,0,4,1.0,1,1,19.0,1.5524171512659315,5.0,10,10,1,Excellent,26-35,Short
0x6e17,INDORES13DEL01,25,5.0,22.745049,75.892471,22.755049,75.902471,1900-01-01 08:35:00,1900-01-01 08:50:00,2,2,1,3,4,1.0,1,3,18.0,1.5126000890232916,15.0,8,8,1,Excellent,18-25,Short
0x17fb,BANGRES20DEL02,25,4.0,12.972161,77.596014,13.052161,77.676014,1900-01-01 19:55:00,1900-01-01 20:10:00,2,1,0,3,3,1.0,1,1,36.0,12.419803337139525,15.0,19,20,1,Average,18-25,Very Long
0xb8a2,INDORES09DEL03,25,4.7,22.725835,75.887648,22.785835,75.947648,1900-01-01 19:35:00,1900-01-01 19:40:00,1,1,0,2,3,1.0,1,3,27.0,9.075423573606574,5.0,19,19,1,Good,18-25,Long
0x6b14,SURRES14DEL03,37,4.7,21.157729,72.768726,21.217729,72.828726,1900-01-01 19:45:00,1900-01-01 20:00:00,0,1,0,3,3,1.0,1,3,27.0,9.121874253616898,15.0,19,20,1,Good,36-45,Long
0x45ca,PUNERES18DEL01,22,4.4,18.593481,73.785901,18.633481,73.825901,1900-01-01 14:30:00,1900-01-01 14:45:00,4,0,0,2,3,2.0,1,1,52.0,6.127835452844327,15.0,14,14,0,Average,18-25,Long
0xafe7,INDORES02DEL01,33,4.8,22.651847,75.881991,22.661847,75.891991,1900-01-01 09:20:00,1900-01-01 09:30:00,2,2,1,0,4,0.0,1,3,23.0,1.513073455729525,10.0,9,9,1,Excellent,26-35,Short
0x1fdb,COIMBRES16DEL03,30,4.8,11.010375,76.95295,11.100375,77.04295,1900-01-01 21:00:00,1900-01-01 21:10:00,2,1,0,2,3,1.0,1,1,41.0,14.022096082518878,10.0,21,21,1,Excellent,26-35,Very Long
0x495b,MYSRES13DEL02,31,4.2,12.310972,76.659264,12.390972,76.739264,1900-01-01 21:50:00,1900-01-01 22:00:00,6,1,1,0,3,1.0,1,1,40.0,12.435540495461442,10.0,21,22,1,Average,26-35,Very Long
0x9462,RANCHIRES13DEL03,31,4.2,23.374989,85.335486,23.464989,85.425486,1900-01-01 17:40:00,1900-01-01 17:50:00,6,3,2,1,4,1.0,1,1,37.0,13.582337494192412,10.0,17,17,0,Average,26-35,Very Long
0xd5d9,KOLRES06DEL01,30,4.7,22.533662,88.366217,22.603662,88.436217,1900-01-01 20:40:00,1900-01-01 20:50:00,3,1,0,0,3,2.0,1,1,36.0,10.594638144489263,10.0,20,20,1,Good,26-35,Very Long
0xc9a5,ALHRES17DEL02,25,4.9,25.45235,81.841889,25.47235,81.861889,1900-01-01 11:55:00,1900-01-01 12:00:00,1,0,0,3,3,1.0,1,1,26.0,2.99621994554619,5.0,11,12,0,Excellent,18-25,Medium
0x49f9,HYDRES04DEL01,32,4.6,17.411028,78.329645,17.421028,78.339645,1900-01-01 09:50:00,1900-01-01 10:05:00,1,2,0,0,3,1.0,1,1,28.0,1.5369113551350593,15.0,9,10,1,Good,26-35,Short
0xb445,MUMRES13DEL01,24,4.5,19.178321,72.834715,19.188321,72.844715,1900-01-01 10:10:00,1900-01-01 10:20:00,2,2,2,1,2,0.0,1,3,13.0,1.5294972211332267,10.0,10,10,1,Good,18-25,Short
0xb118,HYDRES13DEL01,20,4.8,17.431477,78.40035,17.541477,78.51035,1900-01-01 21:25:00,1900-01-01 21:30:00,3,1,2,1,2,0.0,1,1,22.0,16.902909983695867,5.0,21,21,1,Excellent,18-25,Very Long
0xc38b,BHPRES16DEL01,21,4.7,23.264015,77.408236,23.334015,77.478236,1900-01-01 23:35:00,1900-01-01 23:50:00,0,2,2,3,4,0.0,1,1,24.0,10.568447337504713,15.0,23,23,0,Good,18-25,Very Long
0x8fb8,JAPRES13DEL01,36,4.2,26.846156,75.8023,26.956156,75.9123,1900-01-01 21:45:00,1900-01-01 22:00:00,6,1,0,3,3,1.0,1,1,50.0,16.388699354723066,15.0,21,22,1,Average,36-45,Very Long
0x9ba,MYSRES02DEL02,35,4.0,12.304569,76.643622,12.354569,76.693622,1900-01-01 17:55:00,1900-01-01 18:10:00,3,3,2,1,2,0.0,1,1,32.0,7.7725232004434295,15.0,17,18,0,Average,26-35,Long
0xa50e,RANCHIRES03DEL01,22,4.6,0.0,0.0,0.04,0.04,1900-01-01 13:40:00,1900-01-01 13:55:00,3,0,2,1,4,1.0,1,1,20.0,6.290134677634678,15.0,13,13,0,Good,18-25,Long
0xd520,KOLRES02DEL03,31,4.5,22.514585,88.39331,22.574585,88.45331,1900-01-01 20:45:00,1900-01-01 21:00:00,0,1,1,0,3,1.0,1,1,26.0,9.081848162010717,15.0,20,21,1,Good,26-35,Long
0x474c,COIMBRES03DEL03,27,4.9,11.025083,77.015393,11.085083,77.075393,1900-01-01 18:20:00,1900-01-01 18:30:00,3,3,0,1,3,1.0,1,1,19.0,9.348068923522018,10.0,18,18,1,Excellent,26-35,Long
0x9e97,COIMBRES02DEL03,25,4.7,11.022477,76.995667,11.082477,77.055667,1900-01-01 18:55:00,1900-01-01 19:05:00,2,3,0,1,3,0.0,1,3,12.0,9.348109676504626,10.0,18,19,1,Good,18-25,Long
0x8d01,PUNERES01DEL01,39,4.8,18.569156,73.774723,18.579156,73.784723,1900-01-01 10:55:00,1900-01-01 11:05:00,1,2,1,2,3,0.0,1,3,19.0,1.5321262845594088,10.0,10,11,1,Excellent,36-45,Short
0x3f50,CHENRES04DEL02,31,4.8,13.02978,80.208812,13.15978,80.338812,1900-01-01 17:15:00,1900-01-01 17:30:00,3,3,2,0,4,1.0,1,1,30.0,20.178893713604634,15.0,17,17,0,Excellent,26-35,Very Long
0x1e12,SURRES010DEL03,21,4.6,21.17106,72.789292,21.23106,72.849292,1900-01-01 22:10:00,1900-01-01 22:20:00,1,2,2,2,3,0.0,1,1,17.0,9.121491544069729,10.0,22,22,0,Good,18-25,Long
0x1d08,SURRES15DEL02,21,4.5,21.160522,72.771477,21.290522,72.901477,1900-01-01 19:50:00,1900-01-01 20:00:00,1,1,0,0,3,1.0,1,1,48.0,19.761706467413592,10.0,19,20,1,Good,18-25,Very Long
0xd367,BHPRES14DEL01,26,4.2,0.0,0.0,0.01,0.01,1900-01-01 09:15:00,1900-01-01 09:25:00,3,2,0,0,3,1.0,1,3,23.0,1.5725337292863206,10.0,9,9,1,Average,26-35,Short
0xa955,INDORES01DEL03,34,4.8,22.695207,75.866059,22.785207,75.956059,1900-01-01 17:55:00,1900-01-01 18:10:00,6,3,2,2,2,0.0,1,1,27.0,13.613850325840419,15.0,17,18,0,Excellent,26-35,Very Long
0x3267,MYSRES18DEL01,38,4.3,12.337928,76.617889,12.447928,76.727889,1900-01-01 19:50:00,1900-01-01 20:05:00,1,1,2,0,4,1.0,1,1,48.0,17.09752652782741,15.0,19,20,1,Average,36-45,Very Long
0x2a81,BANGRES12DEL02,25,4.7,12.939496,77.625999,13.069496,77.755999,1900-01-01 21:45:00,1900-01-01 21:55:00,4,1,2,2,3,0.0,1,3,21.0,20.182482607604513,10.0,21,21,1,Good,18-25,Very Long
0xa813,COIMBRES18DEL02,31,5.0,11.02091,76.940432,11.04091,76.960432,1900-01-01 08:55:00,1900-01-01 09:05:00,4,2,0,2,3,1.0,1,1,26.0,3.116148933802629,10.0,8,9,1,Excellent,26-35,Medium
0xb79e,INDORES01DEL03,20,4.8,22.695207,75.866059,22.785207,75.956059,1900-01-01 20:10:00,1900-01-01 20:25:00,3,1,1,1,4,0.0,1,1,25.0,13.613850325840419,15.0,20,20,1,Excellent,18-25,Very Long
0x7ed1,MYSRES09DEL01,27,4.9,12.323194,76.630583,12.333194,76.640583,1900-01-01 11:55:00,1900-01-01 12:00:00,6,0,0,3,3,1.0,1,1,24.0,1.5545086492841058,5.0,11,12,0,Excellent,26-35,Short
0x39cd,COIMBRES14DEL02,30,4.8,11.003681,76.975525,11.023681,76.995525,1900-01-01 11:30:00,1900-01-01 11:35:00,1,0,2,1,4,1.0,1,1,33.0,3.1162384958431986,5.0,11,11,0,Excellent,26-35,Medium
0xa9d1,COIMBRES19DEL01,27,4.7,11.022298,76.998349,11.062298,77.038349,1900-01-01 13:45:00,1900-01-01 13:50:00,3,0,2,1,3,0.0,1,1,22.0,6.232179267966144,5.0,13,13,0,Good,26-35,Long
0x358e,MUMRES06DEL03,25,4.6,19.055831,72.833984,19.115831,72.893984,1900-01-01 18:50:00,1900-01-01 19:05:00,2,3,1,3,4,1.0,1,3,23.0,9.179538450826046,15.0,18,19,1,Good,18-25,Long
0x1662,HYDRES12DEL01,21,4.8,17.429585,78.392621,17.439585,78.402621,1900-01-01 11:45:00,1900-01-01 12:00:00,0,0,0,2,3,1.0,1,1,20.0,1.536836906549953,15.0,11,12,0,Excellent,18-25,Short
0x24be,JAPRES03DEL03,35,4.9,26.913483,75.803139,27.053483,75.943139,1900-01-01 21:20:00,1900-01-01 21:30:00,0,1,2,1,4,1.0,2,1,44.0,20.851598740135785,10.0,21,21,1,Excellent,26-35,Very Long
0x91b0,BANGRES08DEL01,22,4.6,12.906229,77.596791,13.016229,77.706791,1900-01-01 20:10:00,1900-01-01 20:15:00,2,1,0,0,3,1.0,1,3,39.0,17.078934089494954,5.0,20,20,1,Good,18-25,Very Long
0xd907,AGRRES20DEL01,35,4.7,27.158822,78.045359,27.268822,78.155359,1900-01-01 23:30:00,1900-01-01 23:35:00,1,2,0,3,3,1.0,1,1,37.0,16.3685066644865,5.0,23,23,0,Good,26-35,Very Long
0x8469,INDORES08DEL03,22,4.6,22.725748,75.898497,22.815748,75.988497,1900-01-01 19:55:00,1900-01-01 20:00:00,2,1,2,3,3,1.0,1,1,27.0,13.612451541411557,5.0,19,20,1,Good,18-25,Very Long
0xd897,GOARES05DEL03,27,4.7,0.0,0.0,0.03,0.03,1900-01-01 18:35:00,1900-01-01 18:50:00,0,3,1,3,3,1.0,1,3,13.0,4.717601092054723,15.0,18,18,1,Good,26-35,Medium
0x11f2,PUNERES03DEL01,35,4.8,18.554382,73.798206,18.624382,73.868206,1900-01-01 22:20:00,1900-01-01 22:30:00,6,2,1,0,4,1.0,1,1,16.0,10.724430107278945,10.0,22,22,0,Excellent,26-35,Very Long
0x6c86,MYSRES12DEL01,27,4.9,12.284747,76.625861,12.294747,76.635861,1900-01-01 12:00:00,1900-01-01 12:05:00,0,0,2,1,3,1.0,1,1,28.0,1.554619810773694,5.0,12,12,0,Excellent,26-35,Short
0xcdeb,LUDHRES16DEL01,36,4.1,30.895817,75.813112,30.935817,75.853112,1900-01-01 15:40:00,1900-01-01 15:50:00,0,3,0,3,3,1.0,1,1,32.0,5.860353655313712,10.0,15,15,0,Average,36-45,Long
0x9b49,PUNERES02DEL02,38,4.9,18.55144,73.804855,18.68144,73.934855,1900-01-01 23:25:00,1900-01-01 23:30:00,1,2,1,3,3,1.0,1,1,30.0,19.915298664494234,5.0,23,23,0,Excellent,36-45,Very Long
0x3d68,INDORES14DEL03,28,4.5,22.761593,75.886362,22.791593,75.916362,1900-01-01 21:00:00,1900-01-01 21:10:00,3,1,1,3,4,0.0,1,3,11.0,4.537394871786295,10.0,21,21,1,Good,26-35,Medium
0xd922,DEHRES08DEL02,33,4.3,30.359722,78.067079,30.439722,78.147079,1900-01-01 20:25:00,1900-01-01 20:30:00,3,1,0,1,3,1.0,1,1,41.0,11.747351283055355,5.0,20,20,1,Average,26-35,Very Long
0xcc0e,AURGRES08DEL02,37,5.0,19.876428,75.364792,19.896428,75.384792,1900-01-01 09:00:00,1900-01-01 09:10:00,6,2,1,1,4,1.0,1,3,29.0,3.052735829416971,10.0,9,9,1,Excellent,36-45,Medium
0x3933,RANCHIRES12DEL03,39,4.8,0.0,0.0,0.03,0.03,1900-01-01 20:00:00,1900-01-01 20:15:00,6,1,2,1,4,0.0,1,1,27.0,4.717601092054723,15.0,20,20,1,Excellent,36-45,Medium
0x6a06,RANCHIRES04DEL01,30,4.4,23.359033,85.325347,23.369033,85.335347,1900-01-01 10:50:00,1900-01-01 11:05:00,2,2,0,1,3,1.0,1,1,22.0,1.5094402621798344,15.0,10,11,1,Average,26-35,Short
0x4557,RANCHIRES08DEL02,21,4.9,23.353783,85.326967,23.373783,85.346967,1900-01-01 11:10:00,1900-01-01 11:15:00,1,0,0,2,3,1.0,1,3,29.0,3.018883117682491,5.0,11,11,0,Excellent,18-25,Medium
0x1111,SURRES010DEL01,23,4.7,21.17106,72.789292,21.24106,72.859292,1900-01-01 18:00:00,1900-01-01 18:15:00,0,3,0,1,3,1.0,1,1,32.0,10.641572477284369,15.0,18,18,1,Good,18-25,Very Long
0x1837,MYSRES02DEL01,23,4.9,12.304569,76.643622,12.314569,76.653622,1900-01-01 11:15:00,1900-01-01 11:20:00,6,0,1,2,4,0.0,1,1,22.0,1.5545625412407003,5.0,11,11,0,Excellent,18-25,Short
0x58e1,HYDRES04DEL03,31,4.6,17.411028,78.329645,17.441028,78.359645,1900-01-01 17:35:00,1900-01-01 17:50:00,0,3,0,3,3,1.0,1,1,34.0,4.610613705052656,15.0,17,17,0,Good,26-35,Medium
0x4993,CHENRES14DEL01,31,4.2,13.026279,80.174568,13.096279,80.244568,1900-01-01 20:20:00,1900-01-01 20:25:00,0,1,1,1,3,1.0,1,1,37.0,10.866277692518308,5.0,20,20,1,Average,26-35,Very Long
0x9e96,JAPRES14DEL01,36,4.7,26.88842,75.800689,26.92842,75.840689,1900-01-01 14:30:00,1900-01-01 14:40:00,4,0,0,0,3,0.0,1,1,21.0,5.959357904254251,10.0,14,14,0,Good,36-45,Long
0x7c5,MUMRES04DEL02,24,4.6,19.254567,72.848923,19.384567,72.978923,1900-01-01 00:00:00,1900-01-01 00:05:00,1,2,1,1,3,0.0,1,3,23.0,19.875680604910734,5.0,0,0,0,Good,18-25,Very Long
0x3f97,SURRES17DEL01,21,4.5,21.149569,72.772697,21.219569,72.842697,1900-01-01 21:15:00,1900-01-01 21:30:00,3,1,2,3,3,1.0,1,3,26.0,10.642292301678435,15.0,21,21,1,Good,18-25,Very Long
0x1c63,MUMRES12DEL03,39,4.6,19.207222,72.972281,19.237222,73.002281,1900-01-01 20:55:00,1900-01-01 21:00:00,0,1,0,0,3,1.0,1,3,28.0,4.587980157997101,5.0,20,21,1,Good,36-45,Medium
0xe1e0,GOARES18DEL01,33,4.1,15.49395,73.827423,15.50395,73.837423,1900-01-01 11:45:00,1900-01-01 11:50:00,3,0,0,3,3,2.0,1,1,49.0,1.5442061415007085,5.0,11,11,0,Average,26-35,Short
0x3a74,SURRES010DEL01,27,4.8,21.17106,72.789292,21.21106,72.829292,1900-01-01 14:00:00,1900-01-01 14:05:00,0,0,1,0,3,0.0,1,3,24.0,6.081185877714607,5.0,14,14,0,Excellent,26-35,Long
0x1773,RANCHIRES04DEL01,35,4.8,23.359033,85.325347,23.429033,85.395347,1900-01-01 20:35:00,1900-01-01 20:40:00,0,1,0,3,3,3.0,1,1,48.0,10.564987742503256,5.0,20,20,1,Excellent,26-35,Very Long
0x6e7a,HYDRES09DEL03,24,4.9,17.431668,78.408321,17.521668,78.498321,1900-01-01 23:00:00,1900-01-01 23:10:00,6,2,2,2,4,1.0,1,3,17.0,13.83000931143171,10.0,23,23,0,Excellent,18-25,Very Long
0x3988,MUMRES14DEL02,39,4.6,19.1813,72.836191,19.2013,72.856191,1900-01-01 10:55:00,1900-01-01 11:00:00,1,2,0,1,3,1.0,1,1,26.0,3.058924545938562,5.0,10,11,1,Good,36-45,Medium
0x5a0a,PUNERES19DEL01,38,4.7,18.563934,73.915367,18.603935,73.955367,1900-01-01 15:20:00,1900-01-01 15:30:00,3,3,0,2,3,0.0,1,1,25.0,6.12841937845769,10.0,15,15,0,Good,36-45,Long
0xc066,ALHRES09DEL02,23,4.4,-0.0,0.0,0.02,0.02,1900-01-01 10:45:00,1900-01-01 10:55:00,3,2,0,1,3,1.0,1,3,23.0,3.145067434621583,10.0,10,10,1,Average,18-25,Medium
0x520b,COIMBRES06DEL03,31,4.4,11.021278,76.995017,11.051278,77.025017,1900-01-01 20:35:00,1900-01-01 20:40:00,0,1,1,3,3,1.0,1,1,38.0,4.674181485440602,5.0,20,20,1,Average,26-35,Medium
0x4e59,SURRES15DEL02,30,4.6,21.160522,72.771477,21.210522,72.821477,1900-01-01 19:35:00,1900-01-01 19:40:00,4,1,1,3,3,1.0,1,1,21.0,7.6016147383215875,5.0,19,19,1,Good,26-35,Long
0xc697,KNPRES18DEL02,35,5.0,26.474133,80.3481,26.494133,80.3681,1900-01-01 10:10:00,1900-01-01 10:25:00,3,2,1,1,3,1.0,1,1,27.0,2.984608225622922,15.0,10,10,1,Excellent,26-35,Medium
0x73ba,INDORES20DEL02,23,4.6,22.732225,75.874765,22.812225,75.954765,1900-01-01 23:45:00,1900-01-01 00:00:00,1,2,2,2,2,0.0,1,1,26.0,12.099896960230076,15.0,23,0,0,Good,18-25,Very Long
0x949b,COIMBRES14DEL01,24,3.2,11.003681,76.975525,11.113681,77.085525,1900-01-01 00:00:00,1900-01-01 00:10:00,4,2,2,1,4,0.0,2,1,44.0,17.138022132927368,10.0,0,0,0,Average,18-25,Very Long
0xacbe,CHENRES04DEL02,25,4.8,13.02978,80.208812,13.04978,80.228812,1900-01-01 11:45:00,1900-01-01 11:50:00,2,0,0,3,3,1.0,1,1,27.0,3.104782360921429,5.0,11,11,0,Excellent,18-25,Medium
0x5e90,CHENRES09DEL02,39,4.9,13.044694,80.26147,13.064694,80.28147,1900-01-01 08:45:00,1900-01-01 09:00:00,4,2,1,3,4,0.0,1,4,13.0,3.1046911695399038,15.0,8,9,1,Excellent,36-45,Medium
0x6f87,SURRES18DEL01,25,4.6,21.149834,72.778666,21.259834,72.888666,1900-01-01 23:25:00,1900-01-01 23:35:00,0,2,2,0,4,0.0,1,1,22.0,16.72253446733555,10.0,23,23,0,Good,18-25,Very Long
0xa476,CHENRES05DEL02,37,4.7,13.058616,80.264151,13.108616,80.314151,1900-01-01 23:15:00,1900-01-01 23:30:00,6,2,1,3,3,1.0,1,1,25.0,7.761284984440735,15.0,23,23,0,Good,36-45,Long
0xb995,JAPRES15DEL01,32,4.8,26.891191,75.802083,27.001191,75.912083,1900-01-01 20:30:00,1900-01-01 20:45:00,4,1,2,2,2,0.0,1,1,23.0,16.385802266862793,15.0,20,20,1,Excellent,26-35,Very Long
0x80f2,INDORES12DEL02,30,4.7,22.74806,75.8934,22.76806,75.9134,1900-01-01 08:20:00,1900-01-01 08:35:00,0,2,1,1,4,1.0,1,1,19.0,3.0251186390184004,15.0,8,8,1,Good,26-35,Medium
0xc46c,ALHRES14DEL01,34,5.0,25.459775,81.834841,25.569775,81.944841,1900-01-01 18:35:00,1900-01-01 18:40:00,4,3,2,1,3,1.0,1,1,25.0,16.47598057072457,5.0,18,18,1,Excellent,26-35,Very Long
0xaf32,JAPRES04DEL02,35,4.5,26.902328,75.794257,26.952328,75.844257,1900-01-01 21:50:00,1900-01-01 21:55:00,4,1,1,0,3,0.0,1,3,20.0,7.44864451602914,5.0,21,21,1,Good,26-35,Long
0x2e5b,PUNERES18DEL01,29,4.8,18.593481,73.785901,18.703481,73.895901,1900-01-01 21:15:00,1900-01-01 21:30:00,6,1,2,1,3,1.0,1,1,18.0,16.849904095492622,15.0,21,21,1,Excellent,26-35,Very Long
0x3457,BANGRES010DEL03,32,4.6,12.933298,77.614293,12.993298,77.674293,1900-01-01 22:30:00,1900-01-01 22:45:00,1,2,0,3,3,1.0,1,1,23.0,9.315745106316243,15.0,22,22,0,Good,26-35,Long
0xd4bd,KOCRES02DEL02,25,4.9,10.028047,76.310019,10.158047,76.440019,1900-01-01 17:25:00,1900-01-01 17:35:00,2,3,0,1,3,1.0,1,3,36.0,20.285370057703716,10.0,17,17,0,Excellent,18-25,Very Long
0x583c,MUMRES11DEL02,37,4.7,18.994237,72.825553,19.044237,72.875553,1900-01-01 21:15:00,1900-01-01 21:20:00,4,1,1,2,3,0.0,1,1,24.0,7.6510644585303815,5.0,21,21,1,Good,36-45,Long
0xa8ee,VADRES11DEL03,20,4.8,22.308096,73.167753,22.398096,73.257753,1900-01-01 23:50:00,1900-01-01 00:00:00,0,2,0,2,3,1.0,1,1,21.0,13.631440268080546,10.0,23,0,0,Excellent,18-25,Very Long
0xbe03,COIMBRES01DEL01,20,4.1,11.016298,76.972076,11.086298,77.042076,1900-01-01 19:15:00,1900-01-01 19:20:00,1,1,2,1,3,1.0,1,3,42.0,10.906149360969733,5.0,19,19,1,Average,18-25,Very Long
0xc070,GOARES010DEL02,29,5.0,-15.546594,73.760431,15.566594,73.780431,1900-01-01 10:35:00,1900-01-01 10:50:00,0,2,0,3,3,1.0,1,1,18.0,3459.629354463765,15.0,10,10,1,Excellent,26-35,
0x5ef7,PUNERES06DEL02,32,4.2,18.546258,73.904337,18.676258,74.034337,1900-01-01 18:25:00,1900-01-01 18:30:00,6,3,0,3,3,2.0,1,1,36.0,19.915585713443292,5.0,18,18,1,Average,26-35,Very Long
0x5794,HYDRES08DEL03,27,4.6,17.438263,78.397865,17.468263,78.427865,1900-01-01 21:35:00,1900-01-01 21:40:00,3,1,1,2,4,1.0,1,4,14.0,4.610285665960067,5.0,21,21,1,Good,26-35,Medium
0xb0d,SURRES08DEL01,24,2.9,21.173343,72.792731,21.243343,72.862731,1900-01-01 22:20:00,1900-01-01 22:25:00,4,2,1,2,4,1.0,1,1,36.0,10.641495972351702,5.0,22,22,0,Average,18-25,Very Long
0x5da8,VADRES14DEL01,30,4.6,22.311603,73.165012,22.351603,73.205012,1900-01-01 13:10:00,1900-01-01 13:15:00,6,0,1,0,3,1.0,1,1,29.0,6.058848944530401,5.0,13,13,0,Good,26-35,Long
0x76f5,HYDRES15DEL02,31,4.3,17.45971,78.368855,17.47971,78.388855,1900-01-01 11:50:00,1900-01-01 11:55:00,3,0,0,1,3,1.0,1,1,38.0,3.0733915714431617,5.0,11,11,0,Average,26-35,Medium
0x15fe,MYSRES02DEL03,36,4.2,12.304569,76.643622,12.364569,76.703622,1900-01-01 21:45:00,1900-01-01 21:50:00,0,1,2,0,4,0.0,1,1,35.0,9.326940869812143,5.0,21,21,1,Average,36-45,Long
0x6809,HYDRES05DEL02,36,4.9,17.433809,78.386744,17.483809,78.436744,1900-01-01 22:00:00,1900-01-01 22:15:00,0,1,2,2,4,1.0,1,1,25.0,7.68369791028496,15.0,22,22,0,Excellent,36-45,Long
0x1242,MYSRES09DEL01,36,4.8,12.323194,76.630583,12.433194,76.740583,1900-01-01 22:10:00,1900-01-01 22:20:00,3,2,2,0,4,1.0,1,3,17.0,17.09799793130139,10.0,22,22,0,Excellent,36-45,Very Long
0x3e94,MYSRES14DEL03,38,4.3,0.0,0.0,0.06,0.06,1900-01-01 19:35:00,1900-01-01 19:40:00,6,1,1,2,4,1.0,1,1,33.0,9.435201537430713,5.0,19,19,1,Average,36-45,Long
0x9271,COIMBRES20DEL01,38,4.9,10.994136,76.963303,11.004136,76.973303,1900-01-01 08:30:00,1900-01-01 08:40:00,4,2,1,0,3,1.0,1,3,17.0,1.5581570033504792,10.0,8,8,1,Excellent,36-45,Short
0x12d2,MUMRES13DEL01,30,4.8,19.178321,72.834715,19.218321,72.874715,1900-01-01 16:10:00,1900-01-01 16:20:00,3,3,1,2,4,1.0,1,1,27.0,6.117725989708161,10.0,16,16,0,Excellent,26-35,Long
0xd6e7,BHPRES03DEL01,20,4.8,23.214294,77.435361,23.284294,77.505361,1900-01-01 22:30:00,1900-01-01 22:35:00,1,2,0,2,3,1.0,1,3,22.0,10.57025290804231,5.0,22,22,0,Excellent,18-25,Very Long
0x3e44,MUMRES11DEL01,24,4.1,18.994237,72.825553,19.004237,72.835553,1900-01-01 10:10:00,1900-01-01 10:15:00,2,2,0,2,3,1.0,1,3,24.0,1.5302997807730145,5.0,10,10,1,Average,18-25,Short
0x8de0,RANCHIRES08DEL03,21,4.9,23.353783,85.326967,23.383783,85.356967,1900-01-01 21:45:00,1900-01-01 21:55:00,1,1,1,1,4,0.0,1,1,28.0,4.5282465767387095,10.0,21,21,1,Excellent,18-25,Medium
0xd905,AGRRES02DEL02,25,5.0,0.0,0.0,0.13,0.13,1900-01-01 19:45:00,1900-01-01 19:55:00,3,1,2,3,4,1.0,1,3,15.0,20.44292976252901,10.0,19,19,1,Excellent,18-25,Very Long
0xaf6a,INDORES16DEL01,38,4.1,22.744648,75.894377,22.814648,75.964377,1900-01-01 21:10:00,1900-01-01 21:15:00,4,1,1,0,3,0.0,1,3,34.0,10.587145367062044,5.0,21,21,1,Average,36-45,Very Long
0x6e1f,MUMRES08DEL03,38,5.0,19.065838,72.832658,19.095838,72.862658,1900-01-01 19:15:00,1900-01-01 19:30:00,1,1,2,2,2,1.0,1,1,30.0,4.589834614418373,15.0,19,19,1,Excellent,36-45,Medium
0xb4d8,VADRES010DEL03,21,4.8,22.310329,73.169083,22.400329,73.259083,1900-01-01 19:30:00,1900-01-01 19:45:00,1,1,0,0,3,2.0,1,1,45.0,13.631339548300275,15.0,19,19,1,Excellent,18-25,Very Long
0xcd10,BHPRES06DEL01,25,4.9,23.232357,77.429989,23.302357,77.499989,1900-01-01 23:45:00,1900-01-01 23:50:00,2,2,1,0,3,0.0,1,1,14.0,10.569597346528383,5.0,23,23,0,Excellent,18-25,Very Long
0xa4e0,VADRES18DEL01,22,4.9,0.0,0.0,0.01,0.01,1900-01-01 11:15:00,1900-01-01 11:25:00,4,0,1,2,3,0.0,1,1,10.0,1.5725337292863206,10.0,11,11,0,Excellent,18-25,Short
0x88b0,CHENRES05DEL01,34,4.2,13.058616,80.264151,13.168616,80.374151,1900-01-01 20:00:00,1900-01-01 20:10:00,1,1,1,3,4,2.0,1,1,43.0,17.073813051007523,10.0,20,20,1,Average,26-35,Very Long
0x95f9,PUNERES13DEL02,24,4.6,18.56245,73.916619,18.64245,73.996619,1900-01-01 23:55:00,1900-01-01 00:05:00,2,2,0,0,3,1.0,1,1,21.0,12.256046315965444,10.0,23,0,0,Good,18-25,Very Long
0xa4b6,CHENRES17DEL02,27,4.6,13.045479,80.23311,13.095479,80.28311,1900-01-01 20:55:00,1900-01-01 21:05:00,3,1,1,1,3,1.0,1,1,14.0,7.761486237714824,10.0,20,21,1,Good,26-35,Long
0xd590,BHPRES13DEL01,29,4.2,23.230791,77.43702,23.270791,77.47702,1900-01-01 14:10:00,1900-01-01 14:20:00,1,0,1,1,4,2.0,1,1,34.0,6.040113680144922,10.0,14,14,0,Average,26-35,Long
0x7cdb,MYSRES08DEL01,22,4.9,12.297954,76.665169,12.337954,76.705169,1900-01-01 16:15:00,1900-01-01 16:25:00,0,3,2,2,4,1.0,1,1,18.0,6.218153086065015,10.0,16,16,0,Excellent,18-25,Long
0x7482,JAPRES13DEL03,23,4.5,26.846156,75.8023,26.906156,75.8623,1900-01-01 21:10:00,1900-01-01 21:20:00,6,1,1,3,3,0.0,1,1,21.0,8.940167719841355,10.0,21,21,1,Good,18-25,Long
0x8b4e,CHENRES09DEL03,23,4.9,13.044694,80.26147,13.134694,80.35147,1900-01-01 19:55:00,1900-01-01 20:05:00,3,1,2,1,4,1.0,1,1,21.0,13.97014466545326,10.0,19,20,1,Excellent,18-25,Very Long
0x194e,SURRES09DEL02,37,4.1,21.175975,72.795503,21.195975,72.815503,1900-01-01 10:50:00,1900-01-01 10:55:00,2,2,0,1,3,1.0,1,3,30.0,3.040641621538495,5.0,10,10,1,Average,36-45,Medium
0x866c,MUMRES13DEL03,27,4.0,19.178321,72.834715,19.208321,72.864715,1900-01-01 22:35:00,1900-01-01 22:45:00,6,2,0,3,3,1.0,1,1,28.0,4.588360239493078,10.0,22,22,0,Average,26-35,Medium
0x7f65,BANGRES15DEL02,23,4.6,12.975377,77.696664,13.105377,77.826664,1900-01-01 20:15:00,1900-01-01 20:25:00,3,1,1,0,3,1.0,1,1,19.0,20.181059137197778,10.0,20,20,1,Good,18-25,Very Long
0x6c5d,CHENRES05DEL01,22,4.8,13.058616,80.264151,13.128616,80.334151,1900-01-01 20:45:00,1900-01-01 21:00:00,2,1,1,2,3,1.0,1,1,19.0,10.865584127340643,15.0,20,21,1,Excellent,18-25,Very Long
0x9a82,COIMBRES04DEL02,35,4.7,11.024839,77.007003,11.044839,77.027003,1900-01-01 10:10:00,1900-01-01 10:15:00,1,2,0,2,3,0.0,1,1,21.0,3.116128490575321,5.0,10,10,1,Good,26-35,Medium
0x2f83,RANCHIRES08DEL02,27,4.7,23.353783,85.326967,23.433783,85.406967,1900-01-01 17:55:00,1900-01-01 18:10:00,3,3,2,2,3,1.0,1,1,27.0,12.074281945769359,15.0,17,18,0,Good,26-35,Very Long
0xb226,HYDRES15DEL01,29,4.0,17.45971,78.368855,17.46971,78.378855,1900-01-01 11:20:00,1900-01-01 11:25:00,3,0,0,3,3,1.0,1,1,35.0,1.5367158933394087,5.0,11,11,0,Average,26-35,Short
0xcb37,ALHRES18DEL02,39,5.0,25.450317,81.831681,25.500317,81.881681,1900-01-01 20:00:00,1900-01-01 20:05:00,0,1,1,2,4,0.0,1,1,38.0,7.490187108752871,5.0,20,20,1,Excellent,36-45,Long
0x60e1,MUMRES01DEL01,22,4.8,19.12663,72.829976,19.13663,72.839976,1900-01-01 09:15:00,1900-01-01 09:25:00,2,2,1,3,4,1.0,1,1,15.0,1.5297232853100242,10.0,9,9,1,Excellent,18-25,Short
0xc194,KOCRES14DEL03,32,4.9,10.027014,76.308053,10.117014,76.398053,1900-01-01 19:10:00,1900-01-01 19:15:00,1,1,0,2,3,3.0,2,1,54.0,14.044169821640054,5.0,19,19,1,Excellent,26-35,Very Long
0xa37c,MUMRES010DEL02,22,4.9,19.003517,72.82765,19.083517,72.90765,1900-01-01 18:40:00,1900-01-01 18:55:00,6,3,1,3,4,1.0,1,1,19.0,12.24085827411391,15.0,18,18,1,Excellent,18-25,Very Long
0x1f61,MUMRES14DEL03,35,4.0,19.1813,72.836191,19.2413,72.896191,1900-01-01 19:25:00,1900-01-01 19:40:00,6,1,1,1,3,1.0,1,1,34.0,9.17624749258827,15.0,19,19,1,Average,26-35,Long
0xa118,VADRES09DEL03,34,4.7,0.0,0.0,0.06,0.06,1900-01-01 23:15:00,1900-01-01 23:25:00,0,2,1,3,3,0.0,1,3,18.0,9.435201537430713,10.0,23,23,0,Good,26-35,Long
0xd664,KOCRES01DEL02,39,4.6,9.979363,76.285001,10.029363,76.335001,1900-01-01 20:50:00,1900-01-01 21:00:00,2,1,1,2,4,1.0,1,1,29.0,7.803119706574829,10.0,20,21,1,Good,36-45,Long
0x6396,HYDRES09DEL03,25,3.4,17.431668,78.408321,17.521668,78.498321,1900-01-01 23:40:00,1900-01-01 23:45:00,4,2,1,0,3,0.0,1,1,34.0,13.83000931143171,5.0,23,23,0,Average,18-25,Very Long
0x298f,RANCHIRES11DEL01,38,4.8,23.359194,85.325447,23.469194,85.435447,1900-01-01 22:10:00,1900-01-01 22:20:00,6,2,0,1,3,1.0,1,4,22.0,16.60096646627219,10.0,22,22,0,Excellent,36-45,Very Long
0x90f1,PUNERES20DEL03,21,4.6,18.592718,73.773572,18.652718,73.833572,1900-01-01 23:00:00,1900-01-01 23:10:00,1,2,0,2,3,1.0,1,3,15.0,9.19151681625338,10.0,23,23,0,Good,18-25,Long
0x31e0,HYDRES04DEL01,30,4.7,17.411028,78.329645,17.521028,78.439645,1900-01-01 20:00:00,1900-01-01 20:10:00,1,1,2,0,4,1.0,1,1,35.0,16.90381483815878,10.0,20,20,1,Good,26-35,Very Long
0x7c0e,CHENRES09DEL01,21,4.4,13.044694,80.26147,13.054694,80.27147,1900-01-01 10:00:00,1900-01-01 10:15:00,2,2,0,3,3,1.0,1,1,26.0,1.5523608800116515,15.0,10,10,1,Average,18-25,Short
0x7624,MYSRES16DEL02,30,4.8,12.316967,76.603067,12.366967,76.653067,1900-01-01 23:50:00,1900-01-01 00:00:00,0,2,0,0,3,1.0,1,1,20.0,7.772343594464243,10.0,23,0,0,Excellent,26-35,Long
0x7d30,COIMBRES17DEL03,23,4.7,11.026117,76.944652,11.056117,76.974652,1900-01-01 23:00:00,1900-01-01 23:10:00,6,2,2,0,2,1.0,1,1,19.0,4.674143698976439,10.0,23,23,0,Good,18-25,Medium
0xe21d,LUDHRES08DEL03,28,4.7,30.899992,75.831338,30.929992,75.861338,1900-01-01 18:30:00,1900-01-01 18:40:00,1,3,2,0,3,1.0,1,3,12.0,4.395281348843586,10.0,18,18,1,Good,26-35,Medium
0x2f43,RANCHIRES08DEL03,26,5.0,23.353783,85.326967,23.413783,85.386967,1900-01-01 20:50:00,1900-01-01 21:05:00,2,1,1,0,4,0.0,1,3,12.0,9.056024276265347,15.0,20,21,1,Excellent,26-35,Long
0xd9ce,GOARES20DEL01,32,5.0,0.0,0.0,0.01,0.01,1900-01-01 09:50:00,1900-01-01 10:05:00,0,2,1,1,4,1.0,1,1,17.0,1.5725337292863206,15.0,9,10,1,Excellent,26-35,Short
0x6389,COIMBRES15DEL03,26,5.0,11.006686,76.951736,11.066686,77.011736,1900-01-01 22:00:00,1900-01-01 22:10:00,2,1,2,0,3,1.0,1,1,23.0,9.348356419300423,10.0,22,22,0,Excellent,26-35,Long
0x1182,SURRES20DEL03,28,4.9,21.15276,72.778059,21.18276,72.808059,1900-01-01 20:00:00,1900-01-01 20:10:00,0,1,1,3,3,0.0,1,3,29.0,4.561223681551846,10.0,20,20,1,Excellent,26-35,Medium
0x1517,BANGRES17DEL03,23,4.7,12.972532,77.608179,13.032532,77.668179,1900-01-01 22:25:00,1900-01-01 22:30:00,0,2,1,1,3,0.0,1,3,12.0,9.315028811002955,5.0,22,22,0,Good,18-25,Long
0xae2,PUNERES20DEL02,25,4.9,18.592718,73.773572,18.722718,73.903572,1900-01-01 23:55:00,1900-01-01 00:05:00,6,2,1,3,3,1.0,1,1,16.0,19.913009545593138,10.0,23,0,0,Excellent,18-25,Very Long
0xbdc7,JAPRES02DEL02,27,4.2,26.914142,75.805704,26.994142,75.885704,1900-01-01 18:20:00,1900-01-01 18:30:00,0,3,2,0,4,1.0,1,1,35.0,11.91657558009644,10.0,18,18,1,Average,26-35,Very Long
0x497b,HYDRES16DEL01,36,4.2,17.440827,78.393391,17.510827,78.463391,1900-01-01 19:30:00,1900-01-01 19:35:00,1,1,2,3,4,1.0,1,1,44.0,10.756697879102619,5.0,19,19,1,Average,36-45,Very Long
0xa2ef,MUMRES01DEL01,31,4.2,19.12663,72.829976,19.16663,72.869976,1900-01-01 14:30:00,1900-01-01 14:45:00,2,0,0,0,3,0.0,1,1,41.0,6.1186308844114,15.0,14,14,0,Average,26-35,Long
0x30bc,CHENRES18DEL03,21,4.6,12.981615,80.231598,13.071615,80.321598,1900-01-01 21:35:00,1900-01-01 21:50:00,6,1,1,0,4,1.0,1,1,25.0,13.971881683316301,15.0,21,21,1,Good,18-25,Very Long
0xc94f,AGRRES03DEL01,23,4.4,27.160832,78.011608,27.200832,78.051608,1900-01-01 15:00:00,1900-01-01 15:15:00,1,0,1,0,3,1.0,1,1,34.0,5.952962854609646,15.0,15,15,0,Average,18-25,Long
0x2c7d,MUMRES02DEL02,25,4.5,19.221315,72.862381,19.241315,72.882381,1900-01-01 11:25:00,1900-01-01 11:40:00,1,0,0,0,3,1.0,1,1,29.0,3.0585736588579726,15.0,11,11,0,Good,18-25,Medium
0x89d7,RANCHIRES14DEL03,38,4.9,0.0,0.0,0.06,0.06,1900-01-01 19:10:00,1900-01-01 19:25:00,0,1,2,1,2,1.0,1,1,29.0,9.435201537430713,15.0,19,19,1,Excellent,36-45,Long
0x5229,CHENRES03DEL03,37,5.0,13.091809,80.219104,13.151809,80.279104,1900-01-01 18:10:00,1900-01-01 18:20:00,3,3,1,3,3,1.0,1,1,27.0,9.31283846749211,10.0,18,18,1,Excellent,36-45,Long
0xc779,KOCRES07DEL03,21,4.6,9.985697,76.281128,10.075697,76.371128,1900-01-01 23:20:00,1900-01-01 23:30:00,6,2,2,3,4,0.0,1,3,11.0,14.045053524690072,10.0,23,23,0,Good,18-25,Very Long
0xbb62,COIMBRES20DEL02,21,4.9,10.994136,76.963303,11.044136,77.013303,1900-01-01 21:00:00,1900-01-01 21:10:00,3,1,1,1,4,1.0,1,1,29.0,7.790525266841046,10.0,21,21,1,Excellent,18-25,Long
0x36d1,INDORES16DEL02,21,4.9,22.744648,75.894377,22.764648,75.914377,1900-01-01 10:15:00,1900-01-01 10:25:00,3,2,1,0,4,0.0,1,3,11.0,3.0251533668867396,10.0,10,10,1,Excellent,18-25,Medium
0x560b,PUNERES03DEL02,29,5.0,18.554382,73.798206,18.634382,73.878206,1900-01-01 17:25:00,1900-01-01 17:30:00,2,3,0,3,3,1.0,1,1,39.0,12.256321133212229,5.0,17,17,0,Excellent,26-35,Very Long
0xa84f,VADRES15DEL02,35,5.0,0.0,0.0,0.05,0.05,1900-01-01 19:15:00,1900-01-01 19:30:00,2,1,2,3,2,1.0,1,3,30.0,7.8626681674103684,15.0,19,19,1,Excellent,26-35,Long
0x8b18,HYDRES08DEL03,28,4.8,17.438263,78.397865,17.468263,78.427865,1900-01-01 17:35:00,1900-01-01 17:50:00,0,3,2,0,4,0.0,1,3,14.0,4.610285665960067,15.0,17,17,0,Excellent,26-35,Medium
0x9ddc,INDORES08DEL02,34,4.0,22.725748,75.898497,22.855747,76.028497,1900-01-01 17:45:00,1900-01-01 18:00:00,0,3,2,1,4,1.0,1,1,36.0,19.66102221350665,15.0,17,18,0,Average,26-35,Very Long
0xe235,ALHRES19DEL03,28,4.6,25.457116,81.859682,25.597116,81.999682,1900-01-01 23:45:00,1900-01-01 00:00:00,0,2,1,3,3,1.0,1,1,23.0,20.968460294411766,15.0,23,0,0,Good,26-35,Very Long
0x8ad2,JAPRES16DEL01,31,4.7,26.849596,75.800512,26.889596,75.840512,1900-01-01 13:15:00,1900-01-01 13:20:00,0,0,1,3,4,0.0,1,1,29.0,5.960265171500215,5.0,13,13,0,Good,26-35,Long
0x5408,CHENRES13DEL01,22,4.6,13.027018,80.254791,13.067018,80.294791,1900-01-01 14:45:00,1900-01-01 15:00:00,1,0,0,1,3,1.0,1,1,25.0,6.209476177667662,15.0,14,15,0,Good,18-25,Long
0xc06e,BHPRES15DEL02,36,5.0,-23.234249,77.434007,23.254249,77.454007,1900-01-01 09:30:00,1900-01-01 09:35:00,4,2,2,2,4,1.0,1,1,10.0,5169.285576764973,5.0,9,9,1,Excellent,36-45,
0x2fc0,MYSRES17DEL03,21,4.5,12.326356,76.619103,12.416356,76.709103,1900-01-01 23:55:00,1900-01-01 00:05:00,3,2,2,0,4,0.0,1,3,12.0,13.989450296958767,10.0,23,0,0,Good,18-25,Very Long
0x3eeb,VADRES010DEL02,23,4.9,22.310329,73.169083,22.440329,73.299083,1900-01-01 23:55:00,1900-01-01 00:00:00,4,2,0,3,3,0.0,1,3,23.0,19.68840740892438,5.0,23,0,0,Excellent,18-25,Very Long
0x75e8,MUMRES08DEL03,35,4.6,19.065838,72.832658,19.125838,72.892658,1900-01-01 23:30:00,1900-01-01 23:35:00,1,2,0,1,3,1.0,1,1,20.0,9.179276688028636,5.0,23,23,0,Good,26-35,Long
0x2046,BANGRES010DEL02,23,4.8,12.933298,77.614293,12.953298,77.634293,1900-01-01 08:20:00,1900-01-01 08:25:00,0,2,2,3,4,1.0,1,3,18.0,3.105369890908668,5.0,8,8,1,Excellent,18-25,Medium
0x7418,BANGRES13DEL01,20,4.6,12.935662,77.61413,12.975662,77.65413,1900-01-01 12:45:00,1900-01-01 13:00:00,2,0,0,1,3,0.0,1,3,22.0,6.2105896103141776,15.0,12,13,0,Good,18-25,Long
0x5939,VADRES16DEL01,22,4.9,0.0,0.0,0.07,0.07,1900-01-01 23:15:00,1900-01-01 23:25:00,0,2,2,1,3,1.0,1,1,23.0,11.007734763744619,10.0,23,23,0,Excellent,18-25,Very Long
0x133b,COIMBRES04DEL02,28,4.5,11.024839,77.007003,11.154839,77.137003,1900-01-01 18:55:00,1900-01-01 19:10:00,3,3,1,0,4,1.0,1,1,26.0,20.252967850083056,15.0,18,19,1,Good,26-35,Very Long
0x42da,SURRES06DEL02,23,4.5,21.185047,72.80859,21.235047,72.85859,1900-01-01 21:40:00,1900-01-01 21:50:00,6,1,0,2,3,0.0,1,1,23.0,7.601027931404884,10.0,21,21,1,Good,18-25,Long
0xdaad,BHPRES01DEL01,38,4.9,23.211529,77.419399,23.221529,77.429399,1900-01-01 11:35:00,1900-01-01 11:50:00,4,0,1,3,3,1.0,1,1,20.0,1.5102059212854184,15.0,11,11,0,Excellent,36-45,Short
0xbfd6,DEHRES06DEL03,38,4.7,30.361281,78.068022,30.391281,78.098022,1900-01-01 21:20:00,1900-01-01 21:35:00,0,1,0,2,3,0.0,1,1,28.0,4.405707968793497,15.0,21,21,1,Good,36-45,Medium
0xd7d8,LUDHRES15DEL03,38,4.5,30.899584,75.809346,30.989584,75.899346,1900-01-01 19:25:00,1900-01-01 19:35:00,3,1,1,3,3,0.0,1,1,33.0,13.184113175194765,10.0,19,19,1,Good,36-45,Very Long
0x551b,BANGRES04DEL02,21,4.8,12.98041,77.640489,13.06041,77.720489,1900-01-01 22:00:00,1900-01-01 22:10:00,3,1,0,0,3,0.0,1,1,29.0,12.41960204102968,10.0,22,22,0,Excellent,18-25,Very Long
0x22fb,RANCHIRES05DEL03,35,4.9,23.355164,85.324097,23.415164,85.384097,1900-01-01 19:30:00,1900-01-01 19:35:00,4,1,0,3,3,0.0,1,1,24.0,9.055981117924203,5.0,19,19,1,Excellent,26-35,Long
0x8c5f,MYSRES20DEL01,39,4.0,12.337978,76.616792,12.377978,76.656792,1900-01-01 12:45:00,1900-01-01 12:50:00,2,0,0,3,3,0.0,1,1,36.0,6.217689154531591,5.0,12,12,0,Average,36-45,Long
0xba7b,COIMBRES13DEL01,29,4.7,11.003669,76.976494,11.013669,76.986494,1900-01-01 10:00:00,1900-01-01 10:10:00,1,2,2,3,2,0.0,1,3,11.0,1.5581322655568652,10.0,10,10,1,Good,26-35,Short
0xa6aa,SURRES12DEL03,32,5.0,21.183434,72.814492,21.273434,72.904492,1900-01-01 22:45:00,1900-01-01 22:50:00,3,2,1,2,3,1.0,1,1,25.0,13.681056958913903,5.0,22,22,0,Excellent,26-35,Very Long
0x7db2,HYDRES06DEL01,33,3.0,17.455894,78.375467,17.565894,78.485467,1900-01-01 22:35:00,1900-01-01 22:45:00,4,2,0,0,3,2.0,1,3,34.0,16.901828274275406,10.0,22,22,0,Average,26-35,Very Long
0x596d,RANCHIRES09DEL01,24,4.8,23.351058,85.325731,23.421058,85.395731,1900-01-01 23:45:00,1900-01-01 23:55:00,1,2,2,2,4,1.0,1,1,25.0,10.5652785705811,10.0,23,23,0,Excellent,18-25,Very Long
0x215d,MUMRES20DEL02,22,4.7,19.103249,72.846749,19.233249,72.976749,1900-01-01 17:50:00,1900-01-01 18:00:00,6,3,2,3,3,1.0,1,1,27.0,19.88431857497891,10.0,17,18,0,Good,18-25,Very Long
0x9a03,JAPRES09DEL02,35,4.7,26.911378,75.789034,27.041378,75.919034,1900-01-01 19:20:00,1900-01-01 19:35:00,2,1,0,1,3,1.0,2,2,52.0,19.362740471251666,15.0,19,19,1,Good,26-35,Very Long
0x53e3,SURRES12DEL01,25,5.0,21.183434,72.814492,21.293434,72.924492,1900-01-01 21:25:00,1900-01-01 21:40:00,2,1,0,0,3,1.0,1,1,39.0,16.72076404537099,15.0,21,21,1,Excellent,18-25,Very Long
0x6d9b,JAPRES05DEL01,24,4.3,26.905287,75.794592,27.015287,75.904592,1900-01-01 20:50:00,1900-01-01 20:55:00,1,1,1,0,3,1.0,1,1,43.0,16.38489468676721,5.0,20,20,1,Average,18-25,Very Long
0xb72c,COIMBRES18DEL01,27,4.6,11.02091,76.940432,11.03091,76.950432,1900-01-01 11:15:00,1900-01-01 11:20:00,2,0,0,3,3,0.0,1,1,17.0,1.5580874730609473,5.0,11,11,0,Good,26-35,Short
0x20ac,BANGRES19DEL03,39,4.2,12.914264,77.6784,12.974264,77.7384,1900-01-01 17:30:00,1900-01-01 17:35:00,6,3,2,3,4,2.0,1,3,34.0,9.316091864517965,5.0,17,17,0,Average,36-45,Long
0x77bd,BANGRES13DEL02,38,4.7,12.935662,77.61413,13.065662,77.74413,1900-01-01 18:45:00,1900-01-01 19:00:00,6,3,2,2,2,0.0,1,3,22.0,20.18263448829367,15.0,18,19,1,Good,36-45,Very Long
0x9ba6,CHENRES07DEL03,34,4.6,13.081878,80.248519,13.171878,80.338519,1900-01-01 21:55:00,1900-01-01 22:00:00,0,1,0,2,3,2.0,1,1,48.0,13.969116967730173,5.0,21,22,1,Good,26-35,Very Long
0x90f5,MUMRES07DEL01,23,4.8,19.091458,72.827808,19.201458,72.937808,1900-01-01 17:30:00,1900-01-01 17:35:00,4,3,1,0,3,1.0,1,1,14.0,16.826241648658115,5.0,17,17,0,Excellent,18-25,Very Long
0x32fd,RANCHIRES03DEL02,24,4.7,0.0,0.0,0.02,0.02,1900-01-01 10:25:00,1900-01-01 10:35:00,4,2,2,1,2,1.0,1,1,21.0,3.145067434621583,10.0,10,10,1,Good,18-25,Medium
0x1fdd,SURRES16DEL03,38,4.7,21.160437,72.774209,21.220437,72.834209,1900-01-01 22:30:00,1900-01-01 22:35:00,4,2,0,1,3,1.0,1,1,29.0,9.121796528794311,5.0,22,22,0,Good,36-45,Long
0x688c,INDORES04DEL02,24,4.0,22.753659,75.903365,22.833659,75.983365,1900-01-01 20:45:00,1900-01-01 21:00:00,0,1,2,0,4,1.0,1,3,40.0,12.09902345211663,15.0,20,21,1,Average,18-25,Very Long
0x3757,JAPRES11DEL03,34,5.0,26.90294,75.793007,27.04294,75.933007,1900-01-01 17:30:00,1900-01-01 17:45:00,4,3,1,3,4,1.0,1,1,24.0,20.85246332426527,15.0,17,17,0,Excellent,26-35,Very Long
0x1e13,VADRES13DEL01,29,4.8,22.310237,73.158921,22.350237,73.198921,1900-01-01 14:35:00,1900-01-01 14:50:00,0,0,1,2,3,2.0,1,1,33.0,6.058876303739158,15.0,14,14,0,Excellent,26-35,Long
0x5fae,HYDRES11DEL01,23,4.0,17.430448,78.418213,17.500448,78.488213,1900-01-01 21:55:00,1900-01-01 22:10:00,1,1,2,1,4,1.0,1,1,38.0,10.756990051436132,15.0,21,22,1,Average,18-25,Very Long
0x2fa4,CHENRES20DEL01,26,4.5,12.975996,80.221898,13.015996,80.261898,1900-01-01 12:45:00,1900-01-01 12:55:00,3,0,1,1,3,1.0,1,3,12.0,6.210098947886509,10.0,12,12,0,Good,26-35,Long
0xba7d,PUNERES01DEL02,37,4.6,18.569156,73.774723,18.649156,73.854723,1900-01-01 23:00:00,1900-01-01 23:05:00,6,2,1,2,4,1.0,1,1,22.0,12.255817809722812,5.0,23,23,0,Good,36-45,Very Long
0xd81,INDORES15DEL02,24,4.7,22.760072,75.892574,22.810072,75.942574,1900-01-01 21:00:00,1900-01-01 21:15:00,0,1,2,1,4,1.0,1,1,32.0,7.562108717550266,15.0,21,21,1,Good,18-25,Long
0xc1c0,KOLRES12DEL03,30,4.2,22.551084,88.354127,22.581084,88.384127,1900-01-01 17:30:00,1900-01-01 17:45:00,0,3,0,1,3,1.0,1,1,34.0,4.540598459773032,15.0,17,17,0,Average,26-35,Medium
0x101d,HYDRES02DEL01,29,4.2,17.41233,78.449654,17.42233,78.459654,1900-01-01 10:30:00,1900-01-01 10:35:00,2,2,0,0,3,1.0,1,3,26.0,1.5369061340343029,5.0,10,10,1,Average,26-35,Short
0x48f9,HYDRES11DEL02,27,5.0,17.430448,78.418213,17.450448,78.438213,1900-01-01 08:40:00,1900-01-01 08:50:00,4,2,1,3,4,0.0,1,3,21.0,3.073626731695901,10.0,8,8,1,Excellent,26-35,Medium
0xd3b7,AGRRES12DEL02,25,4.8,27.165108,78.015053,27.245108,78.095053,1900-01-01 22:40:00,1900-01-01 22:50:00,1,2,1,3,4,0.0,1,1,27.0,11.904780345542626,10.0,22,22,0,Excellent,18-25,Very Long
0x19e8,MUMRES06DEL02,29,4.7,19.055831,72.833984,19.185831,72.963984,1900-01-01 19:25:00,1900-01-01 19:40:00,6,1,2,1,3,1.0,1,3,24.0,19.88701283582688,15.0,19,19,1,Good,26-35,Very Long
0x23f0,MUMRES11DEL01,33,4.6,18.994237,72.825553,19.104237,72.935553,1900-01-01 17:45:00,1900-01-01 18:00:00,2,3,1,0,3,1.0,1,1,22.0,16.83090555193196,15.0,17,18,0,Good,26-35,Very Long
0x7914,RANCHIRES06DEL03,26,4.9,23.357804,85.325146,23.417804,85.385146,1900-01-01 22:55:00,1900-01-01 23:05:00,2,2,1,0,3,0.0,1,1,11.0,9.055898607912091,10.0,22,23,0,Excellent,26-35,Long
0xdf3,MUMRES20DEL02,31,4.6,19.103249,72.846749,19.123249,72.866749,1900-01-01 10:20:00,1900-01-01 10:25:00,1,2,2,3,2,1.0,1,1,15.0,3.05960707159485,5.0,10,10,1,Good,26-35,Medium
0x80f4,JAPRES11DEL03,21,4.7,26.90294,75.793007,26.93294,75.823007,1900-01-01 19:25:00,1900-01-01 19:35:00,3,1,2,2,4,0.0,1,1,12.0,4.469351491411031,10.0,19,19,1,Good,18-25,Medium
0x5aa6,MYSRES16DEL02,20,4.7,12.316967,76.603067,12.396967,76.683067,1900-01-01 20:20:00,1900-01-01 20:30:00,0,1,0,2,3,3.0,1,1,46.0,12.435401342193114,10.0,20,20,1,Good,18-25,Very Long
0x2248,BANGRES09DEL02,23,4.6,12.934179,77.615797,12.954179,77.635797,1900-01-01 08:45:00,1900-01-01 09:00:00,1,2,2,1,4,1.0,1,1,15.0,3.105364544907298,15.0,8,9,1,Good,18-25,Medium
0x43a8,MYSRES16DEL02,26,4.8,12.316967,76.603067,12.336967,76.623067,1900-01-01 09:45:00,1900-01-01 09:50:00,0,2,2,0,4,1.0,1,3,16.0,3.1090243972299714,5.0,9,9,1,Excellent,26-35,Medium
0xc2bc,ALHRES06DEL02,30,4.6,0.0,0.0,0.02,0.02,1900-01-01 09:25:00,1900-01-01 09:30:00,0,2,0,0,3,1.0,1,1,23.0,3.145067434621583,5.0,9,9,1,Good,26-35,Medium
0x5cae,PUNERES15DEL02,30,4.9,18.636215,73.751081,18.766215,73.881081,1900-01-01 23:55:00,1900-01-01 00:05:00,1,2,1,3,3,0.0,1,1,29.0,19.91059239709516,10.0,23,0,0,Excellent,26-35,Very Long
0x3449,BANGRES18DEL01,35,3.5,12.913041,77.683237,13.023041,77.793237,1900-01-01 23:50:00,1900-01-01 00:05:00,1,2,1,3,3,0.0,1,1,36.0,17.078706390631634,15.0,23,0,0,Average,26-35,Very Long
0x3717,SURRES010DEL03,34,4.0,21.17106,72.789292,21.20106,72.819292,1900-01-01 18:35:00,1900-01-01 18:40:00,6,3,2,2,4,1.0,1,3,34.0,4.560961191343599,5.0,18,18,1,Average,26-35,Medium
0xad2c,CHENRES19DEL02,28,4.9,12.986047,80.218114,13.116047,80.348114,1900-01-01 23:00:00,1900-01-01 23:10:00,3,2,1,0,3,0.0,1,3,10.0,20.180635114114718,10.0,23,23,0,Excellent,26-35,Very Long
0x5004,VADRES15DEL01,25,4.7,0.0,0.0,0.04,0.04,1900-01-01 13:25:00,1900-01-01 13:30:00,2,0,2,2,2,0.0,1,3,10.0,6.290134677634678,5.0,13,13,0,Good,18-25,Long
0x80bf,VADRES08DEL02,27,4.9,0.0,0.0,0.13,0.13,1900-01-01 23:40:00,1900-01-01 23:55:00,1,2,2,2,2,1.0,1,1,22.0,20.44292976252901,15.0,23,23,0,Excellent,26-35,Very Long
0xc9bb,LUDHRES08DEL01,26,4.8,30.899992,75.831338,30.909992,75.841338,1900-01-01 10:00:00,1900-01-01 10:05:00,0,2,0,1,3,0.0,1,1,21.0,1.4651587132830592,5.0,10,10,1,Excellent,26-35,Short
0x6604,JAPRES08DEL03,22,4.6,26.910262,75.783013,27.000262,75.873013,1900-01-01 19:30:00,1900-01-01 19:35:00,2,1,1,1,3,1.0,1,1,29.0,13.406088270680275,5.0,19,19,1,Good,18-25,Very Long
0x9b96,VADRES08DEL03,35,4.9,0.0,0.0,0.09,0.09,1900-01-01 20:15:00,1900-01-01 20:30:00,2,1,2,3,4,1.0,1,1,28.0,14.15280068944862,15.0,20,20,1,Excellent,26-35,Very Long
0x7dd0,PUNERES04DEL01,33,4.7,18.51421,73.838429,18.52421,73.848429,1900-01-01 09:20:00,1900-01-01 09:25:00,0,2,0,3,3,1.0,1,3,26.0,1.5323596444882273,5.0,9,9,1,Good,26-35,Short
0x9f02,MUMRES12DEL01,32,4.8,19.207222,72.972281,19.277222,73.042281,1900-01-01 22:35:00,1900-01-01 22:50:00,4,2,2,1,3,1.0,1,1,18.0,10.704672233866505,15.0,22,22,0,Excellent,26-35,Very Long
0x58bf,JAPRES08DEL03,21,5.0,26.910262,75.783013,27.050262,75.923013,1900-01-01 18:15:00,1900-01-01 18:30:00,2,3,1,1,3,1.0,1,1,17.0,20.851862908260973,15.0,18,18,1,Excellent,18-25,Very Long
0x928c,PUNERES05DEL01,32,4.6,18.543626,73.905101,18.583626,73.945101,1900-01-01 12:25:00,1900-01-01 12:40:00,3,0,1,3,4,1.0,1,1,27.0,6.128684140033282,15.0,12,12,0,Good,26-35,Long
0x91bf,CHENRES13DEL02,34,4.9,13.027018,80.254791,13.107018,80.334791,1900-01-01 22:45:00,1900-01-01 23:00:00,4,2,1,3,3,1.0,1,1,27.0,12.418462399627495,15.0,22,23,0,Excellent,26-35,Very Long
0x46a0,JAPRES19DEL01,22,4.8,26.913726,75.75282,26.983726,75.82282,1900-01-01 21:10:00,1900-01-01 21:15:00,1,1,1,1,4,0.0,1,1,30.0,10.427225702895106,5.0,21,21,1,Excellent,18-25,Very Long
0x576e,BANGRES08DEL02,29,4.8,12.906229,77.596791,13.036229,77.726791,1900-01-01 20:20:00,1900-01-01 20:25:00,6,1,1,3,4,1.0,1,1,17.0,20.183799025948787,5.0,20,20,1,Excellent,26-35,Very Long
0xddc9,AURGRES06DEL03,20,5.0,19.874449,75.360232,19.964449,75.450232,1900-01-01 20:15:00,1900-01-01 20:30:00,2,1,1,1,3,0.0,1,1,28.0,13.735965288529389,15.0,20,20,1,Excellent,18-25,Very Long
0x2eef,VADRES05DEL03,35,4.6,22.310526,73.170937,22.400526,73.260937,1900-01-01 22:50:00,1900-01-01 22:55:00,6,2,0,1,3,1.0,1,1,21.0,13.631330662170873,5.0,22,22,0,Good,26-35,Very Long
0xcdf9,AGRRES17DEL03,22,4.9,27.157772,78.04725,27.187772,78.07725,1900-01-01 20:20:00,1900-01-01 20:35:00,2,1,0,2,3,0.0,1,1,30.0,4.464864633689885,15.0,20,20,1,Excellent,18-25,Medium
0x558a,COIMBRES02DEL01,35,4.7,11.022477,76.995667,11.132477,77.105667,1900-01-01 21:40:00,1900-01-01 21:55:00,4,1,2,3,4,0.0,1,1,27.0,17.137482577838597,15.0,21,21,1,Good,26-35,Very Long
0x359d,SURRES14DEL02,20,5.0,21.157729,72.768726,21.287729,72.898726,1900-01-01 18:50:00,1900-01-01 19:05:00,0,3,1,1,3,1.0,1,1,27.0,19.76188040923094,15.0,18,19,1,Excellent,18-25,Very Long
0x477b,JAPRES09DEL03,25,5.0,26.911378,75.789034,26.941378,75.819034,1900-01-01 20:35:00,1900-01-01 20:45:00,2,1,2,1,3,1.0,1,1,29.0,4.469203457950985,10.0,20,20,1,Excellent,18-25,Medium
0x697b,INDORES18DEL02,27,4.8,22.753839,75.897429,22.833838,75.977429,1900-01-01 19:40:00,1900-01-01 19:50:00,0,1,0,1,3,1.0,2,1,40.0,12.09893438000095,10.0,19,19,1,Excellent,26-35,Very Long
0xe109,KNPRES16DEL01,25,4.7,26.482581,80.315628,26.492581,80.325628,1900-01-01 10:30:00,1900-01-01 10:35:00,3,2,2,3,4,0.0,1,1,19.0,1.4922842147892665,5.0,10,10,1,Good,18-25,Short
0x2836,CHENRES18DEL01,34,4.9,12.981615,80.231598,13.021615,80.271598,1900-01-01 16:55:00,1900-01-01 17:05:00,2,3,0,1,3,0.0,1,3,26.0,6.210030477135088,10.0,16,17,0,Excellent,26-35,Long
0xa18c,INDORES20DEL01,29,4.8,22.732225,75.874765,22.772225,75.914765,1900-01-01 16:00:00,1900-01-01 16:10:00,4,3,0,1,3,1.0,1,4,21.0,6.050355980667947,10.0,16,16,0,Excellent,26-35,Long
0x5979,CHENRES05DEL01,32,4.0,13.058616,80.264151,13.098616,80.304151,1900-01-01 12:40:00,1900-01-01 12:50:00,2,0,2,0,3,1.0,1,1,34.0,6.209089325963786,10.0,12,12,0,Average,26-35,Long
0x67ad,CHENRES06DEL01,25,4.7,13.054347,80.257221,13.164347,80.367221,1900-01-01 18:35:00,1900-01-01 18:45:00,6,3,2,3,3,1.0,1,1,27.0,17.07395729139767,10.0,18,18,1,Good,18-25,Very Long
0x5c6b,SURRES19DEL01,36,4.6,21.149669,72.772629,21.259669,72.882629,1900-01-01 20:35:00,1900-01-01 20:50:00,0,1,0,3,3,3.0,1,3,50.0,16.722543155307,15.0,20,20,1,Good,36-45,Very Long
0x1203,PUNERES18DEL02,21,4.9,18.593481,73.785901,18.723481,73.915901,1900-01-01 21:25:00,1900-01-01 21:35:00,0,1,1,1,3,1.0,1,1,30.0,19.91296718928853,10.0,21,21,1,Excellent,18-25,Very Long
0x396c,CHENRES05DEL01,36,4.2,13.058616,80.264151,13.168616,80.374151,1900-01-01 17:50:00,1900-01-01 18:05:00,6,3,1,1,4,1.0,1,3,36.0,17.073813051007523,15.0,17,18,0,Average,36-45,Very Long
0x77cf,PUNERES03DEL03,24,4.9,18.554382,73.798206,18.644382,73.888206,1900-01-01 23:55:00,1900-01-01 00:05:00,0,2,0,1,3,1.0,1,1,24.0,13.788169484007305,10.0,23,0,0,Excellent,18-25,Very Long
0xf6a,BANGRES15DEL03,34,4.9,12.975377,77.696664,13.065377,77.786664,1900-01-01 23:10:00,1900-01-01 23:15:00,2,2,2,1,4,1.0,1,1,24.0,13.972053024557594,5.0,23,23,0,Excellent,26-35,Very Long
0x7f12,PUNERES02DEL03,29,4.5,18.55144,73.804855,18.64144,73.894855,1900-01-01 23:10:00,1900-01-01 23:25:00,1,2,2,3,2,1.0,1,3,25.0,13.788282220013778,15.0,23,23,0,Good,26-35,Very Long
0x639b,CHENRES03DEL03,31,4.5,13.091809,80.219104,13.181809,80.309104,1900-01-01 21:55:00,1900-01-01 22:00:00,2,1,1,0,4,1.0,1,1,25.0,13.968842021961057,5.0,21,22,1,Good,26-35,Very Long
0x5f86,INDORES03DEL01,24,4.7,22.751857,75.866699,22.791857,75.906699,1900-01-01 12:20:00,1900-01-01 12:30:00,4,0,1,1,3,0.0,1,1,10.0,6.049956259946466,10.0,12,12,0,Good,18-25,Long
0x6ba8,COIMBRES06DEL02,23,4.8,11.021278,76.995017,11.041278,77.015017,1900-01-01 08:55:00,1900-01-01 09:00:00,4,2,1,1,3,0.0,1,1,17.0,3.1161470193369545,5.0,8,9,1,Excellent,18-25,Medium
0xd050,KOCRES19DEL01,29,4.1,9.960846,76.293936,10.030846,76.363936,1900-01-01 21:15:00,1900-01-01 21:20:00,1,1,2,3,3,1.0,1,1,35.0,10.924508385005714,5.0,21,21,1,Average,26-35,Very Long
0x3e2c,CHENRES20DEL01,33,4.6,12.975996,80.221898,13.015996,80.261898,1900-01-01 14:35:00,1900-01-01 14:40:00,4,0,1,2,3,1.0,1,3,23.0,6.210098947886509,5.0,14,14,0,Good,26-35,Long
0x348b,CHENRES16DEL03,27,4.3,13.049645,80.242268,13.079645,80.272268,1900-01-01 22:10:00,1900-01-01 22:15:00,3,2,0,0,3,1.0,1,3,24.0,4.65694538594946,5.0,22,22,0,Average,26-35,Medium
0xbe6b,JAPRES05DEL03,21,4.7,26.905287,75.794592,26.965287,75.854592,1900-01-01 23:25:00,1900-01-01 23:30:00,1,2,1,0,3,1.0,1,3,15.0,8.938093974530164,5.0,23,23,0,Good,18-25,Long
0x1a9f,MUMRES03DEL01,32,4.6,19.22384,72.841347,19.23384,72.851347,1900-01-01 11:40:00,1900-01-01 11:55:00,4,0,1,1,3,1.0,1,1,22.0,1.5292976945190186,15.0,11,11,0,Good,26-35,Short
0x4a23,MYSRES010DEL02,27,4.6,12.321214,76.621094,12.371214,76.671094,1900-01-01 19:40:00,1900-01-01 19:45:00,1,1,2,3,4,0.0,1,1,23.0,7.772282029629311,5.0,19,19,1,Good,26-35,Long
0x33e7,MYSRES01DEL01,32,4.7,12.311072,76.654878,12.381072,76.724878,1900-01-01 22:30:00,1900-01-01 22:35:00,2,2,1,1,3,1.0,1,1,16.0,10.881197531246407,5.0,22,22,0,Good,26-35,Very Long
0xdea9,GOARES07DEL02,30,5.0,15.561295,73.749478,15.581295,73.769478,1900-01-01 08:35:00,1900-01-01 08:50:00,3,2,2,2,2,1.0,1,3,24.0,3.087890466832629,15.0,8,8,1,Excellent,26-35,Medium
0x2535,HYDRES20DEL01,28,4.7,17.483216,78.552111,17.493216,78.562111,1900-01-01 08:10:00,1900-01-01 08:25:00,6,2,2,2,4,1.0,1,1,16.0,1.5366213355982792,15.0,8,8,1,Good,26-35,Short
0xdc75,LUDHRES15DEL01,37,5.0,30.899584,75.809346,30.969584,75.879346,1900-01-01 21:25:00,1900-01-01 21:30:00,0,1,1,3,4,1.0,1,1,43.0,10.254765380990598,5.0,21,21,1,Excellent,36-45,Very Long
0x5b0d,PUNERES18DEL02,31,4.7,18.593481,73.785901,18.613481,73.805901,1900-01-01 08:10:00,1900-01-01 08:15:00,0,2,2,0,3,0.0,1,1,15.0,3.064002956584147,5.0,8,8,1,Good,26-35,Medium
0x9ece,VADRES12DEL03,22,4.6,0.0,0.0,0.03,0.03,1900-01-01 17:20:00,1900-01-01 17:30:00,3,3,2,3,3,1.0,1,1,24.0,4.717601092054723,10.0,17,17,0,Good,18-25,Medium
0xcdca,DEHRES01DEL01,39,4.9,0.0,0.0,0.01,0.01,1900-01-01 10:55:00,1900-01-01 11:05:00,6,2,1,2,4,1.0,1,1,28.0,1.5725337292863206,10.0,10,11,1,Excellent,36-45,Short
0x2123,PUNERES04DEL03,31,4.4,18.51421,73.838429,18.54421,73.868429,1900-01-01 19:15:00,1900-01-01 19:30:00,3,1,1,2,3,1.0,1,1,34.0,4.596951629499115,15.0,19,19,1,Average,26-35,Medium
0x7bad,COIMBRES14DEL03,33,3.6,11.003681,76.975525,11.093681,77.065525,1900-01-01 18:40:00,1900-01-01 18:50:00,2,3,2,0,3,1.0,1,3,34.0,14.022253080995231,10.0,18,18,1,Average,26-35,Very Long
0xbfbf,BHPRES11DEL02,29,5.0,23.233219,77.433571,23.363219,77.563571,1900-01-01 18:15:00,1900-01-01 18:25:00,1,3,0,3,3,1.0,1,3,32.0,19.627167871570084,10.0,18,18,1,Excellent,26-35,Very Long
0x7cf7,CHENRES13DEL01,24,4.5,13.027018,80.254791,13.137018,80.364791,1900-01-01 22:50:00,1900-01-01 23:05:00,1,2,2,1,4,0.0,1,1,23.0,17.074879617078196,15.0,22,23,0,Good,18-25,Very Long
0xb92,CHENRES010DEL01,38,4.6,13.066762,80.251865,13.136762,80.321865,1900-01-01 21:25:00,1900-01-01 21:30:00,4,1,1,3,4,0.0,1,1,23.0,10.865409153294227,5.0,21,21,1,Good,36-45,Very Long
0x2ba7,BANGRES03DEL03,28,4.0,12.979166,77.640709,13.039166,77.700709,1900-01-01 22:10:00,1900-01-01 22:15:00,3,2,0,2,3,1.0,1,1,29.0,9.314907489514157,5.0,22,22,0,Average,26-35,Long
0x86f5,MUMRES08DEL02,35,4.5,19.065838,72.832658,19.115838,72.882658,1900-01-01 18:15:00,1900-01-01 18:25:00,4,3,0,1,3,0.0,1,1,28.0,7.6495063183287915,10.0,18,18,1,Good,26-35,Long
0xc552,GOARES09DEL01,35,4.6,15.303897,73.914336,15.373897,73.984336,1900-01-01 22:15:00,1900-01-01 22:20:00,2,2,0,3,3,0.0,1,1,26.0,10.813454754876,5.0,22,22,0,Good,26-35,Very Long
0x2ebc,JAPRES16DEL02,21,4.7,26.849596,75.800512,26.899596,75.850512,1900-01-01 21:10:00,1900-01-01 21:25:00,1,1,2,0,2,0.0,1,1,24.0,7.450185408246092,15.0,21,21,1,Good,18-25,Long
0x8757,CHENRES05DEL03,20,5.0,13.058616,80.264151,13.118616,80.324151,1900-01-01 23:20:00,1900-01-01 23:30:00,3,2,2,3,3,1.0,1,1,18.0,9.313449926160661,10.0,23,23,0,Excellent,18-25,Long
0x5636,MUMRES13DEL02,31,3.9,19.178321,72.834715,19.308321,72.964715,1900-01-01 19:25:00,1900-01-01 19:40:00,3,1,2,0,4,1.0,1,1,40.0,19.880040740546,15.0,19,19,1,Average,26-35,Very Long
0x93ad,MYSRES18DEL03,24,4.8,12.337928,76.617889,12.397928,76.677889,1900-01-01 21:35:00,1900-01-01 21:45:00,0,1,2,0,2,1.0,1,1,27.0,9.326360257118816,10.0,21,21,1,Excellent,18-25,Long
0x963c,VADRES20DEL03,38,4.8,22.311358,73.164798,22.341358,73.194798,1900-01-01 22:55:00,1900-01-01 23:00:00,3,2,1,0,4,1.0,1,1,23.0,4.544215521132342,5.0,22,23,0,Excellent,36-45,Medium
0xa96e,VADRES20DEL01,30,5.0,22.311358,73.164798,22.421358,73.274798,1900-01-01 19:50:00,1900-01-01 20:00:00,2,1,0,1,3,2.0,1,1,36.0,16.659917302375394,10.0,19,20,1,Excellent,26-35,Very Long
0x46ca,VADRES05DEL01,21,4.8,22.310526,73.170937,22.350526,73.210937,1900-01-01 13:25:00,1900-01-01 13:35:00,6,0,0,1,3,1.0,1,3,16.0,6.058870515565882,10.0,13,13,0,Excellent,18-25,Long
0x794c,CHENRES010DEL02,25,4.7,13.066762,80.251865,13.196762,80.381865,1900-01-01 23:00:00,1900-01-01 23:10:00,2,2,0,0,3,1.0,1,1,15.0,20.17741678822261,10.0,23,23,0,Good,18-25,Very Long
0x38d9,HYDRES16DEL01,30,4.6,17.440827,78.393391,17.450827,78.403391,1900-01-01 09:00:00,1900-01-01 09:15:00,1,2,0,1,3,1.0,1,1,23.0,1.5367917694809952,15.0,9,9,1,Good,26-35,Short
0x9712,RANCHIRES08DEL01,38,4.5,23.353783,85.326967,23.423783,85.396967,1900-01-01 19:25:00,1900-01-01 19:35:00,3,1,2,0,3,0.0,1,1,25.0,10.565179206181444,10.0,19,19,1,Good,36-45,Very Long
0x6f3f,INDORES17DEL01,38,3.9,22.761226,75.887522,22.831226,75.957521,1900-01-01 20:55:00,1900-01-01 21:05:00,6,1,2,0,4,1.0,1,1,41.0,10.5864846162781,10.0,20,21,1,Average,36-45,Very Long
0x45e2,PUNERES16DEL02,34,4.7,18.536718,73.830327,18.586718,73.880327,1900-01-01 19:20:00,1900-01-01 19:25:00,2,1,1,1,4,1.0,1,1,30.0,7.660895664241821,5.0,19,19,1,Good,26-35,Long
0xa36b,RANCHIRES18DEL03,36,4.7,23.351489,85.324253,23.441489,85.414253,1900-01-01 19:30:00,1900-01-01 19:40:00,1,1,1,0,4,1.0,1,3,38.0,13.583440059634135,10.0,19,19,1,Good,36-45,Very Long
0x89ec,COIMBRES14DEL02,30,4.6,11.003681,76.975525,11.083681,77.055525,1900-01-01 22:00:00,1900-01-01 22:10:00,1,1,2,2,4,3.0,1,3,49.0,12.464329297636581,10.0,22,22,0,Good,26-35,Very Long
0x3016,COIMBRES06DEL01,27,4.6,11.021278,76.995017,11.131278,77.105017,1900-01-01 00:00:00,1900-01-01 00:05:00,0,2,1,2,3,1.0,1,1,20.0,17.13751702263965,5.0,0,0,0,Good,26-35,Very Long
0xd732,DEHRES11DEL02,21,4.5,0.0,0.0,0.05,0.05,1900-01-01 21:45:00,1900-01-01 21:50:00,2,1,2,2,4,1.0,1,1,24.0,7.8626681674103684,5.0,21,21,1,Good,18-25,Long
0x3c2a,BANGRES15DEL03,23,5.0,12.975377,77.696664,13.035377,77.756664,1900-01-01 23:50:00,1900-01-01 00:00:00,3,2,1,2,3,1.0,1,3,19.0,9.314976789360625,10.0,23,0,0,Excellent,18-25,Long
0x2b7f,PUNERES09DEL02,38,3.8,18.536562,73.896485,18.616562,73.976485,1900-01-01 19:40:00,1900-01-01 19:55:00,3,1,2,0,4,1.0,1,1,41.0,12.256927745913815,15.0,19,19,1,Average,36-45,Very Long
0x311e,CHENRES17DEL02,33,4.5,13.045479,80.23311,13.095479,80.28311,1900-01-01 17:50:00,1900-01-01 18:05:00,3,3,1,0,3,1.0,1,1,27.0,7.761486237714824,15.0,17,18,0,Good,26-35,Long
0x1939,HYDRES05DEL01,28,4.8,17.433809,78.386744,17.443809,78.396744,1900-01-01 10:00:00,1900-01-01 10:10:00,2,2,2,0,3,0.0,1,1,18.0,1.5368199501604665,10.0,10,10,1,Excellent,26-35,Short
0x96b,CHENRES15DEL01,30,4.7,13.026286,80.275235,13.066286,80.315235,1900-01-01 13:40:00,1900-01-01 13:45:00,3,0,1,2,4,1.0,1,1,32.0,6.209485128886319,5.0,13,13,0,Good,26-35,Long
0xf44,MUMRES07DEL01,30,4.9,19.091458,72.827808,19.161458,72.897808,1900-01-01 19:25:00,1900-01-01 19:40:00,0,1,0,1,3,0.0,1,1,45.0,10.708220667367794,15.0,19,19,1,Excellent,26-35,Very Long
0xb4f,SURRES06DEL03,33,4.8,21.185047,72.80859,21.215047,72.83859,1900-01-01 22:45:00,1900-01-01 22:55:00,6,2,1,2,4,1.0,1,1,25.0,4.5607604314529,10.0,22,22,0,Excellent,26-35,Medium
0x1188,JAPRES16DEL02,28,4.8,26.849596,75.800512,26.899596,75.850512,1900-01-01 21:00:00,1900-01-01 21:15:00,4,1,2,2,4,1.0,1,3,15.0,7.450185408246092,15.0,21,21,1,Excellent,26-35,Long
0x63d2,MUMRES16DEL03,22,4.6,19.120083,72.907385,19.210083,72.997385,1900-01-01 23:55:00,1900-01-01 00:05:00,0,2,0,3,3,0.0,1,3,22.0,13.766192440641818,10.0,23,0,0,Good,18-25,Very Long
0x954e,MUMRES08DEL03,36,4.7,19.065838,72.832658,19.155838,72.922658,1900-01-01 17:30:00,1900-01-01 17:45:00,2,3,0,1,3,1.0,1,1,42.0,13.768325585874765,15.0,17,17,0,Good,36-45,Very Long
0x9bc1,COIMBRES14DEL02,37,4.9,11.003681,76.975525,11.053681,77.025525,1900-01-01 22:50:00,1900-01-01 23:05:00,6,2,1,1,3,1.0,1,1,24.0,7.790401204068506,15.0,22,23,0,Excellent,36-45,Long
0xa82a,PUNERES20DEL01,35,4.8,18.592718,73.773572,18.602718,73.783572,1900-01-01 08:55:00,1900-01-01 09:10:00,4,2,1,3,4,0.0,1,1,13.0,1.5320260227341909,15.0,8,9,1,Excellent,26-35,Short
0xa158,SURRES08DEL03,32,4.9,21.173343,72.792731,21.263343,72.882731,1900-01-01 18:55:00,1900-01-01 19:10:00,0,3,0,2,3,0.0,1,1,41.0,13.68149202266889,15.0,18,19,1,Excellent,26-35,Very Long
0x7ee8,MUMRES17DEL03,31,4.4,19.121999,72.908493,19.211999,72.998493,1900-01-01 21:30:00,1900-01-01 21:35:00,2,1,0,2,3,1.0,1,1,39.0,13.766116995711348,5.0,21,21,1,Average,26-35,Very Long
0xcde0,KOLRES13DEL02,34,4.8,22.553227,88.353273,22.683227,88.483273,1900-01-01 17:35:00,1900-01-01 17:40:00,1,3,2,3,4,2.0,1,3,44.0,19.67249528098233,5.0,17,17,0,Excellent,26-35,Very Long
0x66b8,PUNERES02DEL03,38,4.5,18.55144,73.804855,18.61144,73.864855,1900-01-01 20:15:00,1900-01-01 20:30:00,2,1,1,1,4,1.0,1,1,30.0,9.192571532077613,15.0,20,20,1,Good,36-45,Long
0xb296,INDORES03DEL02,30,4.7,22.751857,75.866699,22.881857,75.996699,1900-01-01 17:25:00,1900-01-01 17:35:00,4,3,1,1,3,1.0,1,3,17.0,19.659373527443684,10.0,17,17,0,Good,26-35,Very Long
0x7502,INDORES19DEL02,34,4.9,22.745536,75.893106,22.825536,75.973106,1900-01-01 18:35:00,1900-01-01 18:50:00,4,3,0,2,3,1.0,1,1,33.0,12.099354574706966,15.0,18,18,1,Excellent,26-35,Very Long
0x3074,HYDRES04DEL02,21,4.2,17.411028,78.329645,17.431028,78.349645,1900-01-01 09:00:00,1900-01-01 09:15:00,6,2,0,0,3,0.0,1,1,22.0,3.073782598017619,15.0,9,9,1,Average,18-25,Medium
0x9355,HYDRES08DEL03,26,4.3,17.438263,78.397865,17.498263,78.457865,1900-01-01 20:35:00,1900-01-01 20:45:00,4,1,0,3,3,0.0,1,3,48.0,9.220209378254708,10.0,20,20,1,Average,26-35,Long
0xe02b,BHPRES05DEL02,36,4.3,23.214459,77.434976,23.344459,77.564976,1900-01-01 22:45:00,1900-01-01 22:55:00,0,2,2,3,4,1.0,1,1,36.0,19.628433732209125,10.0,22,22,0,Average,36-45,Very Long
0xa4ff,RANCHIRES03DEL01,33,4.9,0.0,0.0,0.07,0.07,1900-01-01 21:35:00,1900-01-01 21:45:00,1,1,1,1,4,2.0,1,1,40.0,11.007734763744619,10.0,21,21,1,Excellent,26-35,Very Long
0x948b,VADRES17DEL01,24,4.5,0.0,0.0,0.04,0.04,1900-01-01 14:55:00,1900-01-01 15:10:00,1,0,0,2,3,0.0,1,1,28.0,6.290134677634678,15.0,14,15,0,Good,18-25,Long
0x2eab,RANCHIRES010DEL01,25,4.2,23.354422,85.3329,23.394422,85.3729,1900-01-01 12:50:00,1900-01-01 13:00:00,4,0,0,2,3,1.0,1,1,44.0,6.037544630194255,10.0,12,13,0,Average,18-25,Long
0x5efb,RANCHIRES19DEL01,22,4.6,23.333017,85.3172,23.343017,85.3272,1900-01-01 08:45:00,1900-01-01 09:00:00,1,2,1,1,4,1.0,1,3,15.0,1.5095756042667012,15.0,8,9,1,Good,18-25,Short
0x5696,MYSRES11DEL02,27,4.7,12.323225,76.630028,12.453225,76.760028,1900-01-01 21:40:00,1900-01-01 21:55:00,2,1,1,0,3,1.0,1,3,18.0,20.20634489518928,15.0,21,21,1,Good,26-35,Very Long
0xd5e3,KOCRES19DEL02,26,4.3,9.960846,76.293936,9.980846,76.313936,1900-01-01 08:25:00,1900-01-01 08:40:00,3,2,0,1,3,0.0,1,3,17.0,3.1214062495331616,15.0,8,8,1,Average,26-35,Medium
0x3c9e,JAPRES09DEL01,33,5.0,26.911378,75.789034,26.921378,75.799034,1900-01-01 10:55:00,1900-01-01 11:05:00,3,2,1,0,3,0.0,1,1,27.0,1.489792976782627,10.0,10,11,1,Excellent,26-35,Short
0x438f,BANGRES010DEL01,39,4.6,12.933298,77.614293,12.973298,77.654293,1900-01-01 15:45:00,1900-01-01 15:55:00,4,3,1,2,4,1.0,1,1,23.0,6.210618323092562,10.0,15,15,0,Good,36-45,Long
0xa696,INDORES15DEL02,25,4.3,22.760072,75.892574,22.890072,76.022574,1900-01-01 17:45:00,1900-01-01 17:55:00,6,3,0,0,3,1.0,1,1,35.0,19.658828717454107,10.0,17,17,0,Average,18-25,Very Long
0xa2cc,COIMBRES15DEL03,22,4.9,11.006686,76.951736,11.066686,77.011736,1900-01-01 19:20:00,1900-01-01 19:30:00,3,1,1,3,3,1.0,1,3,15.0,9.348356419300423,10.0,19,19,1,Excellent,18-25,Long
0x9c5a,COIMBRES010DEL01,28,4.9,11.003008,76.97544,11.113008,77.08544,1900-01-01 19:30:00,1900-01-01 19:45:00,4,1,2,1,2,0.0,1,1,12.0,17.138041435510257,15.0,19,19,1,Excellent,26-35,Very Long
0xa191,SURRES04DEL02,21,4.8,21.173493,72.801953,21.253493,72.881953,1900-01-01 20:45:00,1900-01-01 20:50:00,3,1,2,0,3,1.0,1,1,29.0,12.161512247541568,5.0,20,20,1,Excellent,18-25,Very Long
0xca0e,KOLRES01DEL03,20,4.7,22.514688,88.393294,22.604688,88.483294,1900-01-01 23:50:00,1900-01-01 00:05:00,2,2,1,1,3,1.0,1,3,19.0,13.62208523449083,15.0,23,0,0,Good,18-25,Very Long
0xa070,VADRES17DEL02,31,4.9,0.0,0.0,0.08,0.08,1900-01-01 22:35:00,1900-01-01 22:40:00,6,2,1,3,4,1.0,1,1,28.0,12.58026782240096,5.0,22,22,0,Excellent,26-35,Very Long
0x321b,COIMBRES17DEL02,22,4.6,11.026117,76.944652,11.046117,76.964652,1900-01-01 08:50:00,1900-01-01 09:00:00,4,2,0,1,3,1.0,1,1,16.0,3.116121839413475,10.0,8,9,1,Good,18-25,Medium
0x2b1c,SURRES03DEL03,33,4.7,21.186884,72.793616,21.216884,72.823616,1900-01-01 20:35:00,1900-01-01 20:40:00,1,1,0,2,3,1.0,1,1,30.0,4.560734055769101,5.0,20,20,1,Good,26-35,Medium
0xa7f9,BANGRES12DEL02,30,4.2,12.939496,77.625999,13.069496,77.755999,1900-01-01 18:50:00,1900-01-01 19:00:00,2,3,0,0,3,1.0,1,1,35.0,20.182482607604513,10.0,18,19,1,Average,26-35,Very Long
0x7293,CHENRES13DEL03,22,4.2,13.027018,80.254791,13.057018,80.284791,1900-01-01 23:20:00,1900-01-01 23:25:00,3,2,0,2,3,1.0,1,1,26.0,4.657153007152837,5.0,23,23,0,Average,18-25,Medium
0xa05b,CHENRES05DEL02,33,4.9,13.058616,80.264151,13.188616,80.394151,1900-01-01 19:50:00,1900-01-01 20:00:00,1,1,2,2,3,1.0,2,1,47.0,20.177742451194362,10.0,19,20,1,Excellent,26-35,Very Long
0x1a20,INDORES16DEL02,38,4.9,22.744648,75.894377,22.764648,75.914377,1900-01-01 11:45:00,1900-01-01 12:00:00,0,0,2,0,4,1.0,1,3,38.0,3.0251533668867396,15.0,11,12,0,Excellent,36-45,Medium
0x40d5,CHENRES03DEL02,37,4.9,13.091809,80.219104,13.111809,80.239104,1900-01-01 09:10:00,1900-01-01 09:25:00,4,2,2,1,4,0.0,1,1,12.0,3.104402431477901,15.0,9,9,1,Excellent,36-45,Medium
0xd067,KNPRES07DEL03,27,4.7,26.472001,80.354002,26.562001,80.444002,1900-01-01 20:35:00,1900-01-01 20:50:00,4,1,2,3,4,0.0,1,1,12.0,13.429027601857161,15.0,20,20,1,Good,26-35,Very Long
0xa59c,MYSRES19DEL01,32,5.0,12.334022,76.618203,12.374022,76.658203,1900-01-01 14:00:00,1900-01-01 14:05:00,6,0,1,3,4,1.0,1,1,31.0,6.217735074214348,5.0,14,14,0,Excellent,26-35,Long
0x22c9,MUMRES11DEL01,35,4.6,18.994237,72.825553,19.064237,72.895553,1900-01-01 21:15:00,1900-01-01 21:25:00,0,1,0,1,3,1.0,1,1,45.0,10.711185800959658,10.0,21,21,1,Good,26-35,Very Long
0xe01c,KOLRES02DEL01,30,4.4,22.514585,88.39331,22.624585,88.50331,1900-01-01 21:55:00,1900-01-01 22:00:00,2,1,1,0,3,1.0,1,1,34.0,16.6486646134817,5.0,21,22,1,Average,26-35,Very Long
0x8021,INDORES14DEL02,25,4.4,22.761593,75.886362,22.841593,75.966362,1900-01-01 17:40:00,1900-01-01 17:45:00,0,3,2,2,4,1.0,1,1,39.0,12.098699936279859,5.0,17,17,0,Average,18-25,Very Long
0x582a,SURRES05DEL03,26,4.2,21.175104,72.804342,21.265104,72.894342,1900-01-01 19:55:00,1900-01-01 20:10:00,3,1,0,0,3,1.0,1,1,31.0,13.681416111912892,15.0,19,20,1,Average,26-35,Very Long
0xd4ef,AGRRES15DEL02,38,4.8,0.0,0.0,0.05,0.05,1900-01-01 18:10:00,1900-01-01 18:25:00,4,3,0,2,3,0.0,1,3,22.0,7.8626681674103684,15.0,18,18,1,Excellent,36-45,Long
0xc5d1,KOCRES05DEL03,24,5.0,9.970717,76.285447,10.060717,76.375447,1900-01-01 21:40:00,1900-01-01 21:50:00,2,1,1,0,4,0.0,1,1,18.0,14.0453730484291,10.0,21,21,1,Excellent,18-25,Very Long
0xe06e,ALHRES03DEL01,26,4.9,25.451517,81.832616,25.461517,81.842616,1900-01-01 08:15:00,1900-01-01 08:30:00,0,2,0,1,3,1.0,1,1,22.0,1.4981425885986375,15.0,8,8,1,Excellent,26-35,Short
0xc75d,AURGRES18DEL02,39,4.8,19.888716,75.321461,19.938716,75.371461,1900-01-01 22:40:00,1900-01-01 22:55:00,2,2,2,1,3,1.0,1,1,22.0,7.631222020276562,15.0,22,22,0,Excellent,36-45,Long
0xbe65,INDORES08DEL01,39,4.9,22.725748,75.898497,22.795748,75.968497,1900-01-01 23:45:00,1900-01-01 23:55:00,6,2,0,0,3,0.0,1,1,22.0,10.587819003215479,10.0,23,23,0,Excellent,36-45,Very Long
0x6b3e,HYDRES08DEL03,22,4.5,17.438263,78.397865,17.468263,78.427865,1900-01-01 19:35:00,1900-01-01 19:50:00,6,1,2,1,4,0.0,1,1,27.0,4.610285665960067,15.0,19,19,1,Good,18-25,Medium
0x5d38,BANGRES13DEL02,23,4.8,12.935662,77.61413,13.015662,77.69413,1900-01-01 18:30:00,1900-01-01 18:45:00,4,3,0,2,3,1.0,1,1,22.0,12.42069253996503,15.0,18,18,1,Excellent,18-25,Very Long
0x8544,MYSRES05DEL01,25,4.2,12.323978,76.627961,12.393978,76.697961,1900-01-01 20:10:00,1900-01-01 20:25:00,1,1,2,2,3,1.0,1,1,44.0,10.88093543843387,15.0,20,20,1,Average,18-25,Very Long
0x219e,BANGRES19DEL02,36,4.3,12.914264,77.6784,13.044264,77.8084,1900-01-01 21:15:00,1900-01-01 21:20:00,6,1,0,0,3,1.0,1,1,44.0,20.18348136584519,5.0,21,21,1,Average,36-45,Very Long
0x2acd,PUNERES16DEL01,30,4.0,18.536718,73.830327,18.546719,73.840328,1900-01-01 11:30:00,1900-01-01 11:35:00,6,0,1,0,3,1.0,1,1,31.0,1.5324173514302288,5.0,11,11,0,Average,26-35,Short
0x34b8,INDORES17DEL03,37,4.4,22.761226,75.887522,22.851226,75.977522,1900-01-01 20:30:00,1900-01-01 20:35:00,2,1,2,3,3,2.0,1,1,40.0,13.61082462242586,5.0,20,20,1,Average,36-45,Very Long
0x75c5,VADRES20DEL01,33,5.0,22.311358,73.164798,22.381358,73.234798,1900-01-01 18:15:00,1900-01-01 18:20:00,0,3,2,2,3,1.0,1,1,31.0,10.602467987619507,5.0,18,18,1,Excellent,26-35,Very Long
0x9d0e,RANCHIRES04DEL02,34,4.6,23.359033,85.325347,23.409033,85.375347,1900-01-01 17:50:00,1900-01-01 18:05:00,6,3,2,2,4,0.0,1,1,27.0,7.546680469081603,15.0,17,18,0,Good,26-35,Long
0xc676,DEHRES03DEL01,29,4.6,30.335259,78.053162,30.375259,78.093162,1900-01-01 16:35:00,1900-01-01 16:40:00,4,3,0,3,3,1.0,1,1,21.0,5.874816158028467,5.0,16,16,0,Good,26-35,Long
0x8bd6,MYSRES14DEL02,23,4.5,0.0,0.0,0.13,0.13,1900-01-01 20:30:00,1900-01-01 20:45:00,2,1,2,3,2,0.0,1,3,25.0,20.44292976252901,15.0,20,20,1,Good,18-25,Very Long
0x62d8,CHENRES14DEL02,39,4.6,13.026279,80.174568,13.076279,80.224568,1900-01-01 22:35:00,1900-01-01 22:40:00,1,2,0,2,3,1.0,1,3,25.0,7.761780026108867,5.0,22,22,0,Good,36-45,Long
0xdb9f,AGRRES20DEL01,26,4.3,27.158822,78.045359,27.168822,78.055359,1900-01-01 10:15:00,1900-01-01 10:30:00,2,2,0,2,3,0.0,1,1,20.0,1.4883409409467787,15.0,10,10,1,Average,26-35,Short
0xaa47,BANGRES19DEL03,25,4.9,12.914264,77.6784,13.004264,77.7684,1900-01-01 23:45:00,1900-01-01 23:50:00,6,2,0,0,3,0.0,1,1,17.0,13.973727486522968,5.0,23,23,0,Excellent,18-25,Very Long
0xefc,JAPRES02DEL02,39,4.7,26.914142,75.805704,26.964142,75.855704,1900-01-01 22:45:00,1900-01-01 22:50:00,1,2,2,1,3,1.0,1,3,17.0,7.448298968601334,5.0,22,22,0,Good,36-45,Long
0x9abd,MUMRES04DEL02,24,4.8,19.254567,72.848923,19.274567,72.868923,1900-01-01 11:35:00,1900-01-01 11:40:00,3,0,0,1,3,0.0,1,1,20.0,3.0582815752499948,5.0,11,11,0,Excellent,18-25,Medium
0x6fdd,MUMRES05DEL03,27,4.8,18.927584,72.832585,19.017584,72.922585,1900-01-01 22:15:00,1900-01-01 22:25:00,0,2,1,2,4,1.0,1,1,22.0,13.773737657079298,10.0,22,22,0,Excellent,26-35,Very Long
0x6d29,RANCHIRES07DEL02,27,4.9,23.359407,85.325055,23.439407,85.405055,1900-01-01 21:10:00,1900-01-01 21:25:00,4,1,1,3,3,1.0,1,3,24.0,12.074047498027575,15.0,21,21,1,Excellent,26-35,Very Long
0x574d,PUNERES02DEL01,27,4.6,18.55144,73.804855,18.62144,73.874855,1900-01-01 19:40:00,1900-01-01 19:50:00,4,1,0,3,3,0.0,1,1,15.0,10.724517748046024,10.0,19,19,1,Good,26-35,Very Long
0xa292,BANGRES13DEL01,38,4.3,12.935662,77.61413,13.005662,77.68413,1900-01-01 19:50:00,1900-01-01 20:05:00,3,1,0,1,3,1.0,1,3,36.0,10.868212517103021,15.0,19,20,1,Average,36-45,Very Long
0x4556,JAPRES03DEL01,25,4.9,26.913483,75.803139,26.953483,75.843139,1900-01-01 16:40:00,1900-01-01 16:55:00,2,3,0,2,3,0.0,1,1,16.0,5.958771662511523,15.0,16,16,0,Excellent,18-25,Long
0x7e58,MUMRES19DEL01,24,5.0,19.131141,72.813074,19.201141,72.883074,1900-01-01 19:35:00,1900-01-01 19:40:00,0,1,1,1,3,1.0,1,1,32.0,10.707006464770936,5.0,19,19,1,Excellent,18-25,Very Long
0x7cc1,BANGRES11DEL01,27,4.6,12.934365,77.616155,13.044365,77.726155,1900-01-01 20:10:00,1900-01-01 20:15:00,6,1,2,1,4,1.0,1,1,28.0,17.07799287216204,5.0,20,20,1,Good,26-35,Very Long
0x9ad5,MUMRES18DEL01,35,3.7,19.1093,72.825451,19.2193,72.935451,1900-01-01 23:50:00,1900-01-01 00:05:00,0,2,1,2,3,0.0,1,1,37.0,16.8253834049009,15.0,23,0,0,Average,26-35,Very Long
0x9bfa,VADRES20DEL02,35,3.6,22.311358,73.164798,22.441358,73.294798,1900-01-01 19:45:00,1900-01-01 19:50:00,3,1,1,3,4,0.0,1,1,35.0,19.688340311678566,5.0,19,19,1,Average,26-35,Very Long
0xb40,PUNERES18DEL02,25,4.3,18.593481,73.785901,18.613481,73.805901,1900-01-01 12:00:00,1900-01-01 12:15:00,2,0,0,0,3,1.0,1,1,33.0,3.064002956584147,15.0,12,12,0,Average,18-25,Medium
0x8922,MYSRES07DEL02,39,4.9,12.325461,76.632278,12.405461,76.712278,1900-01-01 21:20:00,1900-01-01 21:30:00,2,1,0,1,3,1.0,1,3,36.0,12.435204072231338,10.0,21,21,1,Excellent,36-45,Very Long
0xc669,LUDHRES15DEL01,25,4.9,30.899584,75.809346,30.969584,75.879346,1900-01-01 20:00:00,1900-01-01 20:15:00,2,1,1,0,3,1.0,1,1,28.0,10.254765380990598,15.0,20,20,1,Excellent,18-25,Very Long
0xdf85,GOARES06DEL01,23,4.8,15.56155,73.749092,15.67155,73.859092,1900-01-01 17:35:00,1900-01-01 17:50:00,3,3,0,1,3,1.0,1,1,31.0,16.981594342110476,15.0,17,17,0,Excellent,18-25,Very Long
0x7ff5,CHENRES01DEL03,36,4.8,13.005801,80.250744,13.095801,80.340744,1900-01-01 22:35:00,1900-01-01 22:50:00,0,2,2,3,3,0.0,1,1,26.0,13.97121661678327,15.0,22,22,0,Excellent,36-45,Very Long
0xb1bb,CHENRES04DEL02,24,4.8,13.02978,80.208812,13.15978,80.338812,1900-01-01 17:10:00,1900-01-01 17:20:00,3,3,0,0,3,0.0,1,1,22.0,20.178893713604634,10.0,17,17,0,Excellent,18-25,Very Long
0x5c4d,HYDRES07DEL01,21,4.8,17.424114,78.347554,17.534114,78.457554,1900-01-01 17:35:00,1900-01-01 17:45:00,4,3,1,1,4,1.0,1,3,12.0,16.903235903519843,10.0,17,17,0,Excellent,18-25,Very Long
0x4c23,MYSRES06DEL01,33,4.4,12.323994,76.626167,12.393994,76.696167,1900-01-01 19:15:00,1900-01-01 19:30:00,2,1,0,0,3,2.0,1,1,43.0,10.880935113345313,15.0,19,19,1,Average,26-35,Very Long
0xb4dc,BANGRES02DEL03,37,4.8,12.970221,77.645396,13.030221,77.705396,1900-01-01 19:15:00,1900-01-01 19:20:00,4,1,0,0,3,0.0,1,1,21.0,9.315071060294844,5.0,19,19,1,Excellent,36-45,Long
0xd0a9,BHPRES06DEL02,21,4.7,23.232357,77.429989,23.312357,77.509989,1900-01-01 19:00:00,1900-01-01 19:10:00,1,3,1,3,4,1.0,1,1,34.0,12.07933216823287,10.0,19,19,1,Good,18-25,Very Long
0xdea2,DEHRES16DEL02,39,4.9,30.342509,78.061187,30.472509,78.191187,1900-01-01 17:20:00,1900-01-01 17:30:00,2,3,1,2,4,1.0,1,1,28.0,19.088793977182956,10.0,17,17,0,Excellent,36-45,Very Long
0xabdd,MYSRES09DEL02,25,4.7,12.323194,76.630583,12.403194,76.710583,1900-01-01 21:25:00,1900-01-01 21:35:00,4,1,2,0,3,1.0,1,1,19.0,12.43525673518922,10.0,21,21,1,Good,18-25,Very Long
0x857d,MUMRES01DEL02,22,4.5,19.12663,72.829976,19.25663,72.959976,1900-01-01 21:10:00,1900-01-01 21:20:00,6,1,1,0,3,1.0,1,1,17.0,19.88298786811286,10.0,21,21,1,Good,18-25,Very Long
0x9475,JAPRES07DEL03,36,4.6,26.766536,75.837333,26.856536,75.927333,1900-01-01 20:25:00,1900-01-01 20:35:00,4,1,1,1,4,1.0,1,1,21.0,13.413644078076244,10.0,20,20,1,Good,36-45,Very Long
0x176e,BANGRES19DEL03,35,4.8,12.914264,77.6784,12.944264,77.7084,1900-01-01 18:25:00,1900-01-01 18:40:00,0,3,1,1,4,0.0,1,1,19.0,4.65818248829983,15.0,18,18,1,Excellent,26-35,Medium
0xb411,CHENRES11DEL02,30,3.9,13.064181,80.236442,13.194181,80.366442,1900-01-01 18:45:00,1900-01-01 19:00:00,3,3,1,2,4,1.0,1,1,34.0,20.177519993018656,15.0,18,19,1,Average,26-35,Very Long
0x27af,JAPRES02DEL03,24,4.8,26.914142,75.805704,26.974142,75.865704,1900-01-01 17:45:00,1900-01-01 17:55:00,1,3,2,3,2,0.0,1,3,13.0,8.93778311563518,10.0,17,17,0,Excellent,18-25,Long
0x461c,HYDRES04DEL02,20,4.6,17.411028,78.329645,17.461028,78.379645,1900-01-01 20:50:00,1900-01-01 21:05:00,3,1,2,2,4,0.0,1,1,16.0,7.68415541716559,15.0,20,21,1,Good,18-25,Long
0xcb2a,AGRRES02DEL01,35,4.3,0.0,0.0,0.01,0.01,1900-01-01 11:25:00,1900-01-01 11:40:00,2,0,0,1,3,1.0,1,1,43.0,1.5725337292863206,15.0,11,11,0,Average,26-35,Short
0xd0fe,KNPRES16DEL01,34,4.7,26.482581,80.315628,26.492581,80.325628,1900-01-01 08:20:00,1900-01-01 08:30:00,2,2,2,0,3,0.0,1,3,22.0,1.4922842147892665,10.0,8,8,1,Good,26-35,Short
0xd191,ALHRES01DEL02,34,5.0,25.454648,81.834502,25.584648,81.964502,1900-01-01 23:40:00,1900-01-01 23:50:00,2,2,1,2,4,1.0,1,1,15.0,19.471257579516955,10.0,23,23,0,Excellent,26-35,Very Long
0x1000,HYDRES03DEL02,30,5.0,17.422819,78.449578,17.502819,78.529578,1900-01-01 22:55:00,1900-01-01 23:10:00,4,2,1,3,4,1.0,1,3,24.0,12.29378731203682,15.0,22,23,0,Excellent,26-35,Very Long
0x47c4,CHENRES13DEL02,29,4.7,13.027018,80.254791,13.047018,80.274791,1900-01-01 11:40:00,1900-01-01 11:50:00,1,0,0,2,3,1.0,1,3,29.0,3.1047992381869647,10.0,11,11,0,Good,26-35,Medium
0x4c2c,PUNERES19DEL03,37,4.6,18.563934,73.915367,18.593934,73.945367,1900-01-01 21:00:00,1900-01-01 21:05:00,4,1,1,2,4,1.0,1,1,16.0,4.596317855297838,5.0,21,21,1,Good,36-45,Medium
0x4710,INDORES12DEL02,28,4.7,22.74806,75.8934,22.82806,75.9734,1900-01-01 23:20:00,1900-01-01 23:30:00,0,2,0,0,3,1.0,1,1,24.0,12.099251698246315,10.0,23,23,0,Good,26-35,Very Long
0xda7,RANCHIRES010DEL02,20,4.6,23.354422,85.3329,23.404422,85.3829,1900-01-01 19:30:00,1900-01-01 19:45:00,3,1,0,2,3,1.0,1,1,29.0,7.546800541055753,15.0,19,19,1,Good,18-25,Long
0x5149,PUNERES17DEL01,27,4.6,18.530963,73.828972,18.540963,73.838972,1900-01-01 08:35:00,1900-01-01 08:50:00,3,2,2,2,2,1.0,1,1,17.0,1.5322885596942126,15.0,8,8,1,Good,26-35,Short
0x1d04,VADRES16DEL03,28,4.9,0.0,0.0,0.06,0.06,1900-01-01 20:45:00,1900-01-01 20:55:00,0,1,0,0,3,0.0,1,1,25.0,9.435201537430713,10.0,20,20,1,Excellent,26-35,Long
0x8262,MYSRES17DEL01,22,4.9,12.326356,76.619103,12.336356,76.629103,1900-01-01 10:30:00,1900-01-01 10:40:00,2,2,1,3,4,1.0,1,1,19.0,1.5544994921789963,10.0,10,10,1,Excellent,18-25,Short
0xb3ae,MYSRES13DEL02,30,4.1,12.310972,76.659264,12.330972,76.679264,1900-01-01 08:40:00,1900-01-01 08:50:00,2,2,0,2,3,1.0,1,1,30.0,3.109059104393369,10.0,8,8,1,Average,26-35,Medium
0x7ebc,SURRES17DEL01,22,4.8,21.149569,72.772697,21.159569,72.782697,1900-01-01 11:55:00,1900-01-01 12:10:00,0,0,0,1,3,1.0,1,1,21.0,1.5204709334108633,15.0,11,12,0,Excellent,18-25,Short
0x70cc,VADRES05DEL01,24,4.6,22.310526,73.170937,22.380526,73.240937,1900-01-01 23:55:00,1900-01-01 00:10:00,2,2,0,3,3,0.0,1,1,17.0,10.602497166339631,15.0,23,0,0,Good,18-25,Very Long
0x48e8,VADRES14DEL01,26,4.7,22.311603,73.165012,22.381603,73.235012,1900-01-01 19:10:00,1900-01-01 19:25:00,3,1,1,1,3,1.0,1,3,19.0,10.60245939514964,15.0,19,19,1,Good,26-35,Very Long
0xb034,MYSRES13DEL03,31,4.3,12.310972,76.659264,12.400972,76.749264,1900-01-01 20:45:00,1900-01-01 21:00:00,1,1,1,0,3,2.0,1,1,48.0,13.989852322089257,15.0,20,21,1,Average,26-35,Very Long
0xdc26,AURGRES010DEL02,35,4.3,19.875337,75.316722,19.955337,75.396722,1900-01-01 21:45:00,1900-01-01 22:00:00,6,1,1,0,3,1.0,1,1,35.0,12.20989608429735,15.0,21,22,1,Average,26-35,Very Long
0xb0a,COIMBRES11DEL01,23,4.9,11.001753,76.986241,11.011753,76.996241,1900-01-01 11:00:00,1900-01-01 11:10:00,3,2,1,2,3,0.0,1,1,19.0,1.558137239175215,10.0,11,11,0,Excellent,18-25,Short
0x507a,PUNERES07DEL01,23,4.7,18.546947,73.900626,18.656947,74.010626,1900-01-01 23:25:00,1900-01-01 23:40:00,0,2,2,2,4,1.0,1,1,20.0,16.85208641567295,15.0,23,23,0,Good,18-25,Very Long
0xbaed,MUMRES11DEL01,25,4.9,18.994237,72.825553,19.004237,72.835553,1900-01-01 09:55:00,1900-01-01 10:10:00,2,2,1,2,4,1.0,1,1,18.0,1.5302997807730145,15.0,9,10,1,Excellent,18-25,Short
0x1613,JAPRES02DEL01,37,4.6,26.914142,75.805704,26.924142,75.815704,1900-01-01 08:50:00,1900-01-01 09:05:00,0,2,1,3,3,0.0,1,1,16.0,1.4897768153112216,15.0,8,9,1,Good,36-45,Short
0x132e,VADRES16DEL02,20,4.6,0.0,0.0,0.02,0.02,1900-01-01 08:20:00,1900-01-01 08:35:00,1,2,0,0,3,1.0,1,3,22.0,3.145067434621583,15.0,8,8,1,Good,18-25,Medium
0xd149,AURGRES19DEL03,21,4.6,19.866969,75.318894,19.956969,75.408894,1900-01-01 18:50:00,1900-01-01 19:00:00,1,3,0,0,3,1.0,1,1,43.0,13.736270134356499,10.0,18,19,1,Good,18-25,Very Long
0xb896,INDORES06DEL01,21,4.7,22.728163,75.884212,22.798163,75.954212,1900-01-01 23:40:00,1900-01-01 23:45:00,1,2,0,3,3,1.0,1,4,20.0,10.587732954177069,5.0,23,23,0,Good,18-25,Very Long
0xa8cb,JAPRES14DEL02,29,4.7,26.88842,75.800689,26.96842,75.880689,1900-01-01 23:20:00,1900-01-01 23:35:00,3,2,2,1,4,0.0,1,1,17.0,11.917779612813971,15.0,23,23,0,Good,26-35,Very Long
0x7c50,COIMBRES15DEL03,35,4.2,11.006686,76.951736,11.036686,76.981736,1900-01-01 22:55:00,1900-01-01 23:10:00,6,2,0,1,3,2.0,1,1,34.0,4.674295333360666,15.0,22,23,0,Average,26-35,Medium
0xa4f4,PUNERES09DEL01,25,4.3,18.536562,73.896485,18.646562,74.006485,1900-01-01 19:30:00,1900-01-01 19:40:00,2,1,0,3,3,0.0,1,3,35.0,16.852572769450653,10.0,19,19,1,Average,18-25,Very Long
0x7241,HYDRES11DEL02,29,4.7,17.430448,78.418213,17.480448,78.468213,1900-01-01 17:20:00,1900-01-01 17:35:00,4,3,2,2,4,1.0,1,1,10.0,7.683765443180289,15.0,17,17,0,Good,26-35,Long
0x3f07,MUMRES15DEL01,25,4.7,19.176269,72.836721,19.186269,72.846721,1900-01-01 11:10:00,1900-01-01 11:15:00,4,0,2,0,4,1.0,1,1,16.0,1.5295062057776052,5.0,11,11,0,Good,18-25,Short
0x6291,COIMBRES08DEL02,29,4.7,11.001852,76.976268,11.081852,77.056268,1900-01-01 19:45:00,1900-01-01 19:50:00,2,1,2,2,4,0.0,1,1,24.0,12.464367397048669,5.0,19,19,1,Good,26-35,Very Long
0x6ac2,INDORES05DEL03,24,3.8,22.727021,75.884167,22.757021,75.914167,1900-01-01 20:40:00,1900-01-01 20:45:00,4,1,0,0,3,2.0,1,1,40.0,4.537922749289298,5.0,20,20,1,Average,18-25,Medium
0x2021,PUNERES02DEL02,26,4.5,18.55144,73.804855,18.68144,73.934855,1900-01-01 22:35:00,1900-01-01 22:40:00,6,2,1,2,3,0.0,3,3,10.0,19.915298664494234,5.0,22,22,0,Good,26-35,Very Long
0x4c28,VADRES17DEL02,20,4.3,0.0,0.0,0.08,0.08,1900-01-01 19:25:00,1900-01-01 19:30:00,1,1,1,3,4,1.0,1,1,44.0,12.58026782240096,5.0,19,19,1,Average,18-25,Very Long
0x2a6f,SURRES08DEL01,23,4.9,21.173343,72.792731,21.243343,72.862731,1900-01-01 18:30:00,1900-01-01 18:45:00,4,3,2,3,3,1.0,1,4,10.0,10.641495972351702,15.0,18,18,1,Excellent,18-25,Very Long
0x8a25,INDORES18DEL01,38,4.2,22.753839,75.897429,22.793838,75.937429,1900-01-01 15:00:00,1900-01-01 15:15:00,3,0,0,2,3,1.0,1,1,40.0,6.049834150687609,15.0,15,15,0,Average,36-45,Long
0xa7a8,HYDRES20DEL02,32,3.9,17.483216,78.552111,17.563216,78.632111,1900-01-01 18:30:00,1900-01-01 18:40:00,6,3,2,0,4,1.0,1,1,38.0,12.291841945089606,10.0,18,18,1,Average,26-35,Very Long
0x931f,SURRES18DEL03,29,4.8,21.149834,72.778666,21.179834,72.808666,1900-01-01 21:40:00,1900-01-01 21:45:00,2,1,0,0,3,0.0,1,1,21.0,4.56126563284071,5.0,21,21,1,Excellent,26-35,Medium
0x8bf3,MUMRES14DEL02,29,4.6,19.1813,72.836191,19.2013,72.856191,1900-01-01 08:10:00,1900-01-01 08:25:00,0,2,0,3,3,0.0,1,1,22.0,3.058924545938562,15.0,8,8,1,Good,26-35,Medium
0x912c,HYDRES02DEL01,27,4.7,17.41233,78.449654,17.48233,78.519654,1900-01-01 19:30:00,1900-01-01 19:40:00,6,1,1,1,4,1.0,1,1,21.0,10.757499697083244,10.0,19,19,1,Good,26-35,Very Long
0xda4b,ALHRES18DEL03,30,4.6,25.450317,81.831681,25.590317,81.971681,1900-01-01 19:25:00,1900-01-01 19:40:00,4,1,0,2,3,0.0,1,1,29.0,20.968993556155134,15.0,19,19,1,Good,26-35,Very Long
0x8106,RANCHIRES08DEL02,24,4.8,23.353783,85.326967,23.433783,85.406967,1900-01-01 23:35:00,1900-01-01 23:45:00,2,2,1,3,4,1.0,1,1,18.0,12.074281945769359,10.0,23,23,0,Excellent,18-25,Very Long
0xa819,MYSRES15DEL01,26,4.6,12.352058,76.60665,12.462058,76.71665,1900-01-01 22:10:00,1900-01-01 22:15:00,2,2,1,0,3,0.0,1,1,17.0,17.0970739431768,5.0,22,22,0,Good,26-35,Very Long
0x305a,MYSRES11DEL01,35,4.8,12.323225,76.630028,12.363225,76.670028,1900-01-01 12:45:00,1900-01-01 13:00:00,4,0,0,0,3,1.0,1,1,20.0,6.217860329667253,15.0,12,13,0,Excellent,26-35,Long
0xae24,CHENRES13DEL01,30,4.8,13.027018,80.254791,13.067018,80.294791,1900-01-01 12:55:00,1900-01-01 13:05:00,1,0,0,2,3,1.0,1,3,28.0,6.209476177667662,10.0,12,13,0,Excellent,26-35,Long
0x1cef,RANCHIRES16DEL01,27,4.7,23.371292,85.327872,23.481292,85.437872,1900-01-01 23:00:00,1900-01-01 23:10:00,1,2,2,3,3,0.0,1,1,23.0,16.600272418856072,10.0,23,23,0,Good,26-35,Very Long
0x9d46,VADRES05DEL02,21,4.9,22.310526,73.170937,22.330526,73.190937,1900-01-01 09:50:00,1900-01-01 10:05:00,0,2,1,0,4,0.0,1,1,18.0,3.0295354155430836,15.0,9,10,1,Excellent,18-25,Medium
0x8b9c,SURRES19DEL01,23,4.8,21.149669,72.772629,21.219669,72.842629,1900-01-01 18:00:00,1900-01-01 18:15:00,4,3,2,0,4,0.0,3,3,11.0,10.64228895373868,15.0,18,18,1,Excellent,18-25,Very Long
0x5e9e,RANCHIRES18DEL02,21,4.5,23.351489,85.324253,23.481489,85.454253,1900-01-01 19:20:00,1900-01-01 19:35:00,4,1,0,1,3,1.0,1,3,20.0,19.61916749330441,15.0,19,19,1,Good,18-25,Very Long
0xb106,MYSRES20DEL03,30,4.6,12.337978,76.616792,12.397978,76.676792,1900-01-01 17:55:00,1900-01-01 18:00:00,3,3,1,3,4,0.0,1,3,25.0,9.32635938574064,5.0,17,18,0,Good,26-35,Long
0xcaa3,AURGRES17DEL03,32,3.6,19.876994,75.372353,19.966994,75.462353,1900-01-01 23:20:00,1900-01-01 23:35:00,0,2,2,3,4,1.0,1,1,38.0,13.735861544288484,15.0,23,23,0,Average,26-35,Very Long
0xb98f,VADRES18DEL03,38,4.8,0.0,0.0,0.09,0.09,1900-01-01 23:25:00,1900-01-01 23:30:00,3,2,2,1,3,0.0,1,1,29.0,14.15280068944862,5.0,23,23,0,Excellent,36-45,Very Long
0x3042,SURRES13DEL01,39,4.2,21.170096,72.789122,21.180096,72.799122,1900-01-01 11:30:00,1900-01-01 11:40:00,6,0,0,1,3,0.0,1,3,39.0,1.5203728379727393,10.0,11,11,0,Average,36-45,Short
0x4acf,COIMBRES18DEL02,32,4.1,11.02091,76.940432,11.10091,77.020432,1900-01-01 21:10:00,1900-01-01 21:15:00,3,1,2,0,2,1.0,1,1,34.0,12.463970105023904,5.0,21,21,1,Average,26-35,Very Long
0x7695,RANCHIRES010DEL03,30,5.0,23.354422,85.3329,23.444422,85.4229,1900-01-01 21:40:00,1900-01-01 21:45:00,0,1,1,0,4,1.0,2,1,48.0,13.583302501334014,5.0,21,21,1,Excellent,26-35,Very Long
0xdf4a,DEHRES20DEL02,36,4.7,0.0,0.0,0.05,0.05,1900-01-01 20:20:00,1900-01-01 20:35:00,0,1,0,0,3,1.0,1,1,29.0,7.8626681674103684,15.0,20,20,1,Good,36-45,Long
0x5bea,MUMRES14DEL01,20,4.8,19.1813,72.836191,19.2213,72.876191,1900-01-01 14:15:00,1900-01-01 14:30:00,6,0,0,1,3,1.0,1,1,16.0,6.117673772819904,15.0,14,14,0,Excellent,18-25,Long
0x5e09,MYSRES03DEL01,30,3.6,12.299524,76.64262,12.409524,76.75262,1900-01-01 22:00:00,1900-01-01 22:15:00,3,1,1,3,4,1.0,1,1,42.0,17.09875410817548,15.0,22,22,0,Average,26-35,Very Long
0x3c40,COIMBRES20DEL02,33,4.9,10.994136,76.963303,11.014136,76.983303,1900-01-01 11:55:00,1900-01-01 12:00:00,2,0,0,0,3,1.0,1,2,49.0,3.116288055540994,5.0,11,12,0,Excellent,26-35,Medium
0x933c,MYSRES20DEL02,25,4.6,12.337978,76.616792,12.417978,76.696792,1900-01-01 21:00:00,1900-01-01 21:15:00,0,1,1,3,3,0.0,1,1,30.0,12.434913132379245,15.0,21,21,1,Good,18-25,Very Long
0x852b,INDORES01DEL03,27,4.9,22.695207,75.866059,22.725207,75.896059,1900-01-01 20:35:00,1900-01-01 20:45:00,3,1,0,2,3,1.0,1,1,36.0,4.5384079078628705,10.0,20,20,1,Excellent,26-35,Medium
0x2383,HYDRES04DEL03,30,5.0,17.411028,78.329645,17.471028,78.389645,1900-01-01 19:50:00,1900-01-01 19:55:00,0,1,2,2,4,1.0,1,3,32.0,9.220865975037842,5.0,19,19,1,Excellent,26-35,Long
0xd0e,SURRES03DEL02,27,4.8,21.186884,72.793616,21.266884,72.873616,1900-01-01 23:40:00,1900-01-01 23:50:00,2,2,0,1,3,0.0,1,3,18.0,12.160999124282084,10.0,23,23,0,Excellent,26-35,Very Long
0x1329,PUNERES12DEL03,25,4.6,18.520016,73.830547,18.610016,73.920547,1900-01-01 23:45:00,1900-01-01 23:55:00,0,2,0,1,3,1.0,1,1,24.0,13.789485363023294,10.0,23,23,0,Good,18-25,Very Long
0xd064,DEHRES08DEL01,37,4.2,30.359722,78.067079,30.429722,78.137079,1900-01-01 19:50:00,1900-01-01 19:55:00,0,1,1,2,3,2.0,1,1,46.0,10.279157046351159,5.0,19,19,1,Average,36-45,Very Long
0x6241,CHENRES08DEL02,32,4.3,13.022394,80.242439,13.042394,80.262439,1900-01-01 08:20:00,1900-01-01 08:30:00,3,2,0,3,3,1.0,1,3,20.0,3.104827485600479,10.0,8,8,1,Average,26-35,Medium
0x5161,INDORES06DEL02,21,4.9,22.728163,75.884212,22.748163,75.904212,1900-01-01 11:50:00,1900-01-01 12:00:00,1,0,1,1,3,1.0,1,1,29.0,3.0253210909321173,10.0,11,12,0,Excellent,18-25,Medium
0x2ae2,CHENRES010DEL01,30,4.7,13.066762,80.251865,13.106762,80.291865,1900-01-01 15:20:00,1900-01-01 15:35:00,1,3,0,1,3,0.0,1,1,26.0,6.208989450210038,15.0,15,15,0,Good,26-35,Long
0x542c,RANCHIRES14DEL02,31,4.8,0.0,0.0,0.05,0.05,1900-01-01 23:00:00,1900-01-01 23:05:00,6,2,2,0,4,1.0,1,1,25.0,7.8626681674103684,5.0,23,23,0,Excellent,26-35,Long
0x942d,SURRES14DEL01,24,4.2,21.157729,72.768726,21.167729,72.778726,1900-01-01 09:55:00,1900-01-01 10:10:00,3,2,0,1,3,1.0,1,3,29.0,1.520431947999248,15.0,9,10,1,Average,18-25,Short
0x99ee,MUMRES010DEL02,39,4.8,19.003517,72.82765,19.023517,72.84765,1900-01-01 10:50:00,1900-01-01 11:05:00,0,2,1,1,3,1.0,1,1,19.0,3.060475538709063,15.0,10,11,1,Excellent,36-45,Medium
0xcc07,KOCRES11DEL02,24,4.9,10.006881,76.345397,10.086881,76.425397,1900-01-01 18:55:00,1900-01-01 19:05:00,4,3,0,0,3,1.0,1,3,20.0,12.484184857475693,10.0,18,19,1,Excellent,18-25,Very Long
0x5b4e,COIMBRES05DEL02,36,4.3,11.022169,76.999594,11.152169,77.129594,1900-01-01 20:15:00,1900-01-01 20:30:00,3,1,2,3,3,1.0,1,1,31.0,20.253058591951753,15.0,20,20,1,Average,36-45,Very Long
0x3d8d,INDORES15DEL02,38,3.5,22.760072,75.892574,22.890072,76.022574,1900-01-01 23:00:00,1900-01-01 23:10:00,0,2,2,2,4,1.0,1,1,32.0,19.658828717454107,10.0,23,23,0,Average,36-45,Very Long
0x2f9d,CHENRES07DEL01,32,3.5,13.081878,80.248519,13.191878,80.358519,1900-01-01 17:25:00,1900-01-01 17:40:00,3,3,2,3,4,1.0,1,1,33.0,17.07302628964209,15.0,17,17,0,Average,26-35,Very Long
0x8983,MYSRES11DEL03,20,5.0,12.323225,76.630028,12.383225,76.690028,1900-01-01 22:35:00,1900-01-01 22:45:00,1,2,2,3,4,1.0,1,4,10.0,9.326616348118744,10.0,22,22,0,Excellent,18-25,Long
0xc1c6,DEHRES08DEL02,24,4.9,30.359722,78.067079,30.409722,78.117079,1900-01-01 22:20:00,1900-01-01 22:30:00,3,2,2,3,4,1.0,1,3,10.0,7.342575883380827,10.0,22,22,0,Excellent,18-25,Long
0xd70e,GOARES05DEL02,24,4.2,0.0,0.0,0.08,0.08,1900-01-01 20:00:00,1900-01-01 20:15:00,2,1,0,0,3,1.0,1,1,34.0,12.58026782240096,15.0,20,20,1,Average,18-25,Very Long
0xb6c7,BANGRES02DEL02,34,4.8,12.970221,77.645396,13.050221,77.725396,1900-01-01 19:30:00,1900-01-01 19:35:00,3,1,0,3,3,1.0,1,3,38.0,12.41985066025277,5.0,19,19,1,Excellent,26-35,Very Long
0x7a9c,MYSRES09DEL02,23,4.7,12.323194,76.630583,12.373194,76.680583,1900-01-01 21:25:00,1900-01-01 21:35:00,2,1,2,0,4,1.0,1,1,11.0,7.772253320446165,10.0,21,21,1,Good,18-25,Long
0x1ff8,PUNERES06DEL02,21,4.8,18.546258,73.904337,18.676258,74.034337,1900-01-01 23:50:00,1900-01-01 00:05:00,1,2,0,3,3,1.0,1,1,23.0,19.915585713443292,15.0,23,0,0,Excellent,18-25,Very Long
0x47d7,INDORES06DEL01,32,3.7,22.728163,75.884212,22.838163,75.994212,1900-01-01 22:20:00,1900-01-01 22:25:00,0,2,2,0,2,0.0,1,1,37.0,16.636744591831217,5.0,22,22,0,Average,26-35,Very Long
0xb79b,MUMRES20DEL03,23,4.8,19.103249,72.846749,19.193249,72.936749,1900-01-01 22:35:00,1900-01-01 22:40:00,6,2,2,1,2,1.0,1,3,11.0,13.76685500858734,5.0,22,22,0,Excellent,18-25,Very Long
0x97cb,BANGRES07DEL02,32,4.5,12.978453,77.643685,12.998453,77.663685,1900-01-01 09:10:00,1900-01-01 09:15:00,2,2,0,0,3,1.0,1,3,27.0,3.105095437473336,5.0,9,9,1,Good,26-35,Medium
0x4592,MYSRES14DEL01,37,4.9,0.0,0.0,0.07,0.07,1900-01-01 19:50:00,1900-01-01 20:05:00,2,1,2,2,4,1.0,1,1,27.0,11.007734763744619,15.0,19,20,1,Excellent,36-45,Very Long
0x30d1,VADRES16DEL02,36,4.2,0.0,0.0,0.08,0.08,1900-01-01 19:20:00,1900-01-01 19:25:00,3,1,0,3,3,1.0,1,1,53.0,12.58026782240096,5.0,19,19,1,Average,36-45,Very Long
0x7cc4,MYSRES08DEL03,33,4.1,12.297954,76.665169,12.387954,76.755169,1900-01-01 18:30:00,1900-01-01 18:40:00,3,3,2,2,4,1.0,1,1,39.0,13.990192142064847,10.0,18,18,1,Average,26-35,Very Long
0xa2ca,COIMBRES06DEL02,28,4.9,11.021278,76.995017,11.151278,77.125017,1900-01-01 21:00:00,1900-01-01 21:05:00,1,1,0,0,3,1.0,1,1,35.0,20.253088868519526,5.0,21,21,1,Excellent,26-35,Very Long
0x9896,COIMBRES09DEL03,22,4.3,11.008638,76.984311,11.038638,77.014311,1900-01-01 22:25:00,1900-01-01 22:35:00,6,2,0,0,3,0.0,1,1,27.0,4.674280112157379,10.0,22,22,0,Average,18-25,Medium
0x9182,SURRES06DEL03,32,4.6,21.185047,72.80859,21.245047,72.86859,1900-01-01 22:30:00,1900-01-01 22:45:00,3,2,1,3,3,0.0,1,1,22.0,9.12108977493757,15.0,22,22,0,Good,26-35,Long
0xfe0,RANCHIRES14DEL02,25,4.5,0.0,0.0,0.05,0.05,1900-01-01 17:45:00,1900-01-01 17:55:00,1,3,1,2,3,1.0,1,1,15.0,7.8626681674103684,10.0,17,17,0,Good,18-25,Long
0x6065,JAPRES010DEL03,37,4.1,26.921411,75.793604,27.061411,75.933604,1900-01-01 19:30:00,1900-01-01 19:35:00,3,1,0,2,3,1.0,1,3,35.0,20.85094842431187,5.0,19,19,1,Average,36-45,Very Long
0x7bc0,JAPRES15DEL01,32,4.7,26.891191,75.802083,26.931191,75.842083,1900-01-01 13:45:00,1900-01-01 14:00:00,4,0,2,0,4,1.0,1,3,16.0,5.9592931098219735,15.0,13,14,0,Good,26-35,Long
0xac3c,BANGRES11DEL01,36,4.6,12.934365,77.616155,12.944365,77.626155,1900-01-01 10:00:00,1900-01-01 10:05:00,0,2,2,1,2,0.0,1,3,16.0,1.5526968797445755,5.0,10,10,1,Good,36-45,Short
0x4f8e,MYSRES19DEL02,25,4.6,12.334022,76.618203,12.464022,76.748203,1900-01-01 21:40:00,1900-01-01 21:50:00,4,1,2,0,2,0.0,1,1,20.0,20.20593639018606,10.0,21,21,1,Good,18-25,Very Long
0x4f52,MUMRES03DEL02,33,4.5,19.22384,72.841347,19.27384,72.891347,1900-01-01 20:10:00,1900-01-01 20:25:00,0,1,0,1,3,0.0,1,1,26.0,7.646049300624548,15.0,20,20,1,Good,26-35,Long
0xd36e,LUDHRES03DEL03,23,4.9,30.88722,75.804893,30.97722,75.894893,1900-01-01 21:45:00,1900-01-01 22:00:00,3,1,1,1,3,1.0,1,1,21.0,13.184836004654946,15.0,21,22,1,Excellent,18-25,Very Long
0xc9f6,KOLRES06DEL02,31,4.0,22.533662,88.366217,22.613662,88.446217,1900-01-01 20:10:00,1900-01-01 20:25:00,6,1,0,2,3,2.0,1,1,44.0,12.107955561823772,15.0,20,20,1,Average,26-35,Very Long
0xac40,RANCHIRES04DEL02,39,4.1,23.359033,85.325347,23.439033,85.405347,1900-01-01 20:30:00,1900-01-01 20:40:00,1,1,1,2,3,2.0,2,1,47.0,12.074063090452917,10.0,20,20,1,Average,36-45,Very Long
0x4f1d,INDORES20DEL02,39,4.7,22.732225,75.874765,22.752225,75.894765,1900-01-01 11:00:00,1900-01-01 11:10:00,2,2,2,3,4,1.0,1,1,27.0,3.025279772423236,10.0,11,11,0,Good,36-45,Medium
0x381f,JAPRES01DEL03,36,4.8,26.90519,75.810753,26.93519,75.840753,1900-01-01 18:20:00,1900-01-01 18:35:00,1,3,1,0,4,1.0,1,3,18.0,4.46931202175492,15.0,18,18,1,Excellent,36-45,Medium
0xd039,KOCRES16DEL01,36,4.7,10.003064,76.307589,10.113064,76.417589,1900-01-01 17:15:00,1900-01-01 17:25:00,3,3,1,0,3,1.0,1,1,27.0,17.16546112121529,10.0,17,17,0,Good,36-45,Very Long
0x95b0,CHENRES02DEL01,37,4.7,13.086438,80.220672,13.096438,80.230672,1900-01-01 10:50:00,1900-01-01 11:05:00,0,2,0,0,3,1.0,1,3,26.0,1.5522330405305724,15.0,10,11,1,Good,36-45,Short
0xce16,KOLRES11DEL03,29,4.9,22.577821,88.400581,22.637821,88.460581,1900-01-01 21:50:00,1900-01-01 22:00:00,6,1,0,0,3,1.0,1,1,16.0,9.079930407559079,10.0,21,22,1,Excellent,26-35,Long
0x689d,RANCHIRES01DEL01,30,4.6,23.416792,85.316842,23.456792,85.356842,1900-01-01 14:00:00,1900-01-01 14:15:00,0,0,1,2,4,0.0,1,3,38.0,6.036244196933988,15.0,14,14,0,Good,26-35,Long
0x84a0,MUMRES11DEL01,21,4.0,18.994237,72.825553,19.064237,72.895553,1900-01-01 17:50:00,1900-01-01 17:55:00,2,3,0,1,3,0.0,1,1,31.0,10.711185800959658,5.0,17,17,0,Average,18-25,Very Long
0xc4bb,KNPRES02DEL03,30,4.6,26.471617,80.313564,26.561617,80.403564,1900-01-01 23:30:00,1900-01-01 23:40:00,0,2,2,1,2,1.0,1,1,26.0,13.42904756962147,10.0,23,23,0,Good,26-35,Very Long
0xb1da,RANCHIRES07DEL02,39,4.3,23.359407,85.325055,23.439407,85.405055,1900-01-01 23:30:00,1900-01-01 23:35:00,0,2,1,1,4,1.0,2,1,39.0,12.074047498027575,5.0,23,23,0,Average,36-45,Very Long
0x2dd5,INDORES18DEL01,25,3.4,22.753839,75.897429,22.863838,76.007429,1900-01-01 22:30:00,1900-01-01 22:45:00,4,2,1,3,4,1.0,1,1,44.0,16.635223376953338,15.0,22,22,0,Average,18-25,Very Long
0xdf48,AGRRES06DEL01,28,4.5,0.0,0.0,0.04,0.04,1900-01-01 12:45:00,1900-01-01 13:00:00,1,0,2,2,4,0.0,1,3,26.0,6.290134677634678,15.0,12,13,0,Good,26-35,Long
0x3a29,SURRES14DEL01,39,4.5,21.157729,72.768726,21.267729,72.878726,1900-01-01 17:25:00,1900-01-01 17:35:00,2,3,2,0,4,1.0,1,1,34.0,16.72211869180285,10.0,17,17,0,Good,36-45,Very Long
0x3a42,MUMRES07DEL02,26,4.7,19.091458,72.827808,19.141458,72.877808,1900-01-01 19:45:00,1900-01-01 19:50:00,3,1,1,2,4,0.0,1,3,23.0,7.648947507755509,5.0,19,19,1,Good,26-35,Long
0x764a,MUMRES18DEL02,26,4.7,19.1093,72.825451,19.1893,72.905451,1900-01-01 19:40:00,1900-01-01 19:50:00,6,1,2,3,3,0.0,1,1,27.0,12.237167878708663,10.0,19,19,1,Good,26-35,Very Long
0xca40,LUDHRES20DEL02,36,4.6,30.885915,75.788259,31.015915,75.918259,1900-01-01 19:40:00,1900-01-01 19:55:00,2,1,1,2,4,1.0,1,1,29.0,19.043182177181123,15.0,19,19,1,Good,36-45,Very Long
0xaf3,BANGRES16DEL03,35,5.0,13.029198,77.570997,13.119198,77.660997,1900-01-01 18:45:00,1900-01-01 19:00:00,3,3,2,1,3,1.0,1,1,24.0,13.970572124439776,15.0,18,19,1,Excellent,26-35,Very Long
0x3a08,PUNERES20DEL03,32,4.5,18.592718,73.773572,18.682718,73.863572,1900-01-01 23:25:00,1900-01-01 23:35:00,1,2,1,0,4,1.0,1,3,31.0,13.786698988713738,10.0,23,23,0,Good,26-35,Very Long
0xd6f8,BHPRES16DEL02,32,4.3,23.264015,77.408236,23.344015,77.488236,1900-01-01 17:25:00,1900-01-01 17:30:00,4,3,0,3,3,1.0,1,1,32.0,12.078017632301941,5.0,17,17,0,Average,26-35,Very Long
0x83a,JAPRES17DEL01,30,4.7,26.892312,75.806896,26.962312,75.876896,1900-01-01 22:00:00,1900-01-01 22:05:00,1,1,1,0,4,0.0,1,1,40.0,10.428102699087153,5.0,22,22,0,Good,26-35,Very Long
0xbe6d,PUNERES08DEL03,39,4.8,18.53408,73.89852,18.56408,73.92852,1900-01-01 20:40:00,1900-01-01 20:50:00,3,1,0,3,3,2.0,1,1,48.0,4.596698554557205,10.0,20,20,1,Excellent,36-45,Medium
0x73b1,JAPRES08DEL03,27,4.7,26.910262,75.783013,26.940262,75.813013,1900-01-01 22:50:00,1900-01-01 23:00:00,2,2,2,3,4,0.0,1,3,18.0,4.469223038792308,10.0,22,23,0,Good,26-35,Medium
0xde51,DEHRES05DEL02,38,4.5,30.346994,78.062543,30.396994,78.112543,1900-01-01 21:40:00,1900-01-01 21:45:00,0,1,0,3,3,1.0,1,1,25.0,7.342983872895803,5.0,21,21,1,Good,36-45,Long
0x6825,COIMBRES12DEL01,39,4.5,11.000762,76.981876,11.110762,77.091876,1900-01-01 21:20:00,1900-01-01 21:35:00,6,1,1,1,3,1.0,1,3,26.0,17.138105845700238,15.0,21,21,1,Good,36-45,Very Long
0x3690,HYDRES06DEL03,36,4.6,17.455894,78.375467,17.545894,78.465467,1900-01-01 22:55:00,1900-01-01 23:10:00,3,2,2,0,3,1.0,1,3,26.0,13.82913165629175,15.0,22,23,0,Good,36-45,Very Long
0x3b4c,PUNERES16DEL01,32,4.9,18.536718,73.830327,18.606718,73.900327,1900-01-01 23:35:00,1900-01-01 23:50:00,2,2,2,2,4,1.0,1,3,20.0,10.724956120302584,15.0,23,23,0,Excellent,26-35,Very Long
0xd113,LUDHRES06DEL03,31,4.7,30.895204,75.822103,31.035204,75.962103,1900-01-01 20:40:00,1900-01-01 20:55:00,1,1,0,2,3,1.0,1,1,48.0,20.50674159208123,15.0,20,20,1,Good,26-35,Very Long
0x7912,BANGRES010DEL02,30,4.7,12.933298,77.614293,12.953298,77.634293,1900-01-01 10:00:00,1900-01-01 10:05:00,0,2,1,1,4,0.0,1,3,18.0,3.105369890908668,5.0,10,10,1,Good,26-35,Medium
0x3e09,INDORES12DEL02,23,4.7,22.74806,75.8934,22.76806,75.9134,1900-01-01 10:35:00,1900-01-01 10:40:00,4,2,0,1,3,1.0,1,1,12.0,3.0251186390184004,5.0,10,10,1,Good,18-25,Medium
0x2f98,BANGRES05DEL02,28,4.8,12.970324,77.645748,13.050324,77.725748,1900-01-01 19:50:00,1900-01-01 20:05:00,1,1,0,2,3,2.0,1,1,37.0,12.419848147906496,15.0,19,20,1,Excellent,26-35,Very Long
0x1825,JAPRES04DEL03,22,4.5,26.902328,75.794257,27.042328,75.934257,1900-01-01 22:35:00,1900-01-01 22:45:00,1,2,2,2,4,1.0,1,3,20.0,20.852513503426962,10.0,22,22,0,Good,18-25,Very Long
0x7395,HYDRES09DEL01,39,4.6,17.431668,78.408321,17.471668,78.448321,1900-01-01 13:50:00,1900-01-01 13:55:00,4,0,2,3,3,1.0,1,3,23.0,6.147073151032162,5.0,13,13,0,Good,36-45,Long
0xdc36,BHPRES17DEL01,38,4.7,23.218998,77.373573,23.228998,77.383573,1900-01-01 11:40:00,1900-01-01 11:55:00,0,0,0,0,3,1.0,1,1,30.0,1.5101672504865264,15.0,11,11,0,Good,36-45,Short
0x43ce,BANGRES03DEL03,34,4.8,12.979166,77.640709,13.039166,77.700709,1900-01-01 20:35:00,1900-01-01 20:50:00,4,1,1,1,4,0.0,1,1,22.0,9.314907489514157,15.0,20,20,1,Excellent,26-35,Long
0x5c19,SURRES18DEL03,20,4.6,21.149834,72.778666,21.239834,72.868666,1900-01-01 23:55:00,1900-01-01 00:10:00,1,2,0,3,3,1.0,1,1,20.0,13.682504886916606,15.0,23,0,0,Good,18-25,Very Long
0xb41b,PUNERES01DEL02,38,4.6,18.569156,73.774723,18.699156,73.904723,1900-01-01 18:40:00,1900-01-01 18:45:00,6,3,1,2,3,1.0,1,3,22.0,19.91431676645955,5.0,18,18,1,Good,36-45,Very Long
0xd927,DEHRES12DEL02,29,5.0,0.0,0.0,0.05,0.05,1900-01-01 18:45:00,1900-01-01 19:00:00,1,3,1,3,4,1.0,1,1,19.0,7.8626681674103684,15.0,18,19,1,Excellent,26-35,Long
0x9090,VADRES20DEL03,22,4.2,22.311358,73.164798,22.341358,73.194798,1900-01-01 23:00:00,1900-01-01 23:05:00,6,2,0,1,3,1.0,1,1,24.0,4.544215521132342,5.0,23,23,0,Average,18-25,Medium
0x4bc5,RANCHIRES04DEL02,36,4.5,23.359033,85.325347,23.439033,85.405347,1900-01-01 23:15:00,1900-01-01 23:30:00,3,2,0,2,3,1.0,1,1,23.0,12.074063090452917,15.0,23,23,0,Good,36-45,Very Long
0x98f4,CHENRES19DEL01,31,4.7,12.986047,80.218114,12.996047,80.228114,1900-01-01 09:40:00,1900-01-01 09:50:00,6,2,2,2,4,1.0,1,1,29.0,1.5525398251397549,10.0,9,9,1,Good,26-35,Short
0xa6ce,MYSRES01DEL02,23,5.0,12.311072,76.654878,12.441072,76.784878,1900-01-01 21:25:00,1900-01-01 21:40:00,4,1,2,2,3,1.0,1,3,24.0,20.206804295781904,15.0,21,21,1,Excellent,18-25,Very Long
0xba51,COIMBRES16DEL03,31,4.7,11.010375,76.95295,11.040375,76.98295,1900-01-01 20:15:00,1900-01-01 20:30:00,3,1,1,1,4,1.0,1,3,25.0,4.674266565274251,15.0,20,20,1,Good,26-35,Medium
0x8a61,CHENRES18DEL01,20,4.5,12.981615,80.231598,13.051615,80.301598,1900-01-01 18:45:00,1900-01-01 19:00:00,0,3,1,3,4,1.0,1,3,28.0,10.867232952679458,15.0,18,19,1,Good,18-25,Very Long
0x8fa1,RANCHIRES01DEL03,39,4.9,23.416792,85.316842,23.446792,85.346842,1900-01-01 18:45:00,1900-01-01 18:55:00,0,3,2,1,4,1.0,1,1,18.0,4.527261449200724,10.0,18,18,1,Excellent,36-45,Medium
0x74af,HYDRES04DEL01,22,4.1,17.411028,78.329645,17.421028,78.339645,1900-01-01 09:10:00,1900-01-01 09:15:00,2,2,0,1,3,1.0,1,1,26.0,1.5369113551350593,5.0,9,9,1,Average,18-25,Short
0xd073,AGRRES13DEL01,21,4.8,27.159795,78.04299,27.269795,78.15299,1900-01-01 17:15:00,1900-01-01 17:25:00,2,3,0,1,3,1.0,1,1,30.0,16.368443538636935,10.0,17,17,0,Excellent,18-25,Very Long
0x63f6,INDORES18DEL03,30,4.5,22.753839,75.897429,22.813838,75.957429,1900-01-01 19:50:00,1900-01-01 20:00:00,0,1,1,0,3,1.0,1,1,30.0,9.074486316335918,10.0,19,20,1,Good,26-35,Long
0xb950,MYSRES01DEL03,28,4.7,12.311072,76.654878,12.371072,76.714878,1900-01-01 17:20:00,1900-01-01 17:30:00,3,3,0,0,3,0.0,1,3,10.0,9.326827803405624,10.0,17,17,0,Good,26-35,Long
0x7dad,COIMBRES13DEL01,39,4.7,11.003669,76.976494,11.043669,77.016494,1900-01-01 14:55:00,1900-01-01 15:00:00,3,0,1,3,3,1.0,1,1,27.0,6.232373129283698,5.0,14,15,0,Good,36-45,Long
0xd80e,ALHRES07DEL03,38,4.7,25.449659,81.839744,25.479659,81.869744,1900-01-01 18:10:00,1900-01-01 18:15:00,6,3,2,1,3,1.0,1,1,27.0,4.494291162003504,5.0,18,18,1,Good,36-45,Medium
0x6802,HYDRES11DEL02,38,4.5,17.430448,78.418213,17.560448,78.548213,1900-01-01 21:15:00,1900-01-01 21:30:00,2,1,2,3,2,0.0,1,1,36.0,19.975696041451314,15.0,21,21,1,Good,36-45,Very Long
0x5afc,RANCHIRES04DEL01,26,4.7,23.359033,85.325347,23.429033,85.395347,1900-01-01 18:00:00,1900-01-01 18:10:00,2,3,0,2,3,1.0,1,1,28.0,10.564987742503256,10.0,18,18,1,Good,26-35,Very Long
0xcd81,AGRRES09DEL03,27,4.6,0.0,0.0,0.06,0.06,1900-01-01 21:15:00,1900-01-01 21:25:00,3,1,2,1,3,1.0,1,1,24.0,9.435201537430713,10.0,21,21,1,Good,26-35,Long
0x80e5,PUNERES14DEL01,30,4.8,18.516216,73.842527,18.526216,73.852527,1900-01-01 11:10:00,1900-01-01 11:25:00,6,0,2,2,3,0.0,1,1,27.0,1.5323511358881128,15.0,11,11,0,Excellent,26-35,Short
0x3bc3,RANCHIRES07DEL02,37,4.2,23.359407,85.325055,23.489407,85.455055,1900-01-01 18:40:00,1900-01-01 18:50:00,2,3,0,1,3,2.0,1,1,35.0,19.618630653002523,10.0,18,18,1,Average,36-45,Very Long
0xea0,CHENRES15DEL01,37,4.4,13.026286,80.275235,13.136286,80.385235,1900-01-01 21:55:00,1900-01-01 22:00:00,1,1,1,3,3,1.0,1,1,47.0,17.074904296042025,5.0,21,22,1,Average,36-45,Very Long
0xb2f7,SURRES19DEL02,21,4.6,21.149669,72.772629,21.169669,72.792629,1900-01-01 08:25:00,1900-01-01 08:40:00,0,2,1,3,4,1.0,1,1,18.0,3.0408931296411703,15.0,8,8,1,Good,18-25,Medium
0x79e,BANGRES09DEL01,26,5.0,12.934179,77.615797,13.004179,77.685797,1900-01-01 17:25:00,1900-01-01 17:40:00,4,3,1,0,3,1.0,1,1,15.0,10.868244074540835,15.0,17,17,0,Excellent,26-35,Very Long
0xc514,AGRRES11DEL01,38,4.7,27.163303,78.057044,27.233303,78.127044,1900-01-01 22:15:00,1900-01-01 22:20:00,6,2,2,0,4,1.0,1,1,28.0,10.416963824321584,5.0,22,22,0,Good,36-45,Very Long
0x13c6,INDORES07DEL03,35,4.5,22.722634,75.886959,22.812634,75.976959,1900-01-01 18:15:00,1900-01-01 18:30:00,4,3,2,3,4,0.0,1,3,27.0,13.612594236925654,15.0,18,18,1,Good,26-35,Very Long
0x119e,JAPRES02DEL02,23,4.6,26.914142,75.805704,26.964142,75.855704,1900-01-01 19:15:00,1900-01-01 19:20:00,2,1,2,2,2,1.0,1,3,21.0,7.448298968601334,5.0,19,19,1,Good,18-25,Long
0x3dd8,CHENRES07DEL02,21,4.6,13.081878,80.248519,13.161878,80.328519,1900-01-01 23:55:00,1900-01-01 00:00:00,1,2,0,3,3,1.0,1,1,23.0,12.417115998944011,5.0,23,0,0,Good,18-25,Very Long
0x8962,JAPRES05DEL01,22,4.6,26.905287,75.794592,26.945287,75.834592,1900-01-01 14:45:00,1900-01-01 15:00:00,4,0,2,3,2,1.0,1,1,12.0,5.958963420481106,15.0,14,15,0,Good,18-25,Long
0x5075,JAPRES010DEL02,32,4.0,26.921411,75.793604,26.941411,75.813604,1900-01-01 11:55:00,1900-01-01 12:00:00,0,0,1,3,3,1.0,1,1,38.0,2.979410112022739,5.0,11,12,0,Average,26-35,Medium
0x8d3b,INDORES19DEL01,25,4.9,22.745536,75.893106,22.815536,75.963106,1900-01-01 23:30:00,1900-01-01 23:35:00,6,2,1,3,4,1.0,1,1,17.0,10.587113705075847,5.0,23,23,0,Excellent,18-25,Very Long
0x6c80,COIMBRES17DEL02,33,4.5,11.026117,76.944652,11.076117,76.994652,1900-01-01 23:50:00,1900-01-01 00:05:00,2,2,0,1,3,1.0,1,1,26.0,7.790109178658858,15.0,23,0,0,Good,26-35,Long
0x386e,PUNERES14DEL03,30,4.6,18.516216,73.842527,18.606216,73.932527,1900-01-01 22:45:00,1900-01-01 23:00:00,0,2,2,2,2,1.0,1,1,30.0,13.789630729980562,15.0,22,23,0,Good,26-35,Very Long
0x3227,VADRES08DEL01,29,4.9,0.0,0.0,0.01,0.01,1900-01-01 08:50:00,1900-01-01 09:05:00,2,2,1,0,4,0.0,1,1,11.0,1.5725337292863206,15.0,8,9,1,Excellent,26-35,Short
0xc2bf,AURGRES17DEL01,34,4.6,19.876994,75.372353,19.946994,75.442353,1900-01-01 20:00:00,1900-01-01 20:15:00,3,1,1,2,4,1.0,1,1,28.0,10.683765175101241,15.0,20,20,1,Good,26-35,Very Long
0xab69,PUNERES17DEL03,20,5.0,18.530963,73.828972,18.590963,73.888972,1900-01-01 18:55:00,1900-01-01 19:05:00,1,3,2,1,4,0.0,1,3,13.0,9.193093962702912,10.0,18,19,1,Excellent,18-25,Long
0xdf63,KOCRES20DEL03,26,4.8,9.979186,76.317361,10.039186,76.377361,1900-01-01 19:30:00,1900-01-01 19:35:00,0,1,1,3,3,1.0,1,1,24.0,9.36367510199373,5.0,19,19,1,Excellent,26-35,Long
0xd99c,DEHRES02DEL01,22,4.8,0.0,0.0,0.01,0.01,1900-01-01 09:40:00,1900-01-01 09:45:00,4,2,1,3,4,1.0,1,1,16.0,1.5725337292863206,5.0,9,9,1,Excellent,18-25,Short
0xa5f7,INDORES20DEL02,25,5.0,22.732225,75.874765,22.862225,76.004765,1900-01-01 19:50:00,1900-01-01 20:05:00,6,1,2,3,4,0.0,1,3,18.0,19.660674820590273,15.0,19,20,1,Excellent,18-25,Very Long
0x8b06,CHENRES13DEL01,34,4.2,13.027018,80.254791,13.037018,80.264791,1900-01-01 08:25:00,1900-01-01 08:30:00,6,2,0,2,3,1.0,1,1,34.0,1.5524148945455953,5.0,8,8,1,Average,26-35,Short
0x1d64,PUNERES08DEL02,23,4.7,18.53408,73.89852,18.58408,73.94852,1900-01-01 20:20:00,1900-01-01 20:30:00,2,1,1,1,4,0.0,1,3,10.0,7.66095172081025,10.0,20,20,1,Good,18-25,Long
0xabeb,INDORES05DEL01,39,4.8,22.727021,75.884167,22.737021,75.894167,1900-01-01 09:40:00,1900-01-01 09:45:00,3,2,2,2,4,1.0,1,1,26.0,1.5126917819914392,5.0,9,9,1,Excellent,36-45,Short
0x7a94,RANCHIRES08DEL03,33,4.5,23.353783,85.326967,23.383783,85.356967,1900-01-01 20:45:00,1900-01-01 20:50:00,4,1,2,1,2,1.0,1,1,21.0,4.5282465767387095,5.0,20,20,1,Good,26-35,Medium
0x7f1c,HYDRES05DEL01,24,4.6,17.433809,78.386744,17.543809,78.496744,1900-01-01 19:45:00,1900-01-01 20:00:00,4,1,1,0,3,1.0,1,1,20.0,16.902806732498032,15.0,19,20,1,Good,18-25,Very Long
0x9c4c,MYSRES08DEL03,30,4.1,12.297954,76.665169,12.357954,76.725169,1900-01-01 22:20:00,1900-01-01 22:30:00,3,2,0,1,3,0.0,1,1,26.0,9.327055824816654,10.0,22,22,0,Average,26-35,Long
0x7e0b,HYDRES04DEL02,20,5.0,17.411028,78.329645,17.491028,78.409645,1900-01-01 23:50:00,1900-01-01 23:55:00,6,2,2,2,2,1.0,1,1,17.0,12.294166376369663,5.0,23,23,0,Excellent,18-25,Very Long
0x9ba3,INDORES01DEL02,38,4.8,22.695207,75.866059,22.775207,75.946059,1900-01-01 17:40:00,1900-01-01 17:55:00,4,3,1,3,3,1.0,1,1,17.0,12.101403911098705,15.0,17,17,0,Excellent,36-45,Very Long
0x2ec2,PUNERES03DEL02,31,4.7,18.554382,73.798206,18.604382,73.848206,1900-01-01 21:45:00,1900-01-01 21:55:00,6,1,2,0,3,1.0,1,3,25.0,7.66052012420465,10.0,21,21,1,Good,26-35,Long
0x5c2a,JAPRES19DEL03,21,5.0,26.913726,75.75282,26.943726,75.78282,1900-01-01 17:10:00,1900-01-01 17:15:00,1,3,1,0,4,0.0,1,3,12.0,4.469162258883671,5.0,17,17,0,Excellent,18-25,Medium
0x5522,MYSRES03DEL01,34,4.8,12.299524,76.64262,12.309524,76.65262,1900-01-01 09:50:00,1900-01-01 09:55:00,4,2,0,1,3,1.0,1,3,27.0,1.5545771256173964,5.0,9,9,1,Excellent,26-35,Short
0xc53b,LUDHRES09DEL01,35,4.1,30.885814,75.786976,30.955814,75.856976,1900-01-01 23:00:00,1900-01-01 23:05:00,0,2,2,2,3,1.0,1,1,36.0,10.255391358669385,5.0,23,23,0,Average,26-35,Very Long
0x1ca7,RANCHIRES05DEL01,32,4.9,23.355164,85.324097,23.425164,85.394097,1900-01-01 20:15:00,1900-01-01 20:30:00,2,1,0,1,3,2.0,1,3,44.0,10.565128845647761,15.0,20,20,1,Excellent,26-35,Very Long
0xa09a,SURRES19DEL01,25,4.7,21.149669,72.772629,21.189669,72.812629,1900-01-01 16:10:00,1900-01-01 16:25:00,0,3,1,0,3,1.0,1,1,17.0,6.081595038517862,15.0,16,16,0,Good,18-25,Long
0xdc29,GOARES04DEL02,27,4.0,15.5696,73.742294,15.5896,73.762294,1900-01-01 09:10:00,1900-01-01 09:25:00,2,2,0,3,3,0.0,1,3,20.0,3.0878304191129935,15.0,9,9,1,Average,26-35,Medium
0xe200,BHPRES17DEL02,20,4.8,23.218998,77.373573,23.298998,77.453573,1900-01-01 19:10:00,1900-01-01 19:25:00,2,1,0,3,3,0.0,1,1,25.0,12.079886418819731,15.0,19,19,1,Excellent,18-25,Very Long
0xba82,VADRES19DEL01,35,4.2,22.311844,73.165081,22.321844,73.175081,1900-01-01 08:20:00,1900-01-01 08:25:00,6,2,0,1,3,0.0,1,1,26.0,1.5147861398649296,5.0,8,8,1,Average,26-35,Short
0x507b,CHENRES04DEL01,35,4.2,13.02978,80.208812,13.06978,80.248812,1900-01-01 15:00:00,1900-01-01 15:05:00,3,0,0,1,3,1.0,1,1,32.0,6.209442398392529,5.0,15,15,0,Average,26-35,Long
0xdbe1,BHPRES11DEL01,31,4.2,23.233219,77.433571,23.243219,77.443571,1900-01-01 11:30:00,1900-01-01 11:45:00,0,0,2,3,2,1.0,1,3,36.0,1.5100935919216976,15.0,11,11,0,Average,26-35,Short
0x2bc2,INDORES03DEL03,25,4.5,22.751857,75.866699,22.841857,75.956699,1900-01-01 18:50:00,1900-01-01 19:05:00,2,3,2,3,4,0.0,1,3,16.0,13.611254468563875,15.0,18,19,1,Good,18-25,Very Long
0x7c8b,MUMRES14DEL01,39,4.8,19.1813,72.836191,19.2213,72.876191,1900-01-01 16:30:00,1900-01-01 16:45:00,4,3,2,0,2,1.0,1,1,22.0,6.117673772819904,15.0,16,16,0,Excellent,36-45,Long
0x5231,MUMRES20DEL03,35,4.7,19.103249,72.846749,19.133249,72.876749,1900-01-01 00:00:00,1900-01-01 00:15:00,4,2,1,1,3,1.0,1,1,16.0,4.589345115377281,15.0,0,0,0,Good,26-35,Medium
0x88ff,HYDRES06DEL03,25,4.7,17.455894,78.375467,17.545894,78.465467,1900-01-01 18:00:00,1900-01-01 18:15:00,6,3,1,0,3,1.0,1,1,25.0,13.82913165629175,15.0,18,18,1,Good,18-25,Very Long
0x47ca,SURRES02DEL01,29,4.1,21.186608,72.794136,21.296608,72.904136,1900-01-01 19:50:00,1900-01-01 19:55:00,0,1,2,3,4,1.0,1,1,33.0,16.72059667667709,5.0,19,19,1,Average,26-35,Very Long
0x49d0,MYSRES06DEL01,33,4.7,12.323994,76.626167,12.363994,76.666167,1900-01-01 12:10:00,1900-01-01 12:20:00,4,0,1,0,3,1.0,1,1,17.0,6.2178514120156425,10.0,12,12,0,Good,26-35,Long
0xc47c,LUDHRES03DEL01,31,5.0,30.88722,75.804893,30.95722,75.874893,1900-01-01 19:45:00,1900-01-01 19:55:00,3,1,0,0,3,0.0,1,1,36.0,10.25532745170433,10.0,19,19,1,Excellent,26-35,Very Long
0x3f13,COIMBRES03DEL03,33,4.5,11.025083,77.015393,11.115083,77.105393,1900-01-01 20:20:00,1900-01-01 20:25:00,2,1,1,1,4,1.0,1,1,35.0,14.021750803377119,5.0,20,20,1,Good,26-35,Very Long
0x697a,PUNERES11DEL02,29,4.1,18.533811,73.899315,18.663811,74.029315,1900-01-01 18:55:00,1900-01-01 19:05:00,1,3,1,2,4,1.0,1,1,38.0,19.916274899797408,10.0,18,19,1,Average,26-35,Very Long
0x2ce3,MUMRES13DEL01,37,4.8,19.178321,72.834715,19.288321,72.944715,1900-01-01 22:25:00,1900-01-01 22:30:00,4,2,1,2,4,1.0,1,3,29.0,16.822056546203214,5.0,22,22,0,Excellent,36-45,Very Long
0x3e3d,MUMRES12DEL01,34,4.9,19.207222,72.972281,19.217222,72.982281,1900-01-01 09:25:00,1900-01-01 09:35:00,2,2,1,2,3,1.0,1,1,27.0,1.5293705867132354,10.0,9,9,1,Excellent,26-35,Short
0xd68a,LUDHRES05DEL02,34,4.6,30.905562,75.832841,30.925562,75.852841,1900-01-01 09:00:00,1900-01-01 09:05:00,6,2,1,0,4,1.0,1,1,21.0,2.930180183062264,5.0,9,9,1,Good,26-35,Medium
0x3a98,HYDRES03DEL01,20,4.9,17.422819,78.449578,17.462819,78.489578,1900-01-01 13:00:00,1900-01-01 13:15:00,1,0,1,0,3,1.0,1,1,27.0,6.147215320061788,15.0,13,13,0,Excellent,18-25,Long
0x24bf,COIMBRES09DEL01,23,4.7,11.008638,76.984311,11.078638,77.054311,1900-01-01 18:10:00,1900-01-01 18:20:00,6,3,2,2,3,1.0,1,1,27.0,10.90628903651029,10.0,18,18,1,Good,18-25,Very Long
0xca6c,AURGRES14DEL02,21,5.0,19.875016,75.322405,19.955016,75.402405,1900-01-01 23:45:00,1900-01-01 23:55:00,0,2,0,1,3,1.0,1,1,20.0,12.209907712718547,10.0,23,23,0,Excellent,18-25,Very Long
0x8db2,BANGRES01DEL03,35,4.7,12.933284,77.615428,12.993284,77.675428,1900-01-01 21:55:00,1900-01-01 22:10:00,3,1,1,3,3,0.0,1,1,34.0,9.315745361545886,15.0,21,22,1,Good,26-35,Long
0x6a19,JAPRES04DEL03,30,4.9,26.902328,75.794257,26.962328,75.854257,1900-01-01 21:35:00,1900-01-01 21:50:00,1,1,1,1,3,1.0,1,3,33.0,8.938197833558919,15.0,21,21,1,Excellent,26-35,Long
0xa112,VADRES20DEL02,24,4.9,22.311358,73.164798,22.441358,73.294798,1900-01-01 23:25:00,1900-01-01 23:35:00,0,2,0,3,3,0.0,1,1,21.0,19.688340311678566,10.0,23,23,0,Excellent,18-25,Very Long
0x90a8,HYDRES09DEL03,28,4.8,17.431668,78.408321,17.491668,78.468321,1900-01-01 21:00:00,1900-01-01 21:10:00,1,1,0,0,3,1.0,1,1,26.0,9.220368460607467,10.0,21,21,1,Excellent,26-35,Long
0x9afc,HYDRES14DEL01,24,4.2,17.426228,78.407495,17.536228,78.517495,1900-01-01 19:45:00,1900-01-01 20:00:00,6,1,0,0,3,2.0,1,1,35.0,16.90314234117986,15.0,19,20,1,Average,18-25,Very Long
0xc055,AURGRES010DEL02,33,4.5,-19.875337,75.316722,19.895337,75.336722,1900-01-01 11:25:00,1900-01-01 11:40:00,6,0,2,0,2,0.0,1,3,27.0,4422.297714580907,15.0,11,11,0,Good,26-35,
0x2179,JAPRES18DEL01,31,4.6,26.913987,75.752891,26.983987,75.822891,1900-01-01 19:55:00,1900-01-01 20:10:00,4,1,0,3,3,2.0,1,1,39.0,10.427215010407021,15.0,19,20,1,Good,26-35,Very Long
0xaab2,MYSRES12DEL02,30,4.8,12.284747,76.625861,12.304747,76.645861,1900-01-01 08:40:00,1900-01-01 08:50:00,0,2,2,0,2,1.0,1,1,18.0,3.1092107394969077,10.0,8,8,1,Excellent,26-35,Medium
0xbdd2,COIMBRES08DEL01,24,4.7,11.001852,76.976268,11.071852,77.046268,1900-01-01 18:25:00,1900-01-01 18:30:00,2,3,0,1,3,1.0,1,4,29.0,10.906412696832646,5.0,18,18,1,Good,18-25,Very Long
0x5ed6,SURRES14DEL01,28,4.7,21.157729,72.768726,21.197729,72.808726,1900-01-01 15:25:00,1900-01-01 15:40:00,2,3,0,2,3,1.0,1,3,29.0,6.081440911759753,15.0,15,15,0,Good,26-35,Long
0x6a1c,VADRES06DEL02,29,4.6,22.31279,73.170283,22.36279,73.220283,1900-01-01 18:10:00,1900-01-01 18:20:00,1,3,2,1,4,0.0,1,1,15.0,7.573406195224182,10.0,18,18,1,Good,26-35,Long
0x9a96,INDORES09DEL03,35,5.0,22.725835,75.887648,22.755835,75.917648,1900-01-01 21:00:00,1900-01-01 21:05:00,4,1,1,0,4,0.0,1,1,24.0,4.537940846050908,5.0,21,21,1,Excellent,26-35,Medium
0x90e,SURRES06DEL02,31,4.1,21.185047,72.80859,21.205047,72.82859,1900-01-01 10:40:00,1900-01-01 10:45:00,3,2,0,3,3,1.0,1,1,27.0,3.040554821797033,5.0,10,10,1,Average,26-35,Medium
0x3ab5,SURRES11DEL02,34,4.3,21.157735,72.768778,21.207735,72.818778,1900-01-01 17:55:00,1900-01-01 18:00:00,2,3,2,3,4,0.0,1,3,33.0,7.601681384871196,5.0,17,18,0,Average,26-35,Long
0x70b3,JAPRES16DEL01,30,4.9,26.849596,75.800512,26.959596,75.910512,1900-01-01 22:55:00,1900-01-01 23:00:00,6,2,1,3,4,1.0,1,1,29.0,16.388478196037884,5.0,22,23,0,Excellent,26-35,Very Long
0x8763,HYDRES20DEL03,31,4.6,17.483216,78.552111,17.513216,78.582111,1900-01-01 21:20:00,1900-01-01 21:30:00,0,1,1,1,4,0.0,1,1,27.0,4.609743188391016,10.0,21,21,1,Good,26-35,Medium
0xdb02,AURGRES01DEL02,25,4.9,19.876219,75.346017,19.926219,75.396017,1900-01-01 17:45:00,1900-01-01 17:50:00,2,3,1,0,4,1.0,1,1,29.0,7.631504867081062,5.0,17,17,0,Excellent,18-25,Long
0xbda5,HYDRES17DEL03,30,4.9,17.451976,78.385883,17.481976,78.415883,1900-01-01 18:25:00,1900-01-01 18:40:00,4,3,1,1,3,0.0,1,1,18.0,4.610120317988261,15.0,18,18,1,Excellent,26-35,Medium
0x1813,MYSRES01DEL03,21,4.6,12.311072,76.654878,12.341072,76.684878,1900-01-01 22:15:00,1900-01-01 22:20:00,3,2,1,3,3,1.0,1,1,14.0,4.663544352411129,5.0,22,22,0,Good,18-25,Medium
0x2479,MUMRES16DEL02,34,4.1,19.120083,72.907385,19.250083,73.037385,1900-01-01 21:20:00,1900-01-01 21:35:00,6,1,1,3,4,1.0,1,1,39.0,19.883360631545855,15.0,21,21,1,Average,26-35,Very Long
0x6e0b,HYDRES01DEL01,27,4.5,17.410371,78.437225,17.520371,78.547225,1900-01-01 22:50:00,1900-01-01 22:55:00,2,2,0,1,3,1.0,1,3,18.0,16.903843893839564,5.0,22,22,0,Good,26-35,Very Long
0x93b3,INDORES15DEL01,31,4.8,22.760072,75.892574,22.770072,75.902574,1900-01-01 10:10:00,1900-01-01 10:20:00,3,2,2,2,3,0.0,1,1,24.0,1.5125236323325255,10.0,10,10,1,Excellent,26-35,Short
0xa4dc,JAPRES17DEL01,29,4.8,26.892312,75.806896,27.002312,75.916896,1900-01-01 21:55:00,1900-01-01 22:10:00,1,1,0,0,3,1.0,1,1,37.0,16.385730104308024,15.0,21,22,1,Excellent,26-35,Very Long
0x937c,RANCHIRES19DEL03,39,4.9,23.333017,85.3172,23.423017,85.4072,1900-01-01 19:25:00,1900-01-01 19:30:00,0,1,2,1,3,1.0,1,1,36.0,13.584306064167167,5.0,19,19,1,Excellent,36-45,Very Long
0x7431,RANCHIRES19DEL01,24,4.9,23.333017,85.3172,23.443017,85.4272,1900-01-01 18:15:00,1900-01-01 18:30:00,0,3,1,1,4,0.0,1,1,35.0,16.60246716832672,15.0,18,18,1,Excellent,18-25,Very Long
0x50f1,MUMRES16DEL02,24,4.5,19.120083,72.907385,19.140083,72.927385,1900-01-01 11:00:00,1900-01-01 11:15:00,2,2,2,0,3,1.0,1,3,18.0,3.0594600768341045,15.0,11,11,0,Good,18-25,Medium
0x84d9,MUMRES12DEL02,32,4.7,19.207222,72.972281,19.337222,73.102281,1900-01-01 00:00:00,1900-01-01 00:15:00,2,2,1,0,3,1.0,1,1,19.0,19.878389859457627,15.0,0,0,0,Good,26-35,Very Long
0x57b8,SURRES20DEL03,38,4.3,21.15276,72.778059,21.18276,72.808059,1900-01-01 22:10:00,1900-01-01 22:20:00,3,2,0,3,3,2.0,1,1,33.0,4.561223681551846,10.0,22,22,0,Average,36-45,Medium
0xa2ad,INDORES01DEL03,29,4.6,22.695207,75.866059,22.725207,75.896059,1900-01-01 21:15:00,1900-01-01 21:30:00,4,1,1,2,3,0.0,1,3,13.0,4.5384079078628705,15.0,21,21,1,Good,26-35,Medium
0xa808,INDORES16DEL03,34,4.4,22.744648,75.894377,22.834648,75.984377,1900-01-01 20:30:00,1900-01-01 20:45:00,3,1,0,0,3,1.0,1,1,51.0,13.611585111772158,15.0,20,20,1,Average,26-35,Very Long
0x25cd,COIMBRES18DEL02,34,4.5,11.02091,76.940432,11.04091,76.960432,1900-01-01 10:35:00,1900-01-01 10:40:00,2,2,0,2,3,1.0,1,1,30.0,3.116148933802629,5.0,10,10,1,Good,26-35,Medium
0x34a2,CHENRES04DEL02,28,4.8,13.02978,80.208812,13.07978,80.258812,1900-01-01 18:15:00,1900-01-01 18:25:00,4,3,0,3,3,1.0,1,1,24.0,7.761726486394523,10.0,18,18,1,Excellent,26-35,Long
0x1509,RANCHIRES15DEL02,38,4.9,23.369746,85.33982,23.499746,85.46982,1900-01-01 17:30:00,1900-01-01 17:35:00,6,3,0,2,3,1.0,1,1,42.0,19.617929437389435,5.0,17,17,0,Excellent,36-45,Very Long
0xcba3,ALHRES13DEL01,22,4.6,25.451646,81.832796,25.561646,81.942796,1900-01-01 21:30:00,1900-01-01 21:40:00,1,1,1,2,3,1.0,1,1,33.0,16.47648131537372,10.0,21,21,1,Good,18-25,Very Long
0x71a9,MUMRES13DEL02,37,4.8,19.178321,72.834715,19.198321,72.854715,1900-01-01 08:10:00,1900-01-01 08:20:00,1,2,0,3,3,0.0,1,1,22.0,3.0589506421330555,10.0,8,8,1,Excellent,36-45,Medium
0x515b,MYSRES14DEL02,30,4.2,0.0,0.0,0.05,0.05,1900-01-01 18:55:00,1900-01-01 19:00:00,3,3,0,3,3,1.0,1,1,36.0,7.8626681674103684,5.0,18,19,1,Average,26-35,Long
0xb409,BANGRES04DEL03,26,4.7,12.98041,77.640489,13.04041,77.700489,1900-01-01 18:15:00,1900-01-01 18:30:00,0,3,2,2,3,1.0,1,1,18.0,9.31488473286169,15.0,18,18,1,Good,26-35,Long
0x2abe,SURRES03DEL01,36,4.0,21.186884,72.793616,21.226884,72.833616,1900-01-01 14:35:00,1900-01-01 14:45:00,1,0,1,1,3,2.0,1,1,35.0,6.080882967594327,10.0,14,14,0,Average,36-45,Long
0x9120,VADRES15DEL01,23,5.0,0.0,0.0,0.07,0.07,1900-01-01 20:15:00,1900-01-01 20:25:00,2,1,0,1,3,2.0,1,1,39.0,11.007734763744619,10.0,20,20,1,Excellent,18-25,Very Long
0xc3d0,BHPRES16DEL03,34,4.6,23.264015,77.408236,23.324015,77.468236,1900-01-01 22:30:00,1900-01-01 22:45:00,2,2,2,2,4,0.0,1,1,27.0,9.058825022192165,15.0,22,22,0,Good,26-35,Long
0x1798,CHENRES04DEL03,23,4.9,13.02978,80.208812,13.05978,80.238812,1900-01-01 18:15:00,1900-01-01 18:20:00,0,3,0,2,3,0.0,1,1,26.0,4.657127681974745,5.0,18,18,1,Excellent,18-25,Medium
0x9730,HYDRES06DEL01,39,4.7,17.455894,78.375467,17.525894,78.445467,1900-01-01 18:30:00,1900-01-01 18:40:00,3,3,0,0,3,1.0,1,1,43.0,10.756273454297123,10.0,18,18,1,Good,36-45,Very Long
0xd519,KOCRES20DEL01,21,4.6,9.979186,76.317361,10.019186,76.357361,1900-01-01 13:45:00,1900-01-01 14:00:00,2,0,2,0,4,1.0,1,3,22.0,6.242544780458512,15.0,13,14,0,Good,18-25,Long
0x1b2f,MUMRES19DEL03,25,4.5,19.131141,72.813074,19.221141,72.903074,1900-01-01 18:10:00,1900-01-01 18:25:00,6,3,2,1,4,1.0,1,1,24.0,13.765756924309539,15.0,18,18,1,Good,18-25,Very Long
0x90e0,INDORES15DEL03,21,4.7,22.760072,75.892574,22.790072,75.922574,1900-01-01 19:40:00,1900-01-01 19:55:00,6,1,2,1,2,1.0,3,3,11.0,4.537418110277337,15.0,19,19,1,Good,18-25,Medium
0xd9d0,GOARES06DEL03,38,4.7,15.56155,73.749092,15.62155,73.809092,1900-01-01 22:40:00,1900-01-01 22:50:00,1,2,1,1,4,0.0,1,3,15.0,9.263231656574524,10.0,22,22,0,Good,36-45,Long
0x8fad,PUNERES08DEL01,35,4.9,18.53408,73.89852,18.64408,74.00852,1900-01-01 18:00:00,1900-01-01 18:10:00,4,3,0,0,3,0.0,1,1,33.0,16.852688970823085,10.0,18,18,1,Excellent,26-35,Very Long
0xd10e,KOCRES03DEL02,37,3.6,10.020683,76.310631,10.150683,76.440631,1900-01-01 21:35:00,1900-01-01 21:50:00,6,1,1,1,3,0.0,1,3,33.0,20.28559840129957,15.0,21,21,1,Average,36-45,Very Long
0xb2a6,SURRES13DEL01,25,4.2,21.170096,72.789122,21.240096,72.859122,1900-01-01 19:00:00,1900-01-01 19:15:00,0,3,1,1,4,1.0,1,1,39.0,10.641604779432296,15.0,19,19,1,Average,18-25,Very Long
0x61d0,CHENRES16DEL03,39,4.7,13.049645,80.242268,13.139645,80.332268,1900-01-01 21:20:00,1900-01-01 21:25:00,4,1,2,0,4,0.0,1,1,18.0,13.970007989574006,5.0,21,21,1,Good,36-45,Very Long
0xca66,KOLRES05DEL02,22,4.8,22.527893,88.368628,22.547893,88.388628,1900-01-01 08:50:00,1900-01-01 09:05:00,6,2,1,1,3,0.0,1,1,19.0,3.02735037408095,15.0,8,9,1,Excellent,18-25,Medium
0xccf2,AGRRES12DEL03,21,4.8,27.165108,78.015053,27.225108,78.075053,1900-01-01 21:20:00,1900-01-01 21:25:00,3,1,2,3,4,1.0,1,1,24.0,8.928939271550702,5.0,21,21,1,Excellent,18-25,Long
0xac25,VADRES07DEL03,23,4.7,0.0,0.0,0.09,0.09,1900-01-01 17:35:00,1900-01-01 17:45:00,1,3,0,3,3,0.0,1,1,35.0,14.15280068944862,10.0,17,17,0,Good,18-25,Very Long
0xe02a,KNPRES18DEL02,27,4.7,26.474133,80.3481,26.524133,80.3981,1900-01-01 23:20:00,1900-01-01 23:35:00,2,2,1,1,3,1.0,1,3,18.0,7.4610873930932415,15.0,23,23,0,Good,26-35,Long
0xbe6c,MYSRES09DEL03,27,4.6,12.323194,76.630583,12.413194,76.720583,1900-01-01 22:55:00,1900-01-01 23:10:00,0,2,0,0,3,1.0,1,1,22.0,13.989532967705534,15.0,22,23,0,Good,26-35,Very Long
0x78da,MUMRES06DEL03,37,4.7,19.055831,72.833984,19.115831,72.893984,1900-01-01 18:00:00,1900-01-01 18:05:00,2,3,1,1,4,1.0,1,1,31.0,9.179538450826046,5.0,18,18,1,Good,36-45,Long
0x3d5e,COIMBRES05DEL01,22,4.9,11.022169,76.999594,11.032169,77.009594,1900-01-01 10:55:00,1900-01-01 11:00:00,6,2,1,3,4,1.0,1,4,13.0,1.5580841994904555,5.0,10,11,1,Excellent,18-25,Short
0x20d2,MYSRES03DEL01,30,4.0,12.299524,76.64262,12.339524,76.68262,1900-01-01 13:35:00,1900-01-01 13:40:00,3,0,2,0,2,1.0,1,1,32.0,6.218134914911527,5.0,13,13,0,Average,26-35,Long
0xb30b,RANCHIRES09DEL03,27,4.8,23.351058,85.325731,23.441058,85.415731,1900-01-01 21:15:00,1900-01-01 21:25:00,3,1,2,3,3,0.0,1,1,17.0,13.583460272389507,10.0,21,21,1,Excellent,26-35,Very Long
0x7af6,CHENRES11DEL01,38,4.9,13.064181,80.236442,13.104181,80.276442,1900-01-01 15:15:00,1900-01-01 15:25:00,6,3,2,3,4,1.0,1,1,27.0,6.209021101535612,10.0,15,15,0,Excellent,36-45,Long
0x834e,PUNERES12DEL03,35,4.2,18.520016,73.830547,18.550016,73.860547,1900-01-01 20:25:00,1900-01-01 20:30:00,2,1,0,1,3,0.0,1,1,35.0,4.596877706640377,5.0,20,20,1,Average,26-35,Medium
0x6ba2,BANGRES02DEL02,20,4.6,12.970221,77.645396,12.990221,77.665396,1900-01-01 10:35:00,1900-01-01 10:50:00,1,2,2,3,4,0.0,1,3,14.0,3.1051455399287056,15.0,10,10,1,Good,18-25,Medium
0x7437,COIMBRES02DEL01,38,4.7,11.022477,76.995667,11.092477,77.065667,1900-01-01 22:50:00,1900-01-01 23:05:00,3,2,2,1,4,1.0,1,3,23.0,10.906036622245482,15.0,22,23,0,Good,36-45,Very Long
0x6295,PUNERES17DEL02,27,5.0,18.530963,73.828972,18.580963,73.878972,1900-01-01 17:55:00,1900-01-01 18:05:00,3,3,1,0,4,1.0,1,1,23.0,7.66101794664148,10.0,17,18,0,Excellent,26-35,Long
0xb7c7,BANGRES13DEL01,35,4.1,12.935662,77.61413,13.005662,77.68413,1900-01-01 20:15:00,1900-01-01 20:20:00,1,1,1,2,4,2.0,1,1,39.0,10.868212517103021,5.0,20,20,1,Average,26-35,Very Long
0x1350,VADRES19DEL01,23,4.6,22.311844,73.165081,22.421844,73.275081,1900-01-01 20:00:00,1900-01-01 20:05:00,1,1,0,0,3,2.0,1,1,43.0,16.659890497111146,5.0,20,20,1,Good,18-25,Very Long
0xce69,AURGRES08DEL02,35,4.5,19.876428,75.364792,19.896428,75.384792,1900-01-01 09:15:00,1900-01-01 09:20:00,6,2,1,3,3,0.0,1,3,20.0,3.052735829416971,5.0,9,9,1,Good,26-35,Medium
0x2071,MUMRES05DEL01,22,4.6,18.927584,72.832585,18.967584,72.872585,1900-01-01 15:30:00,1900-01-01 15:35:00,6,3,1,2,4,0.0,1,1,26.0,6.122094799492641,5.0,15,15,0,Good,18-25,Long
0x7600,MUMRES11DEL01,22,4.7,18.994237,72.825553,19.034237,72.865553,1900-01-01 15:15:00,1900-01-01 15:20:00,4,3,2,2,2,1.0,1,1,19.0,6.120938502923837,5.0,15,15,0,Good,18-25,Long
0x8f70,COIMBRES07DEL02,21,4.9,10.96185,76.971082,11.09185,77.101082,1900-01-01 20:10:00,1900-01-01 20:20:00,6,1,1,3,3,0.0,1,3,20.0,20.25510293833981,10.0,20,20,1,Excellent,18-25,Very Long
0x248e,RANCHIRES01DEL01,30,4.8,23.416792,85.316842,23.526792,85.426842,1900-01-01 17:40:00,1900-01-01 17:45:00,0,3,0,0,3,2.0,1,1,46.0,16.59765942033505,5.0,17,17,0,Excellent,26-35,Very Long
0xc992,ALHRES05DEL02,26,4.8,25.457687,81.835585,25.507687,81.885585,1900-01-01 20:50:00,1900-01-01 20:55:00,1,1,0,3,3,0.0,1,3,23.0,7.48998095899907,5.0,20,20,1,Excellent,26-35,Long
0x657b,COIMBRES17DEL01,34,3.5,11.026117,76.944652,11.096117,77.014652,1900-01-01 21:20:00,1900-01-01 21:25:00,3,1,1,1,3,1.0,1,1,40.0,10.905970180191666,5.0,21,21,1,Average,26-35,Very Long
0x2173,HYDRES18DEL02,21,4.5,17.450851,78.379347,17.470851,78.399347,1900-01-01 12:00:00,1900-01-01 12:05:00,1,0,2,2,4,1.0,1,1,30.0,3.073462803868858,5.0,12,12,0,Good,18-25,Medium
0x1571,HYDRES07DEL02,21,4.9,17.424114,78.347554,17.474114,78.397554,1900-01-01 21:00:00,1900-01-01 21:05:00,2,1,2,0,2,1.0,1,1,29.0,7.683892680377775,5.0,21,21,1,Excellent,18-25,Long
0xb664,PUNERES05DEL02,37,4.1,18.543626,73.905101,18.593626,73.955101,1900-01-01 17:10:00,1900-01-01 17:25:00,6,3,0,0,3,1.0,1,1,31.0,7.66074883742589,15.0,17,17,0,Average,36-45,Long
0xc8b3,AGRRES14DEL02,29,4.7,27.16185,78.040165,27.18185,78.060165,1900-01-01 11:15:00,1900-01-01 11:20:00,0,0,1,1,3,1.0,1,1,24.0,2.9765873017465116,5.0,11,11,0,Good,26-35,Medium
0xb8c7,RANCHIRES06DEL02,26,4.7,23.357804,85.325146,23.487804,85.455146,1900-01-01 18:20:00,1900-01-01 18:30:00,4,3,0,0,3,0.0,1,1,17.0,19.618739348801018,10.0,18,18,1,Good,26-35,Very Long
0x46e6,RANCHIRES17DEL01,31,4.6,23.374878,85.335739,23.444878,85.405739,1900-01-01 18:10:00,1900-01-01 18:20:00,4,3,1,3,3,0.0,1,1,25.0,10.564409665969963,10.0,18,18,1,Good,26-35,Very Long
0x28e3,RANCHIRES07DEL03,32,5.0,23.359407,85.325055,23.419407,85.385055,1900-01-01 23:30:00,1900-01-01 23:45:00,4,2,1,2,3,0.0,1,1,11.0,9.055848504226429,15.0,23,23,0,Excellent,26-35,Long
0xe13d,ALHRES13DEL02,38,4.9,25.451646,81.832796,25.581646,81.962796,1900-01-01 19:40:00,1900-01-01 19:50:00,2,1,0,3,3,1.0,1,1,48.0,19.471476176410082,10.0,19,19,1,Excellent,36-45,Very Long
0xbe68,COIMBRES17DEL03,30,4.9,11.026117,76.944652,11.086117,77.004652,1900-01-01 18:35:00,1900-01-01 18:40:00,4,3,0,1,3,1.0,1,3,22.0,9.348052751110616,5.0,18,18,1,Excellent,26-35,Long
0x7961,MUMRES06DEL02,38,4.9,19.055831,72.833984,19.105831,72.883984,1900-01-01 18:35:00,1900-01-01 18:45:00,3,3,1,2,3,1.0,1,3,25.0,7.649724402449684,10.0,18,18,1,Excellent,36-45,Long
0xa33b,SURRES05DEL03,26,5.0,21.175104,72.804342,21.235104,72.864342,1900-01-01 23:50:00,1900-01-01 23:55:00,0,2,1,0,4,1.0,1,1,17.0,9.121375406203297,5.0,23,23,0,Excellent,26-35,Long
0x8cae,PUNERES09DEL02,24,4.8,18.536562,73.896485,18.666562,74.026485,1900-01-01 18:10:00,1900-01-01 18:25:00,2,3,0,1,3,1.0,1,1,35.0,19.916122613819716,15.0,18,18,1,Excellent,18-25,Very Long
0x4c93,COIMBRES11DEL02,20,4.1,11.001753,76.986241,11.021753,77.006241,1900-01-01 10:40:00,1900-01-01 10:45:00,3,2,0,3,3,1.0,1,1,16.0,3.1162485097900614,5.0,10,10,1,Average,18-25,Medium
0x58e9,PUNERES20DEL02,24,4.9,18.592718,73.773572,18.722718,73.903572,1900-01-01 19:35:00,1900-01-01 19:40:00,0,1,2,1,3,1.0,1,1,33.0,19.913009545593138,5.0,19,19,1,Excellent,18-25,Very Long
0x7458,COIMBRES14DEL01,36,4.6,11.003681,76.975525,11.043681,77.015525,1900-01-01 16:35:00,1900-01-01 16:40:00,6,3,1,3,4,1.0,1,1,31.0,6.232373004507649,5.0,16,16,0,Good,36-45,Long
0xc585,AGRRES12DEL01,26,4.9,27.165108,78.015053,27.175108,78.025053,1900-01-01 09:10:00,1900-01-01 09:20:00,0,2,2,1,4,0.0,1,1,10.0,1.488303917226356,10.0,9,9,1,Excellent,26-35,Short
0x487d,RANCHIRES04DEL03,26,4.9,23.359033,85.325347,23.419033,85.385347,1900-01-01 20:50:00,1900-01-01 21:00:00,2,1,1,1,4,1.0,1,3,22.0,9.05586019430546,10.0,20,21,1,Excellent,26-35,Long
0xb8cc,CHENRES14DEL01,29,4.1,13.026279,80.174568,13.096279,80.244568,1900-01-01 18:25:00,1900-01-01 18:35:00,2,3,0,2,3,0.0,1,1,31.0,10.866277692518308,10.0,18,18,1,Average,26-35,Very Long
0x8dfc,HYDRES11DEL03,20,4.7,17.430448,78.418213,17.460448,78.448213,1900-01-01 19:40:00,1900-01-01 19:55:00,3,1,0,0,3,1.0,1,3,30.0,4.6103798439313035,15.0,19,19,1,Good,18-25,Medium
0x8ed7,MUMRES14DEL01,20,4.8,19.1813,72.836191,19.2913,72.946191,1900-01-01 19:20:00,1900-01-01 19:35:00,2,1,1,0,3,0.0,1,3,21.0,16.821912713961545,15.0,19,19,1,Excellent,18-25,Very Long
0x37a9,JAPRES17DEL01,37,4.6,26.892312,75.806896,26.962312,75.876896,1900-01-01 20:35:00,1900-01-01 20:40:00,1,1,0,0,3,1.0,1,1,45.0,10.428102699087153,5.0,20,20,1,Good,36-45,Very Long
0x3d89,VADRES13DEL02,35,4.6,22.310237,73.158921,22.440237,73.288921,1900-01-01 19:00:00,1900-01-01 19:05:00,4,3,0,0,3,1.0,1,1,30.0,19.68841340777118,5.0,19,19,1,Good,26-35,Very Long
0x2089,INDORES05DEL01,27,4.6,22.727021,75.884167,22.837021,75.994167,1900-01-01 22:40:00,1900-01-01 22:55:00,2,2,2,0,2,0.0,1,1,12.0,16.636808584025772,15.0,22,22,0,Good,26-35,Very Long
0x3dba,INDORES05DEL03,28,5.0,22.727021,75.884167,22.787021,75.944167,1900-01-01 23:10:00,1900-01-01 23:20:00,6,2,1,1,3,1.0,1,3,11.0,9.075387359616569,10.0,23,23,0,Excellent,26-35,Long
0x8efe,BANGRES02DEL01,27,5.0,12.970221,77.645396,13.010221,77.685396,1900-01-01 12:30:00,1900-01-01 12:35:00,2,0,2,2,2,1.0,1,1,27.0,6.210169290102755,5.0,12,12,0,Excellent,26-35,Long
0x2ea0,MYSRES09DEL02,25,4.9,12.323194,76.630583,12.343194,76.650583,1900-01-01 09:35:00,1900-01-01 09:45:00,6,2,1,1,4,1.0,1,3,12.0,3.1089883297657854,10.0,9,9,1,Excellent,18-25,Medium
0xc2f0,LUDHRES08DEL01,36,4.8,30.899992,75.831338,30.909992,75.841338,1900-01-01 08:15:00,1900-01-01 08:25:00,3,2,1,2,3,1.0,1,1,27.0,1.4651587132830592,10.0,8,8,1,Excellent,36-45,Short
0xddbf,KNPRES11DEL03,23,4.5,26.474986,80.342796,26.564986,80.432796,1900-01-01 17:35:00,1900-01-01 17:45:00,6,3,2,0,4,0.0,1,1,21.0,13.428872375814215,10.0,17,17,0,Good,18-25,Very Long
0xb6c4,SURRES02DEL02,29,5.0,21.186608,72.794136,21.266608,72.874136,1900-01-01 19:40:00,1900-01-01 19:45:00,0,1,2,1,3,2.0,1,3,34.0,12.161009703058534,5.0,19,19,1,Excellent,26-35,Very Long
0x4776,COIMBRES14DEL02,32,4.7,11.003681,76.975525,11.053681,77.025525,1900-01-01 17:50:00,1900-01-01 18:00:00,3,3,2,2,2,0.0,1,1,32.0,7.790401204068506,10.0,17,18,0,Good,26-35,Long
0x7f82,INDORES15DEL03,20,4.2,22.760072,75.892574,22.850072,75.982574,1900-01-01 19:40:00,1900-01-01 19:55:00,1,1,1,2,4,1.0,1,1,38.0,13.610877575672198,15.0,19,19,1,Average,18-25,Very Long
0xcbd5,GOARES20DEL02,21,4.9,0.0,0.0,0.05,0.05,1900-01-01 20:40:00,1900-01-01 20:45:00,4,1,1,1,3,0.0,1,1,13.0,7.8626681674103684,5.0,20,20,1,Excellent,18-25,Long
0xb01b,PUNERES03DEL03,39,4.8,18.554382,73.798206,18.584382,73.828206,1900-01-01 18:30:00,1900-01-01 18:45:00,1,3,0,2,3,1.0,1,1,31.0,4.596439723177665,15.0,18,18,1,Excellent,36-45,Medium
0x3921,VADRES04DEL01,35,4.0,0.0,0.0,0.01,0.01,1900-01-01 11:50:00,1900-01-01 12:00:00,1,0,1,1,4,1.0,1,1,37.0,1.5725337292863206,10.0,11,12,0,Average,26-35,Short
0x8899,MUMRES07DEL01,37,4.3,19.091458,72.827808,19.131458,72.867808,1900-01-01 14:40:00,1900-01-01 14:50:00,1,0,1,2,4,0.0,1,1,36.0,6.11924534302912,10.0,14,14,0,Average,36-45,Long
0x1293,SURRES16DEL01,34,4.9,21.160437,72.774209,21.170437,72.784209,1900-01-01 10:55:00,1900-01-01 11:05:00,6,2,1,1,4,0.0,1,1,24.0,1.5204190072774333,10.0,10,11,1,Excellent,26-35,Short
0x6a75,SURRES14DEL02,22,4.7,21.157729,72.768726,21.287729,72.898726,1900-01-01 23:25:00,1900-01-01 23:40:00,2,2,0,0,3,0.0,1,1,20.0,19.76188040923094,15.0,23,23,0,Good,18-25,Very Long
0xb5f2,MUMRES15DEL03,37,4.3,19.176269,72.836721,19.206269,72.866721,1900-01-01 19:35:00,1900-01-01 19:45:00,0,1,0,0,3,0.0,1,1,31.0,4.588387206077805,10.0,19,19,1,Average,36-45,Medium
0x4bc1,HYDRES010DEL03,37,4.6,17.428294,78.404423,17.518294,78.494423,1900-01-01 17:15:00,1900-01-01 17:20:00,6,3,0,3,3,2.0,1,1,41.0,13.830131455506187,5.0,17,17,0,Good,36-45,Very Long
0x4c8e,MYSRES12DEL02,35,4.9,12.284747,76.625861,12.334747,76.675861,1900-01-01 20:35:00,1900-01-01 20:40:00,2,1,2,1,3,1.0,1,1,29.0,7.772809995408273,5.0,20,20,1,Excellent,26-35,Long
0x75e1,VADRES05DEL03,26,4.6,22.310526,73.170937,22.370526,73.230937,1900-01-01 23:10:00,1900-01-01 23:20:00,6,2,1,2,3,1.0,1,1,16.0,9.088005113715141,10.0,23,23,0,Good,26-35,Long
0x3979,INDORES05DEL03,20,4.6,22.727021,75.884167,22.757021,75.914167,1900-01-01 20:40:00,1900-01-01 20:55:00,3,1,0,0,3,1.0,1,3,15.0,4.537922749289298,15.0,20,20,1,Good,18-25,Medium
0x9cf7,MYSRES11DEL01,31,3.9,12.323225,76.630028,12.433225,76.740028,1900-01-01 18:10:00,1900-01-01 18:20:00,6,3,1,2,3,1.0,1,1,38.0,17.09799694004444,10.0,18,18,1,Average,26-35,Very Long
0x93a1,SURRES02DEL01,25,4.5,21.186608,72.794136,21.256608,72.864136,1900-01-01 21:20:00,1900-01-01 21:25:00,3,1,2,2,3,1.0,1,1,23.0,10.64105130998624,5.0,21,21,1,Good,18-25,Very Long
0x5e62,HYDRES20DEL03,25,4.8,17.483216,78.552111,17.513216,78.582111,1900-01-01 18:10:00,1900-01-01 18:15:00,2,3,0,0,3,1.0,1,1,22.0,4.609743188391016,5.0,18,18,1,Excellent,18-25,Medium
0x14b0,HYDRES18DEL01,30,4.7,17.450851,78.379347,17.560851,78.489347,1900-01-01 18:35:00,1900-01-01 18:40:00,4,3,1,3,3,0.0,1,1,20.0,16.90205180024393,5.0,18,18,1,Good,26-35,Very Long
0x6c31,MUMRES03DEL01,22,4.8,19.22384,72.841347,19.23384,72.851347,1900-01-01 11:20:00,1900-01-01 11:30:00,3,0,2,2,4,0.0,1,3,15.0,1.5292976945190186,10.0,11,11,0,Excellent,18-25,Short
0xad64,COIMBRES03DEL02,24,4.6,11.025083,77.015393,11.105083,77.095393,1900-01-01 18:30:00,1900-01-01 18:40:00,2,3,1,3,3,1.0,1,1,26.0,12.463883024166657,10.0,18,18,1,Good,18-25,Very Long
0x1676,MUMRES08DEL01,38,4.6,19.065838,72.832658,19.135838,72.902658,1900-01-01 22:30:00,1900-01-01 22:40:00,4,2,2,2,4,1.0,1,4,17.0,10.709003371535417,10.0,22,22,0,Good,36-45,Very Long
0x9577,JAPRES16DEL02,22,4.6,26.849596,75.800512,26.929596,75.880512,1900-01-01 20:00:00,1900-01-01 20:15:00,6,1,1,3,4,1.0,1,3,25.0,11.919595217848318,15.0,20,20,1,Good,18-25,Very Long
0x2e40,COIMBRES15DEL02,20,4.6,11.006686,76.951736,11.136686,77.081736,1900-01-01 22:35:00,1900-01-01 22:50:00,3,2,1,1,3,0.0,1,1,14.0,20.253584375809144,15.0,22,22,0,Good,18-25,Very Long
0xd44e,AURGRES03DEL02,35,4.7,19.874733,75.353942,19.894733,75.373942,1900-01-01 11:10:00,1900-01-01 11:25:00,1,0,1,2,3,0.0,1,3,33.0,3.0527511596434675,15.0,11,11,0,Good,26-35,Medium
0x92a1,COIMBRES16DEL01,30,4.4,11.010375,76.95295,11.050375,76.99295,1900-01-01 13:00:00,1900-01-01 13:05:00,6,0,0,2,3,1.0,1,1,34.0,6.232303380306801,5.0,13,13,0,Average,26-35,Long
0x468f,VADRES16DEL03,25,4.6,0.0,0.0,0.03,0.03,1900-01-01 17:10:00,1900-01-01 17:15:00,1,3,1,3,3,0.0,1,3,19.0,4.717601092054723,5.0,17,17,0,Good,18-25,Medium
0xbab2,MYSRES05DEL01,35,4.2,12.323978,76.627961,12.393978,76.697961,1900-01-01 19:10:00,1900-01-01 19:25:00,2,1,0,3,3,2.0,1,1,51.0,10.88093543843387,15.0,19,19,1,Average,26-35,Very Long
0x2a30,CHENRES20DEL03,31,3.5,12.975996,80.221898,13.065996,80.311898,1900-01-01 22:00:00,1900-01-01 22:15:00,2,1,1,0,4,1.0,1,1,40.0,13.972036025783174,15.0,22,22,0,Average,26-35,Very Long
0xd91c,DEHRES04DEL03,29,4.8,30.340722,78.060221,30.400722,78.120221,1900-01-01 19:40:00,1900-01-01 19:50:00,0,1,1,1,3,0.0,1,1,20.0,8.811629447251411,10.0,19,19,1,Excellent,26-35,Long
0xd084,KNPRES01DEL03,35,4.8,26.483672,80.320708,26.543672,80.380708,1900-01-01 18:35:00,1900-01-01 18:50:00,2,3,0,0,3,1.0,1,3,28.0,8.952800909210072,15.0,18,18,1,Excellent,26-35,Long
0x61bf,INDORES18DEL02,25,4.6,22.753839,75.897429,22.773839,75.917429,1900-01-01 11:15:00,1900-01-01 11:30:00,6,0,2,2,4,1.0,1,1,21.0,3.025059809277375,15.0,11,11,0,Good,18-25,Medium
0x280e,BANGRES09DEL03,34,3.7,12.934179,77.615797,13.024179,77.705797,1900-01-01 23:35:00,1900-01-01 23:40:00,1,2,1,2,3,2.0,1,1,33.0,13.973182653917394,5.0,23,23,0,Average,26-35,Very Long
0x3896,MYSRES010DEL01,22,4.3,12.321214,76.621094,12.331214,76.631094,1900-01-01 09:35:00,1900-01-01 09:45:00,6,2,0,1,3,0.0,1,1,27.0,1.554514382186963,10.0,9,9,1,Average,18-25,Short
0x6155,RANCHIRES20DEL02,20,5.0,23.39925,85.390464,23.41925,85.410464,1900-01-01 10:40:00,1900-01-01 10:50:00,4,2,2,3,4,0.0,1,1,22.0,3.0184094452114865,10.0,10,10,1,Excellent,18-25,Medium
0xc920,ALHRES13DEL01,35,4.6,25.451646,81.832796,25.561646,81.942796,1900-01-01 17:50:00,1900-01-01 18:00:00,6,3,0,3,3,1.0,1,1,31.0,16.47648131537372,10.0,17,18,0,Good,26-35,Very Long
0xdcca,ALHRES18DEL02,32,4.1,25.450317,81.831681,25.470317,81.851681,1900-01-01 11:00:00,1900-01-01 11:15:00,2,2,0,0,3,0.0,1,3,22.0,2.9962426790626724,15.0,11,11,0,Average,26-35,Medium
0x15b4,PUNERES20DEL01,22,4.9,18.592718,73.773572,18.602718,73.783572,1900-01-01 09:10:00,1900-01-01 09:15:00,0,2,2,3,2,1.0,1,3,18.0,1.5320260227341909,5.0,9,9,1,Excellent,18-25,Short
0x2923,MUMRES010DEL01,22,4.7,19.003517,72.82765,19.073517,72.89765,1900-01-01 17:15:00,1900-01-01 17:20:00,1,3,0,3,3,1.0,1,1,30.0,10.710903359654202,5.0,17,17,0,Good,18-25,Very Long
0x3d93,CHENRES010DEL02,37,4.7,13.066762,80.251865,13.146762,80.331865,1900-01-01 23:55:00,1900-01-01 00:10:00,3,2,2,3,2,1.0,1,1,17.0,12.417487520918895,15.0,23,0,0,Good,36-45,Very Long
0x8b94,VADRES13DEL01,24,4.7,22.310237,73.158921,22.320237,73.168921,1900-01-01 12:00:00,1900-01-01 12:15:00,6,0,0,1,3,0.0,1,3,22.0,1.5147941817694572,15.0,12,12,0,Good,18-25,Short
0x9ea8,VADRES13DEL01,29,4.7,22.310237,73.158921,22.380237,73.228921,1900-01-01 22:00:00,1900-01-01 22:05:00,3,1,2,1,4,1.0,1,1,29.0,10.602507301514994,5.0,22,22,0,Good,26-35,Very Long
0xd16a,DEHRES17DEL01,23,4.9,30.327968,78.046106,30.397968,78.116106,1900-01-01 20:10:00,1900-01-01 20:25:00,6,1,2,0,4,1.0,1,1,21.0,10.280582064621875,15.0,20,20,1,Excellent,18-25,Very Long
0xd068,KOCRES01DEL01,36,4.8,9.979363,76.285001,9.989363,76.295001,1900-01-01 10:50:00,1900-01-01 11:05:00,2,2,1,0,3,1.0,1,1,22.0,1.560671234748265,15.0,10,11,1,Excellent,36-45,Short
0xb65b,INDORES15DEL02,39,4.6,22.760072,75.892574,22.840072,75.972574,1900-01-01 18:30:00,1900-01-01 18:45:00,3,3,2,0,3,1.0,1,1,23.0,12.098761963862449,15.0,18,18,1,Good,36-45,Very Long
0x6d7e,MYSRES06DEL02,21,4.7,12.323994,76.626167,12.453994,76.756167,1900-01-01 22:35:00,1900-01-01 22:45:00,2,2,0,1,3,1.0,1,1,18.0,20.20631581133856,10.0,22,22,0,Good,18-25,Very Long
0x8c44,HYDRES06DEL02,37,4.8,17.455894,78.375467,17.535894,78.455467,1900-01-01 18:00:00,1900-01-01 18:10:00,6,3,2,2,2,1.0,1,1,28.0,12.292722741488559,10.0,18,18,1,Excellent,36-45,Very Long
0xcb34,ALHRES05DEL02,20,5.0,25.457687,81.835585,25.537687,81.915585,1900-01-01 20:50:00,1900-01-01 21:00:00,4,1,1,2,4,1.0,1,1,14.0,11.983297481116157,10.0,20,21,1,Excellent,18-25,Very Long
0x56a0,CHENRES010DEL01,20,4.9,13.066762,80.251865,13.176762,80.361865,1900-01-01 17:30:00,1900-01-01 17:45:00,2,3,2,2,4,0.0,1,1,20.0,17.073537690614117,15.0,17,17,0,Excellent,18-25,Very Long
0xdcd0,DEHRES06DEL02,33,4.4,30.361281,78.068022,30.491281,78.198022,1900-01-01 18:40:00,1900-01-01 18:45:00,3,3,0,2,3,1.0,1,1,33.0,19.08722804529813,5.0,18,18,1,Average,26-35,Very Long
0xd07e,KOLRES05DEL01,36,4.4,22.527893,88.368628,22.597893,88.438628,1900-01-01 22:45:00,1900-01-01 22:55:00,0,2,0,2,3,0.0,1,1,42.0,10.59484217901128,10.0,22,22,0,Average,36-45,Very Long
0x1dd1,JAPRES06DEL02,25,4.7,26.911927,75.797282,27.041927,75.927282,1900-01-01 20:35:00,1900-01-01 20:50:00,0,1,0,2,3,1.0,2,1,44.0,19.3626986679347,15.0,20,20,1,Good,18-25,Very Long
0xd799,AGRRES07DEL01,28,4.7,27.160934,78.044095,27.270934,78.154095,1900-01-01 19:15:00,1900-01-01 19:25:00,6,1,1,3,4,0.0,1,1,24.0,16.368369640858596,10.0,19,19,1,Good,26-35,Very Long
0xd7b1,AGRRES19DEL01,29,4.9,0.0,0.0,0.11,0.11,1900-01-01 23:30:00,1900-01-01 23:45:00,6,2,2,2,4,0.0,1,1,15.0,17.29786575291325,15.0,23,23,0,Excellent,26-35,Very Long
0x6768,BANGRES07DEL01,30,4.5,12.978453,77.643685,13.018453,77.683685,1900-01-01 16:10:00,1900-01-01 16:20:00,6,3,2,0,4,0.0,1,1,25.0,6.210069011405746,10.0,16,16,0,Good,26-35,Long
0xc8f3,KNPRES12DEL03,34,5.0,26.492106,80.327797,26.582106,80.417797,1900-01-01 23:15:00,1900-01-01 23:30:00,3,2,2,2,3,0.0,1,1,25.0,13.427981831457974,15.0,23,23,0,Excellent,26-35,Very Long
0x9781,HYDRES01DEL03,26,4.7,17.410371,78.437225,17.500371,78.527225,1900-01-01 21:35:00,1900-01-01 21:45:00,3,1,1,0,3,1.0,1,1,26.0,13.830779932927063,10.0,21,21,1,Good,26-35,Very Long
0xad1f,BANGRES12DEL01,27,4.6,12.939496,77.625999,13.009496,77.695999,1900-01-01 18:20:00,1900-01-01 18:25:00,6,3,0,2,3,0.0,1,1,25.0,10.868130915669623,5.0,18,18,1,Good,26-35,Very Long
0x2631,JAPRES01DEL03,38,4.5,26.90519,75.810753,26.93519,75.840753,1900-01-01 22:35:00,1900-01-01 22:40:00,6,2,2,1,4,0.0,1,1,21.0,4.46931202175492,5.0,22,22,0,Good,36-45,Medium
0x1985,VADRES03DEL01,39,4.9,22.32,73.17,22.39,73.24,1900-01-01 22:35:00,1900-01-01 22:40:00,3,2,1,3,3,0.0,1,1,25.0,10.60216485230212,5.0,22,22,0,Excellent,36-45,Very Long
0xcda6,KOLRES17DEL02,29,4.9,22.569358,88.433452,22.619358,88.483452,1900-01-01 23:10:00,1900-01-01 23:15:00,6,2,1,0,3,1.0,1,1,11.0,7.566949319257016,5.0,23,23,0,Excellent,26-35,Long
0xcbc3,ALHRES12DEL02,27,4.5,25.443994,81.860187,25.523994,81.940187,1900-01-01 23:45:00,1900-01-01 00:00:00,6,2,0,2,3,0.0,1,1,18.0,11.98391053513802,15.0,23,0,0,Good,26-35,Very Long
0xa9c0,HYDRES11DEL01,38,5.0,17.430448,78.418213,17.470448,78.458213,1900-01-01 15:20:00,1900-01-01 15:35:00,3,3,2,1,4,1.0,1,1,31.0,6.147092755626801,15.0,15,15,0,Excellent,36-45,Long
0x9ed6,INDORES19DEL02,32,4.8,22.745536,75.893106,22.795536,75.943106,1900-01-01 21:35:00,1900-01-01 21:45:00,6,1,2,1,3,1.0,1,1,28.0,7.562478890452318,10.0,21,21,1,Excellent,26-35,Long
0x988c,MUMRES06DEL03,29,4.8,19.055831,72.833984,19.145831,72.923984,1900-01-01 21:15:00,1900-01-01 21:30:00,0,1,0,3,3,1.0,1,1,36.0,13.768718508386597,15.0,21,21,1,Excellent,26-35,Very Long
0x6c0b,VADRES04DEL03,33,4.9,0.0,0.0,0.09,0.09,1900-01-01 18:45:00,1900-01-01 18:55:00,3,3,2,0,3,0.0,1,1,23.0,14.15280068944862,10.0,18,18,1,Excellent,26-35,Very Long
0xb3d,RANCHIRES05DEL01,24,4.9,23.355164,85.324097,23.425164,85.394097,1900-01-01 21:25:00,1900-01-01 21:40:00,0,1,0,2,3,2.0,1,1,42.0,10.565128845647761,15.0,21,21,1,Excellent,18-25,Very Long
0x8e98,COIMBRES09DEL03,38,4.0,11.008638,76.984311,11.068638,77.044311,1900-01-01 23:20:00,1900-01-01 23:25:00,3,2,0,0,3,1.0,1,1,27.0,9.348325936764454,5.0,23,23,0,Average,36-45,Long
0xa81a,CHENRES19DEL03,33,4.1,12.986047,80.218114,13.046047,80.278114,1900-01-01 19:20:00,1900-01-01 19:25:00,2,1,0,1,3,1.0,1,1,32.0,9.314781588433535,5.0,19,19,1,Average,26-35,Long
0x2cf8,HYDRES18DEL03,39,4.5,17.450851,78.379347,17.540851,78.469347,1900-01-01 17:25:00,1900-01-01 17:40:00,3,3,2,0,4,1.0,1,1,37.0,13.829314445199353,15.0,17,17,0,Good,36-45,Very Long
0x44ae,PUNERES09DEL02,32,4.9,18.536562,73.896485,18.666562,74.026485,1900-01-01 23:00:00,1900-01-01 23:10:00,6,2,0,3,3,0.0,1,3,24.0,19.916122613819716,10.0,23,23,0,Excellent,26-35,Very Long
0x2b6b,SURRES12DEL01,26,4.2,21.183434,72.814492,21.223434,72.854492,1900-01-01 13:30:00,1900-01-01 13:45:00,1,0,1,1,4,1.0,1,1,31.0,6.080949025950904,15.0,13,13,0,Average,26-35,Long
0xc0e7,AGRRES11DEL01,34,4.6,-27.163303,78.057044,27.203303,78.097044,1900-01-01 12:50:00,1900-01-01 13:00:00,4,0,0,1,3,1.0,1,1,28.0,6045.292277657749,10.0,12,13,0,Good,26-35,
0x3af7,MUMRES02DEL02,24,4.7,19.221315,72.862381,19.351315,72.992381,1900-01-01 17:25:00,1900-01-01 17:30:00,2,3,2,1,2,0.0,1,1,23.0,19.877584031408645,5.0,17,17,0,Good,18-25,Very Long
0xa1c7,RANCHIRES19DEL03,24,5.0,23.333017,85.3172,23.423017,85.4072,1900-01-01 19:10:00,1900-01-01 19:25:00,2,1,2,0,3,1.0,1,1,29.0,13.584306064167167,15.0,19,19,1,Excellent,18-25,Very Long
0xa99c,CHENRES09DEL03,21,4.9,13.044694,80.26147,13.134694,80.35147,1900-01-01 19:35:00,1900-01-01 19:50:00,0,1,0,0,3,2.0,1,3,47.0,13.97014466545326,15.0,19,19,1,Excellent,18-25,Very Long
0xa884,CHENRES14DEL03,22,4.6,13.026279,80.174568,13.116279,80.264568,1900-01-01 19:45:00,1900-01-01 19:55:00,1,1,0,1,3,0.0,1,1,47.0,13.970652591255588,10.0,19,19,1,Good,18-25,Very Long
0x451e,HYDRES06DEL02,26,4.5,17.455894,78.375467,17.475894,78.395467,1900-01-01 08:45:00,1900-01-01 08:55:00,2,2,1,1,3,1.0,1,1,17.0,3.0734222587643045,10.0,8,8,1,Good,26-35,Medium
0x1db5,MYSRES06DEL03,35,4.5,12.323994,76.626167,12.353994,76.656167,1900-01-01 21:10:00,1900-01-01 21:15:00,1,1,2,0,2,1.0,1,1,27.0,4.663432062512584,5.0,21,21,1,Good,26-35,Medium
0x7de7,JAPRES03DEL02,36,4.6,26.913483,75.803139,27.043483,75.933139,1900-01-01 17:25:00,1900-01-01 17:30:00,6,3,1,1,4,1.0,1,3,30.0,19.362580183465894,5.0,17,17,0,Good,36-45,Very Long
0x6fa7,JAPRES01DEL02,29,4.7,26.90519,75.810753,26.95519,75.860753,1900-01-01 21:15:00,1900-01-01 21:30:00,1,1,0,0,3,1.0,1,3,23.0,7.448560816474598,15.0,21,21,1,Good,26-35,Long
0x90e5,INDORES02DEL03,29,4.5,22.651847,75.881991,22.711847,75.941991,1900-01-01 17:10:00,1900-01-01 17:20:00,6,3,0,1,3,1.0,1,1,27.0,9.077679565695691,10.0,17,17,0,Good,26-35,Long
0x6408,JAPRES07DEL03,22,4.6,26.766536,75.837333,26.796536,75.867333,1900-01-01 18:20:00,1900-01-01 18:35:00,4,3,1,2,4,1.0,1,1,16.0,4.471739409979227,15.0,18,18,1,Good,18-25,Medium
0xdc34,AGRRES18DEL03,24,4.8,27.161694,78.034714,27.191694,78.064714,1900-01-01 18:55:00,1900-01-01 19:00:00,0,3,1,0,4,1.0,1,1,13.0,4.464795317864735,5.0,18,19,1,Excellent,18-25,Medium
0x7af,MYSRES02DEL01,36,4.8,12.304569,76.643622,12.344569,76.683622,1900-01-01 16:40:00,1900-01-01 16:55:00,1,3,0,2,3,1.0,1,1,29.0,6.218076509100711,15.0,16,16,0,Excellent,36-45,Long
0x5905,INDORES19DEL01,20,4.7,22.745536,75.893106,22.855536,76.003106,1900-01-01 17:40:00,1900-01-01 17:55:00,4,3,1,3,3,1.0,1,4,15.0,16.635770753608572,15.0,17,17,0,Good,18-25,Very Long
0x467f,CHENRES05DEL02,28,4.8,13.058616,80.264151,13.078616,80.284151,1900-01-01 08:45:00,1900-01-01 08:50:00,1,2,0,2,3,1.0,1,1,21.0,3.104605953841284,5.0,8,8,1,Excellent,26-35,Medium
0xbfef,BHPRES14DEL01,36,4.6,0.0,0.0,0.01,0.01,1900-01-01 09:45:00,1900-01-01 09:55:00,0,2,2,0,3,1.0,1,1,17.0,1.5725337292863206,10.0,9,9,1,Good,36-45,Short
0x6d3,PUNERES15DEL01,25,4.7,18.636215,73.751081,18.706215,73.821081,1900-01-01 21:30:00,1900-01-01 21:35:00,6,1,0,2,3,2.0,1,1,38.0,10.721987300671117,5.0,21,21,1,Good,18-25,Very Long
0xdc70,LUDHRES02DEL02,24,5.0,0.0,0.0,0.05,0.05,1900-01-01 19:30:00,1900-01-01 19:40:00,6,1,0,1,3,1.0,1,1,28.0,7.8626681674103684,10.0,19,19,1,Excellent,18-25,Long
0x43f0,CHENRES09DEL01,26,4.7,13.044694,80.26147,13.054694,80.27147,1900-01-01 11:30:00,1900-01-01 11:35:00,0,0,1,0,3,1.0,1,1,29.0,1.5523608800116515,5.0,11,11,0,Good,26-35,Short
0xb5f5,MYSRES20DEL02,31,4.8,12.337978,76.616792,12.387978,76.666792,1900-01-01 19:10:00,1900-01-01 19:25:00,3,1,2,2,4,1.0,1,1,27.0,7.772038818805718,15.0,19,19,1,Excellent,26-35,Long
0x5fdf,INDORES14DEL01,22,4.8,22.761593,75.886362,22.831593,75.956362,1900-01-01 00:00:00,1900-01-01 00:05:00,1,2,1,0,4,0.0,1,1,22.0,10.586541004121504,5.0,0,0,0,Excellent,18-25,Very Long
0x7f0,RANCHIRES04DEL02,27,4.5,23.359033,85.325347,23.379033,85.345347,1900-01-01 10:10:00,1900-01-01 10:25:00,6,2,0,0,3,0.0,1,1,22.0,3.0188284633848217,15.0,10,10,1,Good,26-35,Medium
0xa874,HYDRES16DEL01,20,4.9,17.440827,78.393391,17.480827,78.433391,1900-01-01 15:15:00,1900-01-01 15:30:00,3,3,0,3,3,0.0,1,1,19.0,6.146925931738804,15.0,15,15,0,Excellent,18-25,Long
0xb738,PUNERES03DEL03,23,4.7,18.554382,73.798206,18.584382,73.828206,1900-01-01 22:25:00,1900-01-01 22:30:00,0,2,0,1,3,1.0,1,1,23.0,4.596439723177665,5.0,22,22,0,Good,18-25,Medium
0x4bbc,MUMRES16DEL02,38,4.1,19.120083,72.907385,19.170083,72.957385,1900-01-01 23:00:00,1900-01-01 23:10:00,6,2,0,2,3,1.0,1,3,21.0,7.648322354566645,10.0,23,23,0,Average,36-45,Long
0x9b29,JAPRES02DEL01,36,4.9,26.914142,75.805704,26.954142,75.845704,1900-01-01 13:00:00,1900-01-01 13:10:00,2,0,2,1,4,1.0,1,1,31.0,5.9587562421893265,10.0,13,13,0,Excellent,36-45,Long
0x4306,JAPRES09DEL01,29,4.8,26.911378,75.789034,26.981378,75.859034,1900-01-01 18:20:00,1900-01-01 18:30:00,2,3,0,2,3,1.0,1,1,30.0,10.42732189063304,10.0,18,18,1,Excellent,26-35,Very Long
0xd7f9,KOLRES19DEL03,33,4.8,22.5491,88.400467,22.5791,88.430467,1900-01-01 19:10:00,1900-01-01 19:25:00,1,1,1,1,3,1.0,1,1,32.0,4.5406285313715085,15.0,19,19,1,Excellent,26-35,Medium
0xa092,JAPRES13DEL03,29,4.9,26.846156,75.8023,26.906156,75.8623,1900-01-01 19:00:00,1900-01-01 19:05:00,6,3,1,1,4,0.0,1,1,29.0,8.940167719841355,5.0,19,19,1,Excellent,26-35,Long
0x9cd3,COIMBRES18DEL02,26,4.9,11.02091,76.940432,11.07091,76.990432,1900-01-01 18:15:00,1900-01-01 18:25:00,2,3,1,0,4,1.0,1,3,28.0,7.790177003822013,10.0,18,18,1,Excellent,26-35,Long
0x187e,COIMBRES01DEL02,22,4.8,11.016298,76.972076,11.036298,76.992076,1900-01-01 10:20:00,1900-01-01 10:35:00,0,2,1,3,3,0.0,1,1,18.0,3.1161729217943797,15.0,10,10,1,Excellent,18-25,Medium
0x14a3,SURRES20DEL01,21,4.9,21.15276,72.778059,21.19276,72.818059,1900-01-01 15:40:00,1900-01-01 15:45:00,6,3,2,1,3,1.0,1,1,20.0,6.08153593718375,5.0,15,15,0,Excellent,18-25,Long
0xd983,GOARES16DEL01,20,4.9,15.498603,73.826911,15.608603,73.936911,1900-01-01 22:40:00,1900-01-01 22:50:00,3,2,2,3,4,1.0,1,1,11.0,16.984098986960163,10.0,22,22,0,Excellent,18-25,Very Long
0x605e,PUNERES17DEL03,37,5.0,18.530963,73.828972,18.560963,73.858972,1900-01-01 18:35:00,1900-01-01 18:40:00,6,3,0,2,3,2.0,1,3,35.0,4.596738270616882,5.0,18,18,1,Excellent,36-45,Medium
0x7e27,RANCHIRES14DEL02,21,4.6,0.0,0.0,0.05,0.05,1900-01-01 22:45:00,1900-01-01 22:55:00,2,2,1,3,4,0.0,1,4,17.0,7.8626681674103684,10.0,22,22,0,Good,18-25,Long
0xcb1d,AGRRES12DEL02,35,5.0,27.165108,78.015053,27.215108,78.065053,1900-01-01 23:25:00,1900-01-01 23:40:00,2,2,2,3,3,0.0,1,3,28.0,7.440930174365867,15.0,23,23,0,Excellent,26-35,Long
0x325a,INDORES09DEL02,29,4.9,22.725835,75.887648,22.745835,75.907648,1900-01-01 10:30:00,1900-01-01 10:45:00,4,2,1,2,3,1.0,1,3,16.0,3.025344768407918,15.0,10,10,1,Excellent,26-35,Medium
0x6474,BANGRES06DEL03,29,4.9,12.979096,77.640625,13.069096,77.730625,1900-01-01 20:20:00,1900-01-01 20:25:00,3,1,1,3,4,0.0,1,1,21.0,13.971950882978046,5.0,20,20,1,Excellent,26-35,Very Long
0x8282,SURRES010DEL02,28,5.0,21.17106,72.789292,21.25106,72.869292,1900-01-01 21:55:00,1900-01-01 22:10:00,6,1,1,1,3,1.0,1,1,21.0,12.161605446010208,15.0,21,22,1,Excellent,26-35,Very Long
0x92c2,MUMRES010DEL03,24,4.9,19.003517,72.82765,19.093517,72.91765,1900-01-01 22:50:00,1900-01-01 23:00:00,3,2,0,2,3,1.0,1,1,17.0,13.77076958377127,10.0,22,23,0,Excellent,18-25,Very Long
0x1e4e,CHENRES17DEL01,28,4.7,13.045479,80.23311,13.055479,80.24311,1900-01-01 09:00:00,1900-01-01 09:05:00,4,2,1,2,4,1.0,1,1,17.0,1.5523584795777219,5.0,9,9,1,Good,26-35,Short
0xb8ff,JAPRES14DEL02,30,5.0,26.88842,75.800689,27.01842,75.930689,1900-01-01 17:45:00,1900-01-01 17:55:00,0,3,1,0,3,1.0,1,1,31.0,19.364487993280896,10.0,17,17,0,Excellent,26-35,Very Long
0x170f,CHENRES07DEL02,37,4.9,13.081878,80.248519,13.101878,80.268519,1900-01-01 08:15:00,1900-01-01 08:20:00,6,2,2,0,4,1.0,1,1,25.0,3.104463374954771,5.0,8,8,1,Excellent,36-45,Medium
0x1e0d,CHENRES04DEL01,26,4.7,13.02978,80.208812,13.09978,80.278812,1900-01-01 22:10:00,1900-01-01 22:25:00,2,2,2,1,4,1.0,1,1,14.0,10.866202682035912,15.0,22,22,0,Good,26-35,Very Long
0x2ae9,JAPRES19DEL01,30,4.2,26.913726,75.75282,26.953726,75.792821,1900-01-01 14:00:00,1900-01-01 14:05:00,6,0,0,3,3,0.0,1,1,32.0,5.958831946914462,5.0,14,14,0,Average,26-35,Long
0x8b01,VADRES06DEL01,33,4.7,22.31279,73.170283,22.42279,73.280283,1900-01-01 20:30:00,1900-01-01 20:35:00,0,1,0,0,3,2.0,2,1,43.0,16.659838319169715,5.0,20,20,1,Good,26-35,Very Long
0x7d4d,HYDRES04DEL03,29,4.9,17.411028,78.329645,17.441028,78.359645,1900-01-01 17:50:00,1900-01-01 18:00:00,2,3,2,1,4,1.0,1,1,23.0,4.610613705052656,10.0,17,18,0,Excellent,26-35,Medium
0xb40c,PUNERES12DEL01,31,4.6,18.520016,73.830547,18.560016,73.870547,1900-01-01 12:40:00,1900-01-01 12:50:00,4,0,0,2,3,1.0,1,1,25.0,6.129085334979291,10.0,12,12,0,Good,26-35,Long
0x9ed4,HYDRES010DEL01,26,4.6,17.428294,78.404423,17.468294,78.444423,1900-01-01 16:20:00,1900-01-01 16:35:00,4,3,2,1,2,1.0,1,1,11.0,6.147127365910596,15.0,16,16,0,Good,26-35,Long
0x8ed5,VADRES12DEL03,33,4.7,0.0,0.0,0.06,0.06,1900-01-01 21:10:00,1900-01-01 21:15:00,1,1,0,0,3,0.0,1,1,31.0,9.435201537430713,5.0,21,21,1,Good,26-35,Long
0x4607,INDORES13DEL02,37,4.9,22.745049,75.892471,22.765049,75.912471,1900-01-01 11:30:00,1900-01-01 11:45:00,4,0,2,3,3,0.0,1,3,24.0,3.0251492856775037,15.0,11,11,0,Excellent,36-45,Medium
0xb379_y,BANGRES18DEL02,34,4.5,12.913041,77.683237,13.043041,77.813237,1900-01-01 19:45:00,1900-01-01 19:50:00,3,1,2,3,4,1.0,1,1,33.0,20.183529728733618,5.0,19,19,1,Good,26-35,Very Long
0x20f7_y,BANGRES18DEL01,37,4.4,12.913041,77.683237,12.953041,77.723237,1900-01-01 13:50:00,1900-01-01 13:55:00,6,0,0,0,3,2.0,1,1,42.0,6.21086415606354,5.0,13,13,0,Average,36-45,Long
0x7804_y,HYDRES13DEL02,28,4.9,17.431477,78.40035,17.451477,78.42035,1900-01-01 11:00:00,1900-01-01 11:15:00,2,2,1,2,4,1.0,1,3,19.0,3.0736184684147863,15.0,11,11,0,Excellent,26-35,Medium
0x7faf_y,RANCHIRES07DEL01,37,4.6,23.359407,85.325055,23.429407,85.395055,1900-01-01 23:50:00,1900-01-01 00:00:00,3,2,0,2,3,1.0,1,1,25.0,10.56497410160339,10.0,23,0,0,Good,36-45,Very Long
0x5218_y,BANGRES02DEL02,20,4.7,12.970221,77.645396,13.100221,77.775396,1900-01-01 18:00:00,1900-01-01 18:10:00,4,3,1,1,4,0.0,1,1,14.0,20.18126391655723,10.0,18,18,1,Good,18-25,Very Long
0xcafe_y,ALHRES13DEL02,32,4.8,25.451646,81.832796,25.581646,81.962796,1900-01-01 22:15:00,1900-01-01 22:25:00,3,2,2,0,4,1.0,1,4,29.0,19.471476176410082,10.0,22,22,0,Excellent,26-35,Very Long
0x8c03_y,COIMBRES09DEL01,34,5.0,11.008638,76.984311,11.078638,77.054311,1900-01-01 18:30:00,1900-01-01 18:45:00,2,3,1,0,3,1.0,1,3,22.0,10.90628903651029,15.0,18,18,1,Excellent,26-35,Very Long
0xceec_y,KNPRES04DEL03,37,4.6,26.471529,80.313458,26.501529,80.343458,1900-01-01 17:50:00,1900-01-01 18:00:00,1,3,0,0,3,1.0,1,1,28.0,4.476870823146776,10.0,17,18,0,Good,36-45,Medium
0xdf0d,DEHRES18DEL03,26,4.9,0.0,0.0,0.03,0.03,1900-01-01 21:00:00,1900-01-01 21:05:00,6,1,0,2,3,0.0,1,1,36.0,4.717601092054723,5.0,21,21,1,Excellent,26-35,Medium
